calculated_aov,reported_aov,absolute_gap
2749.6666666666665,2749,0.6666666666665151
2128.0,2128,0.0
2704.6666666666665,2704,0.6666666666665151
2713.0,2713,0.0
2732.0,2732,0.0
2707.0,2707,0.0
2706.3333333333335,2706,0.3333333333334849
2737.0,2737,0.0
2702.0,2702,0.0
2697.0,2697,0.0
2696.0,2696,0.0
2711.0,2711,0.0
40.5,40,0.5
57.0,57,0.0
69.0,69,0.0
2501.0,2501,0.0
2332.0,2332,0.0
2144.6666666666665,2144,0.6666666666665151
2177.6666666666665,2177,0.6666666666665151
51.76470588235294,51,0.764705882352942
2317.0,2317,0.0
2372.0,2372,0.0
2322.0,2322,0.0
61.0,61,0.0
28.0,28,0.0
2192.3333333333335,2192,0.3333333333334849
2191.6666666666665,2191,0.6666666666665151
2197.0,2197,0.0
2158.0,2158,0.0
2188.3333333333335,2188,0.3333333333334849
2157.0,2157,0.0
2159.3333333333335,2159,0.3333333333334849
2175.0,2175,0.0
2165.0,2165,0.0
2163.6666666666665,2163,0.6666666666665151
2150.3333333333335,2150,0.3333333333334849
2355.0,2355,0.0
2374.0,2374,0.0
2145.6666666666665,2145,0.6666666666665151
2212.0,2212,0.0
2351.0,2351,0.0
2381.0,2381,0.0
1556.0,1556,0.0
24.0,24,0.0
2171.6666666666665,2171,0.6666666666665151
57.5,57,0.5
2205.3333333333335,2205,0.3333333333334849
2194.0,2194,0.0
2166.0,2166,0.0
40.5,40,0.5
1669.0,1669,0.0
62.0,62,0.0
2710.3333333333335,2710,0.3333333333334849
2330.0,2330,0.0
2741.0,2741,0.0
2722.6666666666665,2722,0.6666666666665151
2735.6666666666665,2735,0.6666666666665151
2696.0,2696,0.0
2749.3333333333335,2749,0.3333333333334849
39.0,39,0.0
2717.6666666666665,2717,0.6666666666665151
2709.6666666666665,2709,0.6666666666665151
2352.0,2352,0.0
2373.0,2373,0.0
2305.0,2305,0.0
101.0,101,0.0
40.5,40,0.5
52.5,52,0.5
37.666666666666664,37,0.6666666666666643
2701.3333333333335,2701,0.3333333333334849
2721.6666666666665,2721,0.6666666666665151
36.666666666666664,36,0.6666666666666643
2731.3333333333335,2731,0.3333333333334849
64.0,64,0.0
31.333333333333332,31,0.33333333333333215
2689.3333333333335,2689,0.3333333333334849
2719.6666666666665,2719,0.6666666666665151
2723.0,2723,0.0
53.64705882352941,53,0.647058823529413
19.333333333333332,19,0.33333333333333215
2734.6666666666665,2734,0.6666666666665151
52.0,52,0.0
1555.0,1555,0.0
1568.5,1568,0.5
1539.0,1539,0.0
64.5,64,0.5
76.5,76,0.5
100.0,100,0.0
1588.0,1588,0.0
1594.0,1594,0.0
2234.3333333333335,2234,0.3333333333334849
42.357142857142854,42,0.3571428571428541
2703.3333333333335,2703,0.3333333333334849
2726.6666666666665,2726,0.6666666666665151
78.66666666666667,78,0.6666666666666714
2719.3333333333335,2719,0.3333333333334849
2687.6666666666665,2687,0.6666666666665151
2699.6666666666665,2699,0.6666666666665151
29.666666666666668,29,0.6666666666666679
2738.6666666666665,2738,0.6666666666665151
2724.0,2724,0.0
2754.0,2754,0.0
34.333333333333336,34,0.3333333333333357
2727.3333333333335,2727,0.3333333333334849
2724.3333333333335,2724,0.3333333333334849
2698.6666666666665,2698,0.6666666666665151
2693.0,2693,0.0
2723.6666666666665,2723,0.6666666666665151
2708.0,2708,0.0
2748.3333333333335,2748,0.3333333333334849
2697.6666666666665,2697,0.6666666666665151
2712.3333333333335,2712,0.3333333333334849
2765.0,2765,0.0
36.666666666666664,36,0.6666666666666643
41.0,41,0.0
38.0,38,0.0
49.666666666666664,49,0.6666666666666643
2728.3333333333335,2728,0.3333333333334849
41.333333333333336,41,0.3333333333333357
42.5,42,0.5
2747.3333333333335,2747,0.3333333333334849
19.333333333333332,19,0.33333333333333215
14.333333333333334,14,0.3333333333333339
50.0,50,0.0
2709.6666666666665,2709,0.6666666666665151
26.333333333333332,26,0.33333333333333215
1657.0,1657,0.0
22.0,22,0.0
72.0,72,0.0
2936.5,2936,0.5
37.0,37,0.0
33.2,33,0.20000000000000284
2372.0,2372,0.0
72.0,72,0.0
1637.0,1637,0.0
2335.0,2335,0.0
2381.0,2381,0.0
101.0,101,0.0
39.5,39,0.5
42.0,42,0.0
40.0,40,0.0
57.0,57,0.0
57.588235294117645,57,0.588235294117645
24.0,24,0.0
2400.0,2400,0.0
2310.0,2310,0.0
37.666666666666664,37,0.6666666666666643
2731.6666666666665,2731,0.6666666666665151
42.0,42,0.0
13.666666666666666,13,0.6666666666666661
64.0,64,0.0
2695.6666666666665,2695,0.6666666666665151
2295.0,2295,0.0
55.0,55,0.0
2320.0,2320,0.0
2320.0,2320,0.0
2390.0,2390,0.0
20.5,20,0.5
2396.0,2396,0.0
24.0,24,0.0
2322.0,2322,0.0
47.0,47,0.0
2330.0,2330,0.0
23.0,23,0.0
72.5,72,0.5
51.5,51,0.5
44.0,44,0.0
1563.0,1563,0.0
1568.0,1568,0.0
40.5,40,0.5
78.5,78,0.5
2238.6666666666665,2238,0.6666666666665151
64.5,64,0.5
51.5,51,0.5
24.0,24,0.0
2236.6666666666665,2236,0.6666666666665151
47.035714285714285,47,0.0357142857142847
67.5,67,0.5
72.5,72,0.5
62.5,62,0.5
69.0,69,0.0
20.5,20,0.5
40.5,40,0.5
23.0,23,0.0
34.0,34,0.0
59.851851851851855,59,0.8518518518518547
20.5,20,0.5
54.0,54,0.0
40.5,40,0.5
2972.0,2972,0.0
23.0,23,0.0
2247.6666666666665,2247,0.6666666666665151
57.0,57,0.0
20.5,20,0.5
52.5,52,0.5
52.5,52,0.5
81.0,81,0.0
103.5,103,0.5
49.0,49,0.0
66.0,66,0.0
54.111111111111114,54,0.11111111111111427
90.5,90,0.5
37.0,37,0.0
47.05882352941177,47,0.05882352941176805
38.5,38,0.5
18.5,18,0.5
38.5,38,0.5
38.5,38,0.5
67.0,67,0.0
18.5,18,0.5
35.0,35,0.0
46.588235294117645,46,0.588235294117645
48.470588235294116,48,0.470588235294116
38.5,38,0.5
81.0,81,0.0
67.88235294117646,67,0.8823529411764639
2974.0,2974,0.0
2976.5,2976,0.5
19.5,19,0.5
19.5,19,0.5
25.0,25,0.0
23.0,23,0.0
104.0,104,0.0
47.888888888888886,47,0.8888888888888857
2228.3333333333335,2228,0.3333333333334849
36.5,36,0.5
18.5,18,0.5
2955.0,2955,0.0
38.5,38,0.5
40.5,40,0.5
27.0,27,0.0
32.0,32,0.0
19.5,19,0.5
89.5,89,0.5
38.0,38,0.0
69.0,69,0.0
57.0,57,0.0
2641.5,2641,0.5
1885.75,1885,0.75
1877.75,1877,0.75
1896.5,1896,0.5
1638.2857142857142,1638,0.28571428571422075
1581.0,1581,0.0
1791.0,1791,0.0
1793.75,1793,0.75
2645.0,2645,0.0
2643.75,2643,0.75
1782.75,1782,0.75
38.0,38,0.0
2472.5,2472,0.5
1778.75,1778,0.75
2319.0,2319,0.0
2228.3333333333335,2228,0.3333333333334849
43.4375,43,0.4375
102.0,102,0.0
57.0,57,0.0
40.5,40,0.5
2225.3333333333335,2225,0.3333333333334849
24.5,24,0.5
2256.6666666666665,2256,0.6666666666665151
40.5,40,0.5
2216.6666666666665,2216,0.6666666666665151
41.629629629629626,41,0.6296296296296262
2251.0,2251,0.0
1591.0,1591,0.0
2352.0,2352,0.0
2961.0,2961,0.0
2971.5,2971,0.5
49.0,49,0.0
21.0,21,0.0
2992.0,2992,0.0
2986.5,2986,0.5
2987.5,2987,0.5
136.5,136,0.5
2944.0,2944,0.0
2977.5,2977,0.5
36.55555555555556,36,0.5555555555555571
53.111111111111114,53,0.11111111111111427
2954.0,2954,0.0
22.0,22,0.0
38.5,38,0.5
2960.5,2960,0.5
2999.5,2999,0.5
22.0,22,0.0
27.5,27,0.5
64.0,64,0.0
2977.0,2977,0.0
43.148148148148145,43,0.14814814814814525
38.5,38,0.5
2952.5,2952,0.5
2966.5,2966,0.5
2936.5,2936,0.5
2955.0,2955,0.0
42.5,42,0.5
21.0,21,0.0
3029.0,3029,0.0
2948.5,2948,0.5
2974.0,2974,0.0
2961.0,2961,0.0
3007.5,3007,0.5
55.51851851851852,55,0.518518518518519
65.5,65,0.5
2969.0,2969,0.0
2937.5,2937,0.5
61.0,61,0.0
38.5,38,0.5
21.0,21,0.0
2982.0,2982,0.0
47.0,47,0.0
21.0,21,0.0
38.5,38,0.5
38.5,38,0.5
21.0,21,0.0
22.0,22,0.0
23.5,23,0.5
21.0,21,0.0
2350.0,2350,0.0
2936.5,2936,0.5
22.0,22,0.0
2965.0,2965,0.0
36.0,36,0.0
18.5,18,0.5
22.0,22,0.0
3037.0,3037,0.0
2972.5,2972,0.5
3022.0,3022,0.0
2974.0,2974,0.0
2957.5,2957,0.5
2359.0,2359,0.0
2949.0,2949,0.0
42.0,42,0.0
49.148148148148145,49,0.14814814814814525
2877.5,2877,0.5
2721.0,2721,0.0
2718.0,2718,0.0
2872.0,2872,0.0
2220.5,2220,0.5
2720.6666666666665,2720,0.6666666666665151
2872.5,2872,0.5
2189.5,2189,0.5
2206.5,2206,0.5
2730.6666666666665,2730,0.6666666666665151
49.0,49,0.0
2740.6666666666665,2740,0.6666666666665151
2706.3333333333335,2706,0.3333333333334849
2202.0,2202,0.0
2251.5,2251,0.5
14.0,14,0.0
68.0,68,0.0
68.0,68,0.0
38.0,38,0.0
2689.3333333333335,2689,0.3333333333334849
14.0,14,0.0
2692.6666666666665,2692,0.6666666666665151
23.0,23,0.0
14.0,14,0.0
1689.6666666666667,1689,0.6666666666667425
1647.6666666666667,1647,0.6666666666667425
1678.0,1678,0.0
1653.0,1653,0.0
1675.0,1675,0.0
57.5,57,0.5
38.5,38,0.5
1678.3333333333333,1678,0.33333333333325754
1640.3333333333333,1640,0.33333333333325754
1674.6666666666667,1674,0.6666666666667425
38.5,38,0.5
43.0,43,0.0
1701.6666666666667,1701,0.6666666666667425
59.5,59,0.5
40.0,40,0.0
37.5,37,0.5
1655.0,1655,0.0
38.0,38,0.0
69.0,69,0.0
14.0,14,0.0
78.0,78,0.0
84.0,84,0.0
2218.0,2218,0.0
2213.0,2213,0.0
2919.0,2919,0.0
2720.3333333333335,2720,0.3333333333334849
2172.0,2172,0.0
49.0,49,0.0
49.0,49,0.0
14.0,14,0.0
69.0,69,0.0
2319.6666666666665,2319,0.6666666666665151
2329.0,2329,0.0
69.0,69,0.0
49.0,49,0.0
34.0,34,0.0
29.0,29,0.0
14.0,14,0.0
2720.6666666666665,2720,0.6666666666665151
2865.0,2865,0.0
29.0,29,0.0
38.0,38,0.0
2704.6666666666665,2704,0.6666666666665151
14.0,14,0.0
2322.6666666666665,2322,0.6666666666665151
1673.3333333333333,1673,0.33333333333325754
1686.3333333333333,1686,0.33333333333325754
1677.3333333333333,1677,0.33333333333325754
34.0,34,0.0
54.0,54,0.0
2207.5,2207,0.5
54.0,54,0.0
34.0,34,0.0
2222.0,2222,0.0
2232.0,2232,0.0
38.0,38,0.0
2470.0,2470,0.0
1797.5,1797,0.5
1797.75,1797,0.75
14.0,14,0.0
1642.6666666666667,1642,0.6666666666667425
1606.857142857143,1606,0.8571428571428896
40.0,40,0.0
115.5,115,0.5
1600.0,1600,0.0
2445.0,2445,0.0
1768.75,1768,0.75
2476.25,2476,0.25
44.0,44,0.0
1754.6666666666667,1754,0.6666666666667425
35.0,35,0.0
2479.5,2479,0.5
2488.5,2488,0.5
1744.6666666666667,1744,0.6666666666667425
85.0,85,0.0
2478.25,2478,0.25
1555.0,1555,0.0
2152.3333333333335,2152,0.3333333333334849
35.0,35,0.0
35.0,35,0.0
40.5,40,0.5
54.0,54,0.0
35.0,35,0.0
2081.3333333333335,2081,0.3333333333334849
78.0,78,0.0
44.0,44,0.0
35.0,35,0.0
2745.0,2745,0.0
2712.0,2712,0.0
2699.3333333333335,2699,0.3333333333334849
2745.6666666666665,2745,0.6666666666665151
2692.6666666666665,2692,0.6666666666665151
2710.6666666666665,2710,0.6666666666665151
2710.0,2710,0.0
2724.3333333333335,2724,0.3333333333334849
2750.0,2750,0.0
2727.6666666666665,2727,0.6666666666665151
2725.6666666666665,2725,0.6666666666665151
2696.3333333333335,2696,0.3333333333334849
2714.0,2714,0.0
2741.3333333333335,2741,0.3333333333334849
2737.0,2737,0.0
32.333333333333336,32,0.3333333333333357
2713.6666666666665,2713,0.6666666666665151
2712.3333333333335,2712,0.3333333333334849
2696.3333333333335,2696,0.3333333333334849
2705.3333333333335,2705,0.3333333333334849
16.0,16,0.0
2709.3333333333335,2709,0.3333333333334849
2719.3333333333335,2719,0.3333333333334849
30.0,30,0.0
18.666666666666668,18,0.6666666666666679
2320.0,2320,0.0
25.0,25,0.0
2172.0,2172,0.0
54.0,54,0.0
2721.6666666666665,2721,0.6666666666665151
63.0,63,0.0
49.0,49,0.0
69.0,69,0.0
54.0,54,0.0
35.0,35,0.0
54.0,54,0.0
1656.6666666666667,1656,0.6666666666667425
1645.0,1645,0.0
1659.3333333333333,1659,0.33333333333325754
2714.3333333333335,2714,0.3333333333334849
1655.3333333333333,1655,0.33333333333325754
1661.6666666666667,1661,0.6666666666667425
2349.6666666666665,2349,0.6666666666665151
35.0,35,0.0
54.0,54,0.0
2696.6666666666665,2696,0.6666666666665151
2709.0,2709,0.0
54.0,54,0.0
2719.3333333333335,2719,0.3333333333334849
2202.0,2202,0.0
2319.6666666666665,2319,0.6666666666665151
2324.6666666666665,2324,0.6666666666665151
14.0,14,0.0
2338.0,2338,0.0
35.0,35,0.0
35.0,35,0.0
96.0,96,0.0
40.8125,40,0.8125
54.4375,54,0.4375
63.75,63,0.75
30.5,30,0.5
22.0,22,0.0
52.8125,52,0.8125
46.75,46,0.75
40.6875,40,0.6875
38.5,38,0.5
196.0,196,0.0
51.4,51,0.3999999999999986
35.0,35,0.0
2320.0,2320,0.0
863.0,863,0.0
40.0,40,0.0
2965.0,2965,0.0
2957.5,2957,0.5
50.5,50,0.5
41.0,41,0.0
47.25,47,0.25
51.375,51,0.375
22.0,22,0.0
2944.0,2944,0.0
2377.0,2377,0.0
21.0,21,0.0
2967.5,2967,0.5
2377.0,2377,0.0
19.5,19,0.5
2979.5,2979,0.5
2972.0,2972,0.0
35.75,35,0.75
2937.5,2937,0.5
22.0,22,0.0
18.5,18,0.5
2959.5,2959,0.5
2959.5,2959,0.5
2957.5,2957,0.5
2936.5,2936,0.5
2947.5,2947,0.5
2998.5,2998,0.5
2979.0,2979,0.0
2986.5,2986,0.5
34.0,34,0.0
54.0,54,0.0
89.0,89,0.0
54.0,54,0.0
2230.0,2230,0.0
1658.6666666666667,1658,0.6666666666667425
2356.0,2356,0.0
2341.3333333333335,2341,0.3333333333334849
1747.0,1747,0.0
54.0,54,0.0
35.0,35,0.0
21.0,21,0.0
35.0,35,0.0
35.0,35,0.0
21.0,21,0.0
21.0,21,0.0
21.0,21,0.0
35.0,35,0.0
54.0,54,0.0
2172.0,2172,0.0
85.0,85,0.0
54.0,54,0.0
2184.5,2184,0.5
35.0,35,0.0
40.08,40,0.0799999999999983
54.0,54,0.0
2263.0,2263,0.0
35.0,35,0.0
2195.5,2195,0.5
2195.0,2195,0.0
2225.0,2225,0.0
35.0,35,0.0
35.0,35,0.0
2268.6666666666665,2268,0.6666666666665151
2243.0,2243,0.0
2172.0,2172,0.0
2203.0,2203,0.0
44.0,44,0.0
35.0,35,0.0
47.4,47,0.3999999999999986
2189.5,2189,0.5
2190.5,2190,0.5
9.0,9,0.0
50.0,50,0.0
9.0,9,0.0
2270.0,2270,0.0
2184.5,2184,0.5
15.0,15,0.0
2192.0,2192,0.0
2947.5,2947,0.5
2937.5,2937,0.5
2954.0,2954,0.0
89.0,89,0.0
35.0,35,0.0
50.0,50,0.0
35.0,35,0.0
2274.0,2274,0.0
2978.5,2978,0.5
35.0,35,0.0
2966.0,2966,0.0
35.0,35,0.0
2255.6666666666665,2255,0.6666666666665151
2262.0,2262,0.0
2172.0,2172,0.0
2961.0,2961,0.0
2956.5,2956,0.5
35.0,35,0.0
2290.6666666666665,2290,0.6666666666665151
2262.0,2262,0.0
2936.5,2936,0.5
2265.0,2265,0.0
2190.5,2190,0.5
2219.0,2219,0.0
1735.0,1735,0.0
1751.0,1751,0.0
2967.5,2967,0.5
2370.0,2370,0.0
39.5625,39,0.5625
22.0,22,0.0
61.5,61,0.5
66.5,66,0.5
2974.0,2974,0.0
2949.0,2949,0.0
2956.5,2956,0.5
2979.5,2979,0.5
25.0,25,0.0
2937.5,2937,0.5
2965.0,2965,0.0
2966.5,2966,0.5
44.125,44,0.125
62.5625,62,0.5625
38.5,38,0.5
19.5,19,0.5
21.0,21,0.0
38.5,38,0.5
19.5,19,0.5
38.5,38,0.5
63.5,63,0.5
81.6,81,0.5999999999999943
60.4,60,0.3999999999999986
96.2,96,0.20000000000000284
50.0,50,0.0
21.0,21,0.0
76.5,76,0.5
56.5,56,0.5
2366.0,2366,0.0
44.5,44,0.5
45.5,45,0.5
64.5,64,0.5
45.2,45,0.20000000000000284
62.0,62,0.0
89.5,89,0.5
2977.5,2977,0.5
25.0,25,0.0
38.5,38,0.5
89.5,89,0.5
56.0,56,0.0
46.8,46,0.7999999999999972
64.6,64,0.5999999999999943
57.4,57,0.3999999999999986
50.0,50,0.0
2974.0,2974,0.0
2974.0,2974,0.0
2965.0,2965,0.0
2974.0,2974,0.0
45.5,45,0.5
64.5,64,0.5
56.5,56,0.5
50.0,50,0.0
2985.0,2985,0.0
56.5,56,0.5
96.0,96,0.0
48.0,48,0.0
2949.0,2949,0.0
45.5,45,0.5
59.4,59,0.3999999999999986
2950.0,2950,0.0
73.0,73,0.0
47.0,47,0.0
69.0,69,0.0
126.5,126,0.5
2948.5,2948,0.5
47.0,47,0.0
55.5,55,0.5
64.5,64,0.5
49.0,49,0.0
2983.5,2983,0.5
44.5,44,0.5
2952.0,2952,0.0
60.0,60,0.0
47.0,47,0.0
2295.0,2295,0.0
64.5,64,0.5
64.5,64,0.5
2936.5,2936,0.5
76.5,76,0.5
51.0,51,0.0
61.0,61,0.0
69.0,69,0.0
64.5,64,0.5
48.0,48,0.0
50.0,50,0.0
47.0,47,0.0
2970.0,2970,0.0
44.5,44,0.5
3012.5,3012,0.5
2954.0,2954,0.0
65.0,65,0.0
49.0,49,0.0
40.888888888888886,40,0.8888888888888857
25.6,25,0.6000000000000014
96.0,96,0.0
47.0,47,0.0
72.0,72,0.0
48.0,48,0.0
96.5,96,0.5
50.0,50,0.0
57.2,57,0.20000000000000284
59.0,59,0.0
52.5,52,0.5
76.5,76,0.5
38.6,38,0.6000000000000014
42.0,42,0.0
62.0,62,0.0
112.0,112,0.0
2981.0,2981,0.0
55.0,55,0.0
80.0,80,0.0
67.0,67,0.0
60.5,60,0.5
87.0,87,0.0
97.5,97,0.5
68.0,68,0.0
55.0,55,0.0
83.0,83,0.0
38.5,38,0.5
66.0,66,0.0
2379.0,2379,0.0
76.8,76,0.7999999999999972
3039.5,3039,0.5
2957.5,2957,0.5
2949.0,2949,0.0
36.0,36,0.0
2974.0,2974,0.0
38.5,38,0.5
58.0,58,0.0
26.4,26,0.3999999999999986
16.0,16,0.0
2716.0,2716,0.0
2738.3333333333335,2738,0.3333333333334849
46.0,46,0.0
16.0,16,0.0
2721.0,2721,0.0
15.333333333333334,15,0.3333333333333339
2692.6666666666665,2692,0.6666666666665151
19.0,19,0.0
19.0,19,0.0
2684.6666666666665,2684,0.6666666666665151
91.66666666666667,91,0.6666666666666714
2716.3333333333335,2716,0.3333333333334849
2742.6666666666665,2742,0.6666666666665151
25.333333333333332,25,0.33333333333333215
2709.6666666666665,2709,0.6666666666665151
2714.3333333333335,2714,0.3333333333334849
2760.0,2760,0.0
2773.0,2773,0.0
2713.0,2713,0.0
95.6,95,0.5999999999999943
38.5,38,0.5
47.0,47,0.0
2956.5,2956,0.5
2992.0,2992,0.0
2950.0,2950,0.0
2956.5,2956,0.5
3039.5,3039,0.5
2957.5,2957,0.5
2936.5,2936,0.5
2936.5,2936,0.5
2986.5,2986,0.5
67.0,67,0.0
75.5,75,0.5
55.0,55,0.0
54.4,54,0.3999999999999986
37.5,37,0.5
63.5,63,0.5
55.0,55,0.0
127.5,127,0.5
36.0,36,0.0
73.5,73,0.5
60.0,60,0.0
60.0,60,0.0
51.0,51,0.0
38.5,38,0.5
37.5,37,0.5
2997.5,2997,0.5
2986.0,2986,0.0
2976.5,2976,0.5
2960.5,2960,0.5
38.5,38,0.5
43.5,43,0.5
42.8,42,0.7999999999999972
115.0,115,0.0
67.0,67,0.0
64.5,64,0.5
48.0,48,0.0
76.5,76,0.5
121.8,121,0.7999999999999972
2964.5,2964,0.5
2986.5,2986,0.5
2949.0,2949,0.0
2950.0,2950,0.0
2976.5,2976,0.5
50.5,50,0.5
2974.0,2974,0.0
2966.5,2966,0.5
2949.0,2949,0.0
2977.0,2977,0.0
48.0,48,0.0
46.4,46,0.3999999999999986
75.5,75,0.5
43.5,43,0.5
52.6,52,0.6000000000000014
48.0,48,0.0
2950.0,2950,0.0
2949.0,2949,0.0
102.2,102,0.20000000000000284
47.0,47,0.0
65.5,65,0.5
2965.0,2965,0.0
2966.5,2966,0.5
62.5,62,0.5
48.0,48,0.0
2954.0,2954,0.0
2386.0,2386,0.0
35.0,35,0.0
2961.5,2961,0.5
67.5,67,0.5
2977.5,2977,0.5
43.5,43,0.5
61.4,61,0.3999999999999986
49.5,49,0.5
58.0,58,0.0
62.5,62,0.5
49.25,49,0.25
42.5,42,0.5
62.5,62,0.5
46.0,46,0.0
129.0,129,0.0
74.5,74,0.5
42.5,42,0.5
62.5,62,0.5
45.0,45,0.0
2992.5,2992,0.5
45.0,45,0.0
67.0,67,0.0
62.5,62,0.5
42.5,42,0.5
36.0,36,0.0
35.0,35,0.0
57.4,57,0.3999999999999986
104.5,104,0.5
24.0,24,0.0
24.0,24,0.0
57.5,57,0.5
21.5,21,0.5
41.5,41,0.5
49.6,49,0.6000000000000014
53.6,53,0.6000000000000014
121.0,121,0.0
35.0,35,0.0
2974.0,2974,0.0
2961.5,2961,0.5
36.0,36,0.0
58.4,58,0.3999999999999986
41.5,41,0.5
21.5,21,0.5
41.5,41,0.5
53.5,53,0.5
25.0,25,0.0
74.5,74,0.5
24.0,24,0.0
38.5,38,0.5
55.0,55,0.0
2950.0,2950,0.0
2948.5,2948,0.5
41.5,41,0.5
2377.0,2377,0.0
25.0,25,0.0
65.0,65,0.0
55.0,55,0.0
2706.3333333333335,2706,0.3333333333334849
2707.6666666666665,2707,0.6666666666665151
2741.0,2741,0.0
2716.3333333333335,2716,0.3333333333334849
2706.0,2706,0.0
2734.3333333333335,2734,0.3333333333334849
2726.3333333333335,2726,0.3333333333334849
2729.6666666666665,2729,0.6666666666665151
2752.3333333333335,2752,0.3333333333334849
2749.3333333333335,2749,0.3333333333334849
20.666666666666668,20,0.6666666666666679
2702.6666666666665,2702,0.6666666666665151
2738.0,2738,0.0
2718.6666666666665,2718,0.6666666666665151
2717.0,2717,0.0
2711.6666666666665,2711,0.6666666666665151
2693.0,2693,0.0
2701.6666666666665,2701,0.6666666666665151
2704.3333333333335,2704,0.3333333333334849
20.666666666666668,20,0.6666666666666679
2698.3333333333335,2698,0.3333333333334849
13.666666666666666,13,0.6666666666666661
2722.0,2722,0.0
2714.3333333333335,2714,0.3333333333334849
2726.3333333333335,2726,0.3333333333334849
2707.0,2707,0.0
2735.0,2735,0.0
2724.0,2724,0.0
2718.6666666666665,2718,0.6666666666665151
21.0,21,0.0
55.2,55,0.20000000000000284
21.5,21,0.5
2948.5,2948,0.5
2984.0,2984,0.0
24.0,24,0.0
26.0,26,0.0
24.0,24,0.0
1655.0,1655,0.0
1678.3333333333333,1678,0.33333333333325754
117.0,117,0.0
68.0,68,0.0
2966.5,2966,0.5
2997.0,2997,0.0
35.0,35,0.0
42.0,42,0.0
2944.0,2944,0.0
21.5,21,0.5
2988.5,2988,0.5
35.0,35,0.0
54.5,54,0.5
1609.0,1609,0.0
1578.0,1578,0.0
1592.0,1592,0.0
2955.0,2955,0.0
1565.6666666666667,1565,0.6666666666667425
1582.3333333333333,1582,0.33333333333325754
41.0,41,0.0
35.0,35,0.0
55.0,55,0.0
21.0,21,0.0
2723.0,2723,0.0
32.5,32,0.5
2955.0,2955,0.0
2976.5,2976,0.5
2936.5,2936,0.5
45.5,45,0.5
80.0,80,0.0
69.5,69,0.5
37.5,37,0.5
36.0,36,0.0
51.5,51,0.5
2689.3333333333335,2689,0.3333333333334849
2724.3333333333335,2724,0.3333333333334849
39.333333333333336,39,0.3333333333333357
18.333333333333332,18,0.33333333333333215
2717.6666666666665,2717,0.6666666666665151
2693.0,2693,0.0
2724.3333333333335,2724,0.3333333333334849
55.0,55,0.0
67.0,67,0.0
32.5,32,0.5
44.5,44,0.5
56.5,56,0.5
104.5,104,0.5
2695.6666666666665,2695,0.6666666666665151
2737.6666666666665,2737,0.6666666666665151
37.5,37,0.5
2407.0,2407,0.0
54.0,54,0.0
60.0,60,0.0
52.5,52,0.5
2936.5,2936,0.5
2365.0,2365,0.0
45.0,45,0.0
2748.3333333333335,2748,0.3333333333334849
92.66666666666667,92,0.6666666666666714
2692.6666666666665,2692,0.6666666666665151
2713.3333333333335,2713,0.3333333333334849
2721.3333333333335,2721,0.3333333333334849
2709.3333333333335,2709,0.3333333333334849
2707.6666666666665,2707,0.6666666666665151
2710.3333333333335,2710,0.3333333333334849
2723.0,2723,0.0
2749.6666666666665,2749,0.6666666666665151
2353.0,2353,0.0
2343.3333333333335,2343,0.3333333333334849
2320.6666666666665,2320,0.6666666666665151
2347.6666666666665,2347,0.6666666666665151
2727.6666666666665,2727,0.6666666666665151
2704.3333333333335,2704,0.3333333333334849
2715.0,2715,0.0
2752.0,2752,0.0
2704.6666666666665,2704,0.6666666666665151
2328.3333333333335,2328,0.3333333333334849
48.0,48,0.0
2341.3333333333335,2341,0.3333333333334849
26.333333333333332,26,0.33333333333333215
2731.6666666666665,2731,0.6666666666665151
2734.3333333333335,2734,0.3333333333334849
1578.6666666666667,1578,0.6666666666667425
24.666666666666668,24,0.6666666666666679
1975.0,1975,0.0
1975.0,1975,0.0
62.0,62,0.0
2956.5,2956,0.5
2340.0,2340,0.0
3006.0,3006,0.0
75.0,75,0.0
804.0,804,0.0
2022.0,2022,0.0
68.0,68,0.0
2966.5,2966,0.5
42.0,42,0.0
2955.0,2955,0.0
2988.5,2988,0.5
2956.5,2956,0.5
40.0,40,0.0
55.0,55,0.0
2985.0,2985,0.0
769.0,769,0.0
615.0,615,0.0
2974.5,2974,0.5
24.666666666666668,24,0.6666666666666679
27.0,27,0.0
23.0,23,0.0
2369.0,2369,0.0
30.333333333333332,30,0.33333333333333215
2737.3333333333335,2737,0.3333333333334849
25.5,25,0.5
2999.0,2999,0.0
2987.5,2987,0.5
52.0,52,0.0
53.0,53,0.0
33.0,33,0.0
22.0,22,0.0
22.0,22,0.0
67.0,67,0.0
85.5,85,0.5
3012.0,3012,0.0
45.0,45,0.0
2967.5,2967,0.5
2986.5,2986,0.5
80.6,80,0.5999999999999943
26.0,26,0.0
63.5,63,0.5
43.5,43,0.5
2968.0,2968,0.0
2965.0,2965,0.0
2406.0,2406,0.0
35.0,35,0.0
43.5,43,0.5
42.5,42,0.5
61.0,61,0.0
46.0,46,0.0
42.5,42,0.5
67.0,67,0.0
47.0,47,0.0
2948.5,2948,0.5
42.5,42,0.5
2986.5,2986,0.5
2975.5,2975,0.5
67.0,67,0.0
65.25,65,0.25
2966.5,2966,0.5
2936.5,2936,0.5
43.5,43,0.5
2987.5,2987,0.5
3004.0,3004,0.0
2355.0,2355,0.0
2367.0,2367,0.0
2956.5,2956,0.5
2996.5,2996,0.5
2992.5,2992,0.5
54.0,54,0.0
2295.0,2295,0.0
46.0,46,0.0
85.5,85,0.5
2355.0,2355,0.0
2351.0,2351,0.0
42.0,42,0.0
25.5,25,0.5
23.0,23,0.0
2981.0,2981,0.0
28.5,28,0.5
2950.0,2950,0.0
59.5,59,0.5
42.0,42,0.0
22.0,22,0.0
65.0,65,0.0
46.0,46,0.0
2951.5,2951,0.5
2998.5,2998,0.5
2954.0,2954,0.0
2996.5,2996,0.5
42.25,42,0.25
55.5,55,0.5
2973.0,2973,0.0
2965.0,2965,0.0
2944.0,2944,0.0
97.5,97,0.5
2965.0,2965,0.0
2368.5,2368,0.5
2359.5,2359,0.5
45.0,45,0.0
2966.5,2966,0.5
80.0,80,0.0
3002.0,3002,0.0
81.0,81,0.0
2954.0,2954,0.0
2973.0,2973,0.0
2407.0,2407,0.0
1459.25,1459,0.25
2639.0,2639,0.0
2148.75,2148,0.75
40.5,40,0.5
35.0,35,0.0
2170.25,2170,0.25
2139.25,2139,0.25
1996.75,1996,0.75
2653.0,2653,0.0
2658.8,2658,0.8000000000001819
1457.5,1457,0.5
48.5,48,0.5
42.5,42,0.5
45.25,45,0.25
46.0,46,0.0
60.0,60,0.0
51.5,51,0.5
29.5,29,0.5
2989.5,2989,0.5
2972.5,2972,0.5
2996.5,2996,0.5
25.0,25,0.0
66.5,66,0.5
113.5,113,0.5
67.75,67,0.75
41.5,41,0.5
41.5,41,0.5
21.5,21,0.5
2947.5,2947,0.5
2968.5,2968,0.5
2969.0,2969,0.0
2399.0,2399,0.0
2965.0,2965,0.0
2960.0,2960,0.0
21.5,21,0.5
50.5,50,0.5
64.75,64,0.75
2972.5,2972,0.5
103.5,103,0.5
2956.5,2956,0.5
2972.0,2972,0.0
2954.0,2954,0.0
70.0,70,0.0
40.5,40,0.5
2987.5,2987,0.5
36.5,36,0.5
2974.0,2974,0.0
2954.0,2954,0.0
2992.0,2992,0.0
2965.0,2965,0.0
2964.5,2964,0.5
2936.5,2936,0.5
77.5,77,0.5
81.0,81,0.0
2405.5,2405,0.5
2966.5,2966,0.5
2956.5,2956,0.5
2965.0,2965,0.0
2979.5,2979,0.5
21.75,21,0.75
57.25,57,0.25
2937.5,2937,0.5
25.0,25,0.0
2956.5,2956,0.5
2954.0,2954,0.0
2966.5,2966,0.5
2975.0,2975,0.0
2945.0,2945,0.0
123.0,123,0.0
80.0,80,0.0
2416.5,2416,0.5
41.5,41,0.5
62.0,62,0.0
40.0,40,0.0
24.0,24,0.0
2984.5,2984,0.5
97.5,97,0.5
2967.5,2967,0.5
29.0,29,0.0
42.75,42,0.75
50.0,50,0.0
60.0,60,0.0
25.5,25,0.5
2954.0,2954,0.0
2937.5,2937,0.5
2977.0,2977,0.0
2954.0,2954,0.0
2275.0,2275,0.0
2954.0,2954,0.0
2949.0,2949,0.0
2209.5,2209,0.5
2267.6666666666665,2267,0.6666666666665151
2296.6666666666665,2296,0.6666666666665151
2318.3333333333335,2318,0.3333333333334849
2936.5,2936,0.5
2236.0,2236,0.0
2983.5,2983,0.5
2975.0,2975,0.0
2984.0,2984,0.0
2303.0,2303,0.0
35.0,35,0.0
85.0,85,0.0
2190.5,2190,0.5
2184.0,2184,0.0
44.0,44,0.0
2200.5,2200,0.5
2207.5,2207,0.5
2200.5,2200,0.5
2177.0,2177,0.0
2188.0,2188,0.0
35.0,35,0.0
35.0,35,0.0
31.0,31,0.0
35.0,35,0.0
2235.0,2235,0.0
35.0,35,0.0
2300.3333333333335,2300,0.3333333333334849
1982.5,1982,0.5
1994.5,1994,0.5
1974.5,1974,0.5
1957.5,1957,0.5
57.5,57,0.5
1983.5,1983,0.5
1973.5,1973,0.5
38.5,38,0.5
1970.0,1970,0.0
57.5,57,0.5
1982.5,1982,0.5
1962.5,1962,0.5
1969.5,1969,0.5
2033.5,2033,0.5
2984.0,2984,0.0
2941.5,2941,0.5
2976.5,2976,0.5
50.0,50,0.0
50.0,50,0.0
43.0,43,0.0
120.5,120,0.5
2986.5,2986,0.5
59.5,59,0.5
2276.3333333333335,2276,0.3333333333334849
1887.6666666666667,1887,0.6666666666667425
2982.0,2982,0.0
2200.5,2200,0.5
2936.5,2936,0.5
50.0,50,0.0
44.0,44,0.0
2227.5,2227,0.5
1894.3333333333333,1894,0.33333333333325754
1713.0,1713,0.0
50.0,50,0.0
35.0,35,0.0
2217.5,2217,0.5
2208.0,2208,0.0
1888.6666666666667,1888,0.6666666666667425
50.0,50,0.0
2987.0,2987,0.0
2961.5,2961,0.5
1723.0,1723,0.0
1703.6666666666667,1703,0.6666666666667425
1861.0,1861,0.0
1875.0,1875,0.0
2984.0,2984,0.0
1751.6666666666667,1751,0.6666666666667425
1906.6666666666667,1906,0.6666666666667425
74.0,74,0.0
1882.0,1882,0.0
2936.5,2936,0.5
2016.75,2016,0.75
1675.6666666666667,1675,0.6666666666667425
43.0,43,0.0
37.5,37,0.5
43.5,43,0.5
2632.8,2632,0.8000000000001819
2005.5,2005,0.5
2013.0,2013,0.0
1659.0,1659,0.0
2648.4,2648,0.40000000000009095
2658.8,2658,0.8000000000001819
2022.75,2022,0.75
42.0,42,0.0
61.5,61,0.5
1646.6666666666667,1646,0.6666666666667425
37.5,37,0.5
2634.4,2634,0.40000000000009095
2653.6,2653,0.599999999999909
50.5,50,0.5
52.0,52,0.0
58.0,58,0.0
35.0,35,0.0
44.0,44,0.0
1999.25,1999,0.25
2267.6666666666665,2267,0.6666666666665151
2266.3333333333335,2266,0.3333333333334849
2274.3333333333335,2274,0.3333333333334849
2269.3333333333335,2269,0.3333333333334849
39.5,39,0.5
39.0,39,0.0
2643.0,2643,0.0
50.0,50,0.0
2709.0,2709,0.0
33.0,33,0.0
66.5,66,0.5
32.0,32,0.0
7.0,7,0.0
2264.0,2264,0.0
59.5,59,0.5
1983.0,1983,0.0
50.0,50,0.0
2697.25,2697,0.25
2707.25,2707,0.25
47.0,47,0.0
2304.0,2304,0.0
39.5,39,0.5
2712.3333333333335,2712,0.3333333333334849
2755.0,2755,0.0
2288.3333333333335,2288,0.3333333333334849
2250.6666666666665,2250,0.6666666666665151
2280.0,2280,0.0
2279.3333333333335,2279,0.3333333333334849
1856.0,1856,0.0
22.666666666666668,22,0.6666666666666679
22.666666666666668,22,0.6666666666666679
2288.0,2288,0.0
2279.6666666666665,2279,0.6666666666665151
2302.0,2302,0.0
2257.3333333333335,2257,0.3333333333334849
2263.6666666666665,2263,0.6666666666665151
62.0,62,0.0
91.0,91,0.0
2255.0,2255,0.0
2265.6666666666665,2265,0.6666666666665151
2272.6666666666665,2272,0.6666666666665151
2270.0,2270,0.0
39.0,39,0.0
2262.3333333333335,2262,0.3333333333334849
31.666666666666668,31,0.6666666666666679
2250.0,2250,0.0
72.33333333333333,72,0.3333333333333286
2952.0,2952,0.0
68.5,68,0.5
2949.0,2949,0.0
27.0,27,0.0
44.5,44,0.5
80.0,80,0.0
35.0,35,0.0
31.333333333333332,31,0.33333333333333215
20.333333333333332,20,0.33333333333333215
71.0,71,0.0
32.666666666666664,32,0.6666666666666643
1796.5,1796,0.5
35.0,35,0.0
44.0,44,0.0
37.5,37,0.5
50.0,50,0.0
2183.0,2183,0.0
50.0,50,0.0
1856.6666666666667,1856,0.6666666666667425
1720.3333333333333,1720,0.33333333333325754
1868.6666666666667,1868,0.6666666666667425
2949.0,2949,0.0
1685.3333333333333,1685,0.33333333333325754
1706.0,1706,0.0
2248.5,2248,0.5
35.0,35,0.0
2189.5,2189,0.5
50.0,50,0.0
1659.0,1659,0.0
1707.0,1707,0.0
37.5,37,0.5
74.0,74,0.0
1878.6666666666667,1878,0.6666666666667425
2984.0,2984,0.0
50.0,50,0.0
1656.0,1656,0.0
2166.0,2166,0.0
59.0,59,0.0
69.0,69,0.0
37.0,37,0.0
1739.3333333333333,1739,0.33333333333325754
67.0,67,0.0
1750.3333333333333,1750,0.33333333333325754
37.0,37,0.0
35.0,35,0.0
75.0,75,0.0
42.0,42,0.0
77.5,77,0.5
80.0,80,0.0
80.0,80,0.0
129.5,129,0.5
81.0,81,0.0
78.5,78,0.5
75.0,75,0.0
40.0,40,0.0
59.0,59,0.0
2984.5,2984,0.5
35.0,35,0.0
42.0,42,0.0
75.0,75,0.0
35.0,35,0.0
2954.0,2954,0.0
99.0,99,0.0
90.0,90,0.0
99.0,99,0.0
40.0,40,0.0
75.0,75,0.0
35.0,35,0.0
72.25,72,0.25
56.0,56,0.0
92.0,92,0.0
75.0,75,0.0
75.0,75,0.0
2960.0,2960,0.0
42.0,42,0.0
2991.5,2991,0.5
2949.0,2949,0.0
125.0,125,0.0
2956.5,2956,0.5
2937.5,2937,0.5
2950.0,2950,0.0
30.0,30,0.0
73.25,73,0.25
22.0,22,0.0
2972.0,2972,0.0
2332.0,2332,0.0
2957.5,2957,0.5
2352.0,2352,0.0
2977.5,2977,0.5
2368.0,2368,0.0
2967.5,2967,0.5
22.0,22,0.0
72.0,72,0.0
22.0,22,0.0
22.0,22,0.0
24.0,24,0.0
50.0,50,0.0
1872.6666666666667,1872,0.6666666666667425
1893.0,1893,0.0
1676.6666666666667,1676,0.6666666666667425
1682.6666666666667,1682,0.6666666666667425
1733.6666666666667,1733,0.6666666666667425
2949.0,2949,0.0
41.5,41,0.5
59.0,59,0.0
59.0,59,0.0
2937.5,2937,0.5
50.0,50,0.0
50.0,50,0.0
84.0,84,0.0
50.0,50,0.0
1888.3333333333333,1888,0.33333333333325754
2964.0,2964,0.0
2219.0,2219,0.0
36.5,36,0.5
50.0,50,0.0
9.0,9,0.0
2200.5,2200,0.5
2954.0,2954,0.0
9.0,9,0.0
50.0,50,0.0
2949.0,2949,0.0
2220.5,2220,0.5
2961.5,2961,0.5
1884.0,1884,0.0
2200.5,2200,0.5
9.0,9,0.0
39.5,39,0.5
56.0,56,0.0
87.0,87,0.0
1722.0,1722,0.0
70.0,70,0.0
2974.0,2974,0.0
2208.0,2208,0.0
205.0,205,0.0
42.0,42,0.0
40.0,40,0.0
2189.5,2189,0.5
2237.5,2237,0.5
2208.0,2208,0.0
55.0,55,0.0
42.0,42,0.0
61.0,61,0.0
37.0,37,0.0
120.0,120,0.0
9.0,9,0.0
133.0,133,0.0
27.666666666666668,27,0.6666666666666679
2146.6666666666665,2146,0.6666666666665151
9.0,9,0.0
9.0,9,0.0
120.5,120,0.5
9.0,9,0.0
9.0,9,0.0
9.0,9,0.0
9.0,9,0.0
9.0,9,0.0
35.5,35,0.5
2959.5,2959,0.5
2219.0,2219,0.0
2944.0,2944,0.0
2966.5,2966,0.5
9.0,9,0.0
120.0,120,0.0
1743.0,1743,0.0
87.0,87,0.0
72.0,72,0.0
86.0,86,0.0
84.5,84,0.5
22.0,22,0.0
58.75,58,0.75
136.0,136,0.0
9.0,9,0.0
9.0,9,0.0
9.0,9,0.0
9.0,9,0.0
9.0,9,0.0
9.0,9,0.0
37.5,37,0.5
9.0,9,0.0
9.0,9,0.0
9.0,9,0.0
9.0,9,0.0
59.5,59,0.5
2208.0,2208,0.0
2949.0,2949,0.0
2184.0,2184,0.0
2954.0,2954,0.0
43.0,43,0.0
37.5,37,0.5
9.0,9,0.0
10.0,10,0.0
44.0,44,0.0
69.0,69,0.0
9.0,9,0.0
50.0,50,0.0
15.0,15,0.0
1878.0,1878,0.0
1879.0,1879,0.0
2944.0,2944,0.0
59.0,59,0.0
59.5,59,0.5
55.0,55,0.0
93.0,93,0.0
74.0,74,0.0
21.5,21,0.5
33.5,33,0.5
75.0,75,0.0
1327.0,1327,0.0
1320.5,1320,0.5
1305.5,1305,0.5
1334.0,1334,0.0
1313.0,1313,0.0
1334.0,1334,0.0
1326.5,1326,0.5
1307.0,1307,0.0
1334.0,1334,0.0
1294.5,1294,0.5
1294.5,1294,0.5
1323.0,1323,0.0
42.0,42,0.0
1323.0,1323,0.0
1316.5,1316,0.5
1314.5,1314,0.5
1318.0,1318,0.0
38.5,38,0.5
1319.5,1319,0.5
1332.5,1332,0.5
33.5,33,0.5
50.0,50,0.0
26.0,26,0.0
21.5,21,0.5
19.0,19,0.0
20.0,20,0.0
39.0,39,0.0
26.5,26,0.5
21.5,21,0.5
1883.0,1883,0.0
50.0,50,0.0
32.5,32,0.5
22.5,22,0.5
58.5,58,0.5
24.0,24,0.0
10.0,10,0.0
111.0,111,0.0
2163.0,2163,0.0
1896.6666666666667,1896,0.6666666666667425
1879.0,1879,0.0
51.0,51,0.0
33.5,33,0.5
1886.0,1886,0.0
2992.0,2992,0.0
2959.0,2959,0.0
1887.6666666666667,1887,0.6666666666667425
15.0,15,0.0
39.0,39,0.0
2961.5,2961,0.5
1733.3333333333333,1733,0.33333333333325754
2160.0,2160,0.0
2157.0,2157,0.0
1711.6666666666667,1711,0.6666666666667425
1876.6666666666667,1876,0.6666666666667425
2189.5,2189,0.5
100.0,100,0.0
39.0,39,0.0
55.5,55,0.5
15.0,15,0.0
54.0,54,0.0
2275.0,2275,0.0
2699.75,2699,0.75
2698.25,2698,0.25
43.0,43,0.0
2262.3333333333335,2262,0.3333333333334849
50.0,50,0.0
24.5,24,0.5
2281.6666666666665,2281,0.6666666666665151
19.0,19,0.0
50.0,50,0.0
2250.6666666666665,2250,0.6666666666665151
9.0,9,0.0
9.0,9,0.0
51.5,51,0.5
2279.3333333333335,2279,0.3333333333334849
2282.3333333333335,2282,0.3333333333334849
7.0,7,0.0
2295.3333333333335,2295,0.3333333333334849
2272.3333333333335,2272,0.3333333333334849
9.0,9,0.0
2703.25,2703,0.25
9.0,9,0.0
91.5,91,0.5
2286.3333333333335,2286,0.3333333333334849
22.5,22,0.5
2724.75,2724,0.75
9.0,9,0.0
1846.0,1846,0.0
2287.6666666666665,2287,0.6666666666665151
74.0,74,0.0
45.0,45,0.0
50.0,50,0.0
15.0,15,0.0
69.0,69,0.0
39.0,39,0.0
24.666666666666668,24,0.6666666666666679
11.333333333333334,11,0.3333333333333339
2271.0,2271,0.0
2279.6666666666665,2279,0.6666666666665151
2263.6666666666665,2263,0.6666666666665151
2261.6666666666665,2261,0.6666666666665151
2267.3333333333335,2267,0.3333333333334849
127.33333333333333,127,0.3333333333333286
2256.0,2256,0.0
2276.3333333333335,2276,0.3333333333334849
2270.6666666666665,2270,0.6666666666665151
2286.3333333333335,2286,0.3333333333334849
2261.6666666666665,2261,0.6666666666665151
113.66666666666667,113,0.6666666666666714
62.666666666666664,62,0.6666666666666643
2293.3333333333335,2293,0.3333333333334849
2261.3333333333335,2261,0.3333333333334849
76.0,76,0.0
2267.0,2267,0.0
2297.6666666666665,2297,0.6666666666665151
2301.3333333333335,2301,0.3333333333334849
2288.0,2288,0.0
2268.3333333333335,2268,0.3333333333334849
2289.0,2289,0.0
2282.0,2282,0.0
65.66666666666667,65,0.6666666666666714
82.33333333333333,82,0.3333333333333286
105.0,105,0.0
2273.3333333333335,2273,0.3333333333334849
2261.6666666666665,2261,0.6666666666665151
64.33333333333333,64,0.3333333333333286
77.33333333333333,77,0.3333333333333286
98.66666666666667,98,0.6666666666666714
2262.0,2262,0.0
2266.0,2266,0.0
2286.6666666666665,2286,0.6666666666665151
2289.3333333333335,2289,0.3333333333334849
2303.6666666666665,2303,0.6666666666665151
2297.0,2297,0.0
72.33333333333333,72,0.3333333333333286
2284.6666666666665,2284,0.6666666666665151
2283.6666666666665,2283,0.6666666666665151
2974.0,2974,0.0
42.0,42,0.0
2966.5,2966,0.5
2387.0,2387,0.0
2981.5,2981,0.5
2220.5,2220,0.5
2220.5,2220,0.5
50.0,50,0.0
24.666666666666668,24,0.6666666666666679
79.0,79,0.0
2941.5,2941,0.5
104.0,104,0.0
15.0,15,0.0
50.0,50,0.0
15.0,15,0.0
39.0,39,0.0
69.0,69,0.0
15.0,15,0.0
127.0,127,0.0
99.0,99,0.0
15.0,15,0.0
60.0,60,0.0
22.5,22,0.5
32.5,32,0.5
60.0,60,0.0
15.0,15,0.0
21.5,21,0.5
50.0,50,0.0
2202.0,2202,0.0
2230.0,2230,0.0
45.0,45,0.0
1652.0,1652,0.0
35.0,35,0.0
57.0,57,0.0
40.0,40,0.0
1716.0,1716,0.0
70.0,70,0.0
72.0,72,0.0
1733.0,1733,0.0
52.5,52,0.5
2192.0,2192,0.0
50.0,50,0.0
2957.5,2957,0.5
2164.0,2164,0.0
84.0,84,0.0
52.0,52,0.0
85.5,85,0.5
2167.6666666666665,2167,0.6666666666665151
2999.5,2999,0.5
2954.0,2954,0.0
107.0,107,0.0
75.0,75,0.0
22.0,22,0.0
68.25,68,0.25
2964.5,2964,0.5
2966.5,2966,0.5
590.0,590,0.0
2173.5,2173,0.5
1751.0,1751,0.0
2208.5,2208,0.5
35.0,35,0.0
2213.0,2213,0.0
2974.0,2974,0.0
2971.5,2971,0.5
2954.0,2954,0.0
2956.5,2956,0.5
2954.0,2954,0.0
2971.5,2971,0.5
22.0,22,0.0
43.0,43,0.0
2950.0,2950,0.0
46.0,46,0.0
2990.0,2990,0.0
2970.0,2970,0.0
2330.0,2330,0.0
2401.0,2401,0.0
2421.0,2421,0.0
2992.5,2992,0.5
2295.0,2295,0.0
22.0,22,0.0
26.5,26,0.5
57.0,57,0.0
2990.0,2990,0.0
24.0,24,0.0
30.0,30,0.0
77.0,77,0.0
121.0,121,0.0
22.0,22,0.0
57.0,57,0.0
72.0,72,0.0
57.0,57,0.0
15.0,15,0.0
40.0,40,0.0
40.0,40,0.0
29.0,29,0.0
40.0,40,0.0
72.0,72,0.0
2974.0,2974,0.0
2174.0,2174,0.0
1652.0,1652,0.0
1674.6666666666667,1674,0.6666666666667425
1703.6666666666667,1703,0.6666666666667425
40.0,40,0.0
7.0,7,0.0
5.0,5,0.0
50.0,50,0.0
2183.5,2183,0.5
29.0,29,0.0
7.0,7,0.0
2247.0,2247,0.0
2961.0,2961,0.0
72.0,72,0.0
2974.0,2974,0.0
2954.0,2954,0.0
62.5,62,0.5
76.0,76,0.0
39.0,39,0.0
45.0,45,0.0
2209.5,2209,0.5
2214.0,2214,0.0
2230.5,2230,0.5
55.0,55,0.0
2203.0,2203,0.0
2957.5,2957,0.5
40.0,40,0.0
40.0,40,0.0
2179.5,2179,0.5
2949.0,2949,0.0
40.0,40,0.0
34.0,34,0.0
5.0,5,0.0
37.0,37,0.0
2196.0,2196,0.0
40.0,40,0.0
2966.5,2966,0.5
33.0,33,0.0
3009.0,3009,0.0
57.0,57,0.0
76.0,76,0.0
2230.0,2230,0.0
25.0,25,0.0
74.0,74,0.0
2944.0,2944,0.0
2203.0,2203,0.0
72.0,72,0.0
2205.5,2205,0.5
2177.0,2177,0.0
2183.5,2183,0.5
2207.0,2207,0.0
2230.0,2230,0.0
2192.0,2192,0.0
2196.5,2196,0.5
1888.6666666666667,1888,0.6666666666667425
2232.0,2232,0.0
2197.0,2197,0.0
118.0,118,0.0
2239.0,2239,0.0
43.0,43,0.0
57.0,57,0.0
2941.5,2941,0.5
2183.0,2183,0.0
33.0,33,0.0
33.0,33,0.0
49.0,49,0.0
24.5,24,0.5
49.0,49,0.0
1892.0,1892,0.0
1879.3333333333333,1879,0.33333333333325754
81.0,81,0.0
37.0,37,0.0
30.0,30,0.0
46.0,46,0.0
37.0,37,0.0
50.0,50,0.0
2954.0,2954,0.0
2965.0,2965,0.0
2937.5,2937,0.5
2950.0,2950,0.0
2974.0,2974,0.0
2982.5,2982,0.5
22.0,22,0.0
96.0,96,0.0
22.0,22,0.0
72.0,72,0.0
22.0,22,0.0
104.75,104,0.75
24.5,24,0.5
24.5,24,0.5
84.0,84,0.0
45.0,45,0.0
107.0,107,0.0
2979.5,2979,0.5
96.0,96,0.0
22.0,22,0.0
2958.5,2958,0.5
2330.0,2330,0.0
2332.0,2332,0.0
2957.5,2957,0.5
72.0,72,0.0
22.0,22,0.0
142.0,142,0.0
86.0,86,0.0
72.0,72,0.0
57.0,57,0.0
31.0,31,0.0
2949.0,2949,0.0
2961.0,2961,0.0
2330.0,2330,0.0
2948.0,2948,0.0
65.25,65,0.25
2949.0,2949,0.0
2381.5,2381,0.5
64.25,64,0.25
53.0,53,0.0
2401.5,2401,0.5
2257.0,2257,0.0
2243.5,2243,0.5
91.0,91,0.0
22.0,22,0.0
2397.5,2397,0.5
54.0,54,0.0
61.75,61,0.75
2410.0,2410,0.0
2257.0,2257,0.0
78.0,78,0.0
24.5,24,0.5
71.5,71,0.5
2276.0,2276,0.0
2397.0,2397,0.0
66.25,66,0.25
76.0,76,0.0
81.0,81,0.0
59.5,59,0.5
54.0,54,0.0
2409.0,2409,0.0
2251.0,2251,0.0
53.0,53,0.0
41.0,41,0.0
80.5,80,0.5
81.0,81,0.0
2254.0,2254,0.0
77.0,77,0.0
2279.5,2279,0.5
2380.0,2380,0.0
31.0,31,0.0
37.0,37,0.0
81.0,81,0.0
25.5,25,0.5
42.0,42,0.0
54.0,54,0.0
22.0,22,0.0
104.0,104,0.0
51.0,51,0.0
25.5,25,0.5
42.0,42,0.0
42.0,42,0.0
54.0,54,0.0
30.0,30,0.0
57.0,57,0.0
107.0,107,0.0
22.0,22,0.0
22.0,22,0.0
45.0,45,0.0
117.75,117,0.75
22.0,22,0.0
43.75,43,0.75
42.0,42,0.0
57.0,57,0.0
2309.5,2309,0.5
22.0,22,0.0
72.0,72,0.0
50.0,50,0.0
181.0,181,0.0
2276.5,2276,0.5
2404.5,2404,0.5
29.0,29,0.0
101.0,101,0.0
50.0,50,0.0
22.0,22,0.0
2411.5,2411,0.5
2253.0,2253,0.0
2305.0,2305,0.0
2272.3333333333335,2272,0.3333333333334849
2276.3333333333335,2276,0.3333333333334849
1880.6666666666667,1880,0.6666666666667425
52.666666666666664,52,0.6666666666666643
32.0,32,0.0
2285.0,2285,0.0
2283.3333333333335,2283,0.3333333333334849
2269.3333333333335,2269,0.3333333333334849
39.333333333333336,39,0.3333333333333357
1898.3333333333333,1898,0.33333333333325754
2280.0,2280,0.0
2266.3333333333335,2266,0.3333333333334849
2266.3333333333335,2266,0.3333333333334849
98.33333333333333,98,0.3333333333333286
76.66666666666667,76,0.6666666666666714
63.333333333333336,63,0.3333333333333357
129.0,129,0.0
2254.0,2254,0.0
1890.3333333333333,1890,0.33333333333325754
33.333333333333336,33,0.3333333333333357
56.0,56,0.0
1905.3333333333333,1905,0.33333333333325754
2273.0,2273,0.0
2339.0,2339,0.0
85.33333333333333,85,0.3333333333333286
97.5,97,0.5
77.5,77,0.5
2406.5,2406,0.5
42.0,42,0.0
1321.0,1321,0.0
2417.5,2417,0.5
1294.5,1294,0.5
1334.0,1334,0.0
1322.0,1322,0.0
44.5,44,0.5
1332.5,1332,0.5
1345.0,1345,0.0
78.0,78,0.0
2319.0,2319,0.0
49.0,49,0.0
1480.5,1480,0.5
77.0,77,0.0
22.0,22,0.0
2370.0,2370,0.0
46.0,46,0.0
47.0,47,0.0
1319.0,1319,0.0
1338.5,1338,0.5
30.0,30,0.0
1860.3333333333333,1860,0.33333333333325754
1641.0,1641,0.0
47.5,47,0.5
77.0,77,0.0
42.0,42,0.0
88.0,88,0.0
30.0,30,0.0
31.0,31,0.0
32.5,32,0.5
80.66666666666667,80,0.6666666666666714
63.333333333333336,63,0.3333333333333357
1882.3333333333333,1882,0.33333333333325754
1883.6666666666667,1883,0.6666666666667425
2277.0,2277,0.0
31.0,31,0.0
77.0,77,0.0
76.0,76,0.0
1542.0,1542,0.0
1645.5,1645,0.5
1670.5,1670,0.5
1516.0,1516,0.0
1544.5,1544,0.5
1404.0,1404,0.0
46.0,46,0.0
2250.5,2250,0.5
2386.5,2386,0.5
2290.0,2290,0.0
1701.0,1701,0.0
1516.5,1516,0.5
1529.5,1529,0.5
1408.0,1408,0.0
1366.0,1366,0.0
57.0,57,0.0
36.0,36,0.0
77.5,77,0.5
22.0,22,0.0
57.0,57,0.0
2281.0,2281,0.0
2287.3333333333335,2287,0.3333333333334849
2255.3333333333335,2255,0.3333333333334849
2283.3333333333335,2283,0.3333333333334849
2250.6666666666665,2250,0.6666666666665151
2281.3333333333335,2281,0.3333333333334849
2257.3333333333335,2257,0.3333333333334849
2302.0,2302,0.0
2266.5,2266,0.5
1799.0,1799,0.0
1544.5,1544,0.5
2402.5,2402,0.5
2401.5,2401,0.5
2380.0,2380,0.0
2266.6666666666665,2266,0.6666666666665151
2270.6666666666665,2270,0.6666666666665151
2288.0,2288,0.0
116.0,116,0.0
2389.0,2389,0.0
57.0,57,0.0
82.25,82,0.25
57.75,57,0.75
22.0,22,0.0
72.0,72,0.0
108.5,108,0.5
2377.0,2377,0.0
2368.0,2368,0.0
2387.0,2387,0.0
2280.6666666666665,2280,0.6666666666665151
2298.0,2298,0.0
1861.6666666666667,1861,0.6666666666667425
1899.0,1899,0.0
1883.6666666666667,1883,0.6666666666667425
1906.0,1906,0.0
1894.3333333333333,1894,0.33333333333325754
1861.3333333333333,1861,0.33333333333325754
1902.3333333333333,1902,0.33333333333325754
1905.6666666666667,1905,0.6666666666667425
2277.3333333333335,2277,0.3333333333334849
2269.0,2269,0.0
2259.6666666666665,2259,0.6666666666665151
76.66666666666667,76,0.6666666666666714
2277.0,2277,0.0
1890.0,1890,0.0
2276.3333333333335,2276,0.3333333333334849
68.33333333333333,68,0.3333333333333286
40.333333333333336,40,0.3333333333333357
2290.3333333333335,2290,0.3333333333334849
2255.0,2255,0.0
30.666666666666668,30,0.6666666666666679
46.0,46,0.0
2271.6666666666665,2271,0.6666666666665151
28.666666666666668,28,0.6666666666666679
2272.3333333333335,2272,0.3333333333334849
2274.3333333333335,2274,0.3333333333334849
2265.6666666666665,2265,0.6666666666665151
2245.6666666666665,2245,0.6666666666665151
2293.6666666666665,2293,0.6666666666665151
2271.0,2271,0.0
1883.0,1883,0.0
2257.6666666666665,2257,0.6666666666665151
31.0,31,0.0
59.333333333333336,59,0.3333333333333357
28.0,28,0.0
2284.6666666666665,2284,0.6666666666665151
108.33333333333333,108,0.3333333333333286
80.0,80,0.0
2399.0,2399,0.0
2405.0,2405,0.0
70.25,70,0.25
2337.0,2337,0.0
31.0,31,0.0
75.0,75,0.0
1137.0,1137,0.0
32.5,32,0.5
44.5,44,0.5
92.0,92,0.0
2291.5,2291,0.5
107.0,107,0.0
2310.0,2310,0.0
75.66666666666667,75,0.6666666666666714
1331.5,1331,0.5
30.0,30,0.0
74.0,74,0.0
69.33333333333333,69,0.3333333333333286
2279.6666666666665,2279,0.6666666666665151
2262.0,2262,0.0
86.0,86,0.0
31.0,31,0.0
101.0,101,0.0
2251.0,2251,0.0
72.0,72,0.0
42.0,42,0.0
75.0,75,0.0
96.0,96,0.0
115.5,115,0.5
96.0,96,0.0
72.0,72,0.0
2299.0,2299,0.0
2279.5,2279,0.5
71.75,71,0.75
2376.5,2376,0.5
2249.5,2249,0.5
2249.5,2249,0.5
47.5,47,0.5
100.5,100,0.5
93.0,93,0.0
83.0,83,0.0
98.0,98,0.0
110.5,110,0.5
37.5,37,0.5
22.0,22,0.0
30.0,30,0.0
57.0,57,0.0
2382.5,2382,0.5
2251.0,2251,0.0
46.0,46,0.0
57.0,57,0.0
72.0,72,0.0
57.0,57,0.0
72.0,72,0.0
57.0,57,0.0
35.0,35,0.0
38.333333333333336,38,0.3333333333333357
35.0,35,0.0
24.0,24,0.0
24.333333333333332,24,0.33333333333333215
2279.5,2279,0.5
2246.0,2246,0.0
142.0,142,0.0
2401.5,2401,0.5
54.333333333333336,54,0.3333333333333357
86.0,86,0.0
2406.5,2406,0.5
2320.0,2320,0.0
2251.0,2251,0.0
31.0,31,0.0
2282.5,2282,0.5
22.0,22,0.0
2251.0,2251,0.0
72.0,72,0.0
96.0,96,0.0
2352.0,2352,0.0
86.0,86,0.0
22.0,22,0.0
2341.5,2341,0.5
2397.5,2397,0.5
50.0,50,0.0
57.0,57,0.0
2268.0,2268,0.0
2252.0,2252,0.0
2282.5,2282,0.5
72.0,72,0.0
57.0,57,0.0
22.0,22,0.0
2452.5,2452,0.5
62.0,62,0.0
22.0,22,0.0
2294.0,2294,0.0
37.0,37,0.0
57.0,57,0.0
22.0,22,0.0
2258.5,2258,0.5
2256.0,2256,0.0
46.25,46,0.25
22.0,22,0.0
2326.0,2326,0.0
57.0,57,0.0
2256.0,2256,0.0
81.0,81,0.0
46.0,46,0.0
2406.5,2406,0.5
2274.5,2274,0.5
2246.0,2246,0.0
2397.5,2397,0.5
2251.0,2251,0.0
2281.3333333333335,2281,0.3333333333334849
2273.3333333333335,2273,0.3333333333334849
2258.0,2258,0.0
2267.0,2267,0.0
1848.25,1848,0.25
1873.5,1873,0.5
2235.25,2235,0.25
2221.5,2221,0.5
1963.25,1963,0.25
1809.75,1809,0.75
1800.0,1800,0.0
43.5,43,0.5
2717.75,2717,0.75
1816.25,1816,0.25
1814.75,1814,0.75
30.0,30,0.0
31.25,31,0.25
72.5,72,0.5
2254.0,2254,0.0
2395.0,2395,0.0
2320.0,2320,0.0
81.0,81,0.0
2329.0,2329,0.0
2418.5,2418,0.5
22.0,22,0.0
22.0,22,0.0
2249.5,2249,0.5
2289.5,2289,0.5
2267.0,2267,0.0
2279.5,2279,0.5
22.0,22,0.0
57.0,57,0.0
2249.5,2249,0.5
2383.5,2383,0.5
71.33333333333333,71,0.3333333333333286
2258.5,2258,0.5
2381.5,2381,0.5
2287.0,2287,0.0
22.0,22,0.0
37.333333333333336,37,0.3333333333333357
81.0,81,0.0
2239.5,2239,0.5
22.0,22,0.0
87.0,87,0.0
72.0,72,0.0
22.0,22,0.0
22.0,22,0.0
2256.0,2256,0.0
2417.5,2417,0.5
46.0,46,0.0
67.0,67,0.0
57.0,57,0.0
22.0,22,0.0
2306.5,2306,0.5
72.0,72,0.0
72.0,72,0.0
81.0,81,0.0
30.0,30,0.0
22.0,22,0.0
30.0,30,0.0
30.0,30,0.0
81.0,81,0.0
77.0,77,0.0
2427.0,2427,0.0
2271.0,2271,0.0
2288.5,2288,0.5
57.0,57,0.0
53.5,53,0.5
2324.0,2324,0.0
22.0,22,0.0
72.0,72,0.0
86.0,86,0.0
142.0,142,0.0
2263.5,2263,0.5
2279.5,2279,0.5
2273.5,2273,0.5
31.0,31,0.0
2354.0,2354,0.0
2403.5,2403,0.5
31.666666666666668,31,0.6666666666666679
66.0,66,0.0
57.0,57,0.0
22.0,22,0.0
72.0,72,0.0
72.0,72,0.0
107.0,107,0.0
181.0,181,0.0
122.0,122,0.0
31.0,31,0.0
2273.5,2273,0.5
142.0,142,0.0
32.0,32,0.0
2360.0,2360,0.0
81.0,81,0.0
2379.5,2379,0.5
2249.5,2249,0.5
72.0,72,0.0
2308.0,2308,0.0
22.0,22,0.0
44.333333333333336,44,0.3333333333333357
2238.5,2238,0.5
57.0,57,0.0
2274.0,2274,0.0
2249.5,2249,0.5
2279.5,2279,0.5
31.0,31,0.0
2272.0,2272,0.0
2387.0,2387,0.0
2319.0,2319,0.0
57.0,57,0.0
2382.5,2382,0.5
2238.5,2238,0.5
72.0,72,0.0
57.0,57,0.0
24.0,24,0.0
2374.5,2374,0.5
2258.5,2258,0.5
72.0,72,0.0
2389.0,2389,0.0
2330.0,2330,0.0
72.0,72,0.0
77.0,77,0.0
72.0,72,0.0
57.0,57,0.0
72.0,72,0.0
31.0,31,0.0
2320.0,2320,0.0
2261.5,2261,0.5
24.0,24,0.0
2410.0,2410,0.0
72.0,72,0.0
2263.0,2263,0.0
2256.0,2256,0.0
2287.0,2287,0.0
2274.5,2274,0.5
85.0,85,0.0
2337.0,2337,0.0
107.0,107,0.0
116.0,116,0.0
100.0,100,0.0
2406.0,2406,0.0
57.0,57,0.0
2352.0,2352,0.0
2319.0,2319,0.0
22.0,22,0.0
2362.0,2362,0.0
2397.0,2397,0.0
2322.0,2322,0.0
2295.0,2295,0.0
2284.5,2284,0.5
2399.0,2399,0.0
2396.5,2396,0.5
2289.5,2289,0.5
2270.6666666666665,2270,0.6666666666665151
2694.5,2694,0.5
1825.0,1825,0.0
2301.3333333333335,2301,0.3333333333334849
2264.0,2264,0.0
109.0,109,0.0
15.0,15,0.0
2273.0,2273,0.0
22.5,22,0.5
57.0,57,0.0
2320.0,2320,0.0
2326.0,2326,0.0
107.0,107,0.0
2370.0,2370,0.0
2384.0,2384,0.0
2238.5,2238,0.5
2399.0,2399,0.0
24.0,24,0.0
81.0,81,0.0
57.666666666666664,57,0.6666666666666643
2403.5,2403,0.5
2405.0,2405,0.0
2249.5,2249,0.5
2295.0,2295,0.0
2317.0,2317,0.0
2294.0,2294,0.0
31.0,31,0.0
2296.5,2296,0.5
57.0,57,0.0
2267.0,2267,0.0
2355.0,2355,0.0
2419.0,2419,0.0
2249.5,2249,0.5
81.0,81,0.0
2251.0,2251,0.0
57.0,57,0.0
2409.5,2409,0.5
46.0,46,0.0
2250.5,2250,0.5
2268.5,2268,0.5
57.0,57,0.0
76.0,76,0.0
2268.5,2268,0.5
2267.0,2267,0.0
22.0,22,0.0
2263.5,2263,0.5
2386.5,2386,0.5
22.0,22,0.0
2400.0,2400,0.0
2288.5,2288,0.5
2344.0,2344,0.0
2350.0,2350,0.0
2291.5,2291,0.5
57.0,57,0.0
45.0,45,0.0
57.0,57,0.0
2346.5,2346,0.5
2238.5,2238,0.5
2279.0,2279,0.0
107.0,107,0.0
2251.0,2251,0.0
76.0,76,0.0
44.333333333333336,44,0.3333333333333357
22.0,22,0.0
2313.5,2313,0.5
72.0,72,0.0
57.0,57,0.0
31.0,31,0.0
2519.0,2519,0.0
2319.0,2319,0.0
85.0,85,0.0
57.0,57,0.0
76.0,76,0.0
2256.0,2256,0.0
2449.0,2449,0.0
76.0,76,0.0
81.0,81,0.0
31.0,31,0.0
2250.5,2250,0.5
57.0,57,0.0
2406.5,2406,0.5
37.0,37,0.0
75.33333333333333,75,0.3333333333333286
2267.0,2267,0.0
142.0,142,0.0
2370.0,2370,0.0
57.0,57,0.0
58.666666666666664,58,0.6666666666666643
2250.5,2250,0.5
24.5,24,0.5
40.0,40,0.0
29.0,29,0.0
37.0,37,0.0
40.0,40,0.0
101.0,101,0.0
134.0,134,0.0
40.0,40,0.0
40.0,40,0.0
55.0,55,0.0
50.5,50,0.5
2961.5,2961,0.5
64.0,64,0.0
124.0,124,0.0
22.0,22,0.0
129.0,129,0.0
24.5,24,0.5
94.0,94,0.0
3006.0,3006,0.0
70.0,70,0.0
2959.0,2959,0.0
2986.5,2986,0.5
2974.0,2974,0.0
22.0,22,0.0
1888.6666666666667,1888,0.6666666666667425
1319.0,1319,0.0
2246.0,2246,0.0
2275.5,2275,0.5
2257.0,2257,0.0
30.0,30,0.0
33.5,33,0.5
2264.0,2264,0.0
2303.0,2303,0.0
2274.5,2274,0.5
2264.5,2264,0.5
2265.0,2265,0.0
2307.5,2307,0.5
186.0,186,0.0
70.0,70,0.0
7.0,7,0.0
69.0,69,0.0
43.0,43,0.0
29.5,29,0.5
2986.5,2986,0.5
2955.0,2955,0.0
2954.0,2954,0.0
39.5,39,0.5
2176.0,2176,0.0
2178.6666666666665,2178,0.6666666666665151
2971.5,2971,0.5
2961.5,2961,0.5
54.0,54,0.0
2954.0,2954,0.0
2959.0,2959,0.0
42.0,42,0.0
2954.0,2954,0.0
94.0,94,0.0
70.0,70,0.0
1874.3333333333333,1874,0.33333333333325754
2961.0,2961,0.0
1867.6666666666667,1867,0.6666666666667425
1880.3333333333333,1880,0.33333333333325754
2161.0,2161,0.0
2165.6666666666665,2165,0.6666666666665151
2221.5,2221,0.5
2166.6666666666665,2166,0.6666666666665151
2169.3333333333335,2169,0.3333333333334849
2151.0,2151,0.0
2196.5,2196,0.5
2184.5,2184,0.5
2974.0,2974,0.0
2966.0,2966,0.0
2387.5,2387,0.5
14.0,14,0.0
2967.5,2967,0.5
120.0,120,0.0
49.0,49,0.0
2974.0,2974,0.0
144.0,144,0.0
2972.5,2972,0.5
120.0,120,0.0
40.0,40,0.0
2364.5,2364,0.5
2776.6666666666665,2776,0.6666666666665151
2362.75,2362,0.75
45.0,45,0.0
1823.5,1823,0.5
1821.25,1821,0.25
2791.6666666666665,2791,0.6666666666665151
39.0,39,0.0
2791.6666666666665,2791,0.6666666666665151
2787.0,2787,0.0
2789.3333333333335,2789,0.3333333333334849
49.0,49,0.0
79.0,79,0.0
15.0,15,0.0
79.0,79,0.0
2768.6666666666665,2768,0.6666666666665151
2785.0,2785,0.0
2423.75,2423,0.75
50.0,50,0.0
45.0,45,0.0
2347.75,2347,0.75
10.0,10,0.0
59.0,59,0.0
50.0,50,0.0
25.5,25,0.5
2820.0,2820,0.0
45.0,45,0.0
2792.0,2792,0.0
67.0,67,0.0
89.0,89,0.0
2403.5,2403,0.5
1798.75,1798,0.75
2154.6666666666665,2154,0.6666666666665151
72.0,72,0.0
49.5,49,0.5
45.0,45,0.0
39.0,39,0.0
42.0,42,0.0
35.0,35,0.0
38.0,38,0.0
49.0,49,0.0
2290.6666666666665,2290,0.6666666666665151
47.333333333333336,47,0.3333333333333357
2254.3333333333335,2254,0.3333333333334849
2269.3333333333335,2269,0.3333333333334849
2282.6666666666665,2282,0.6666666666665151
55.666666666666664,55,0.6666666666666643
2280.3333333333335,2280,0.3333333333334849
33.0,33,0.0
39.666666666666664,39,0.6666666666666643
2320.6666666666665,2320,0.6666666666665151
2303.0,2303,0.0
71.33333333333333,71,0.3333333333333286
63.666666666666664,63,0.6666666666666643
2296.3333333333335,2296,0.3333333333334849
2274.6666666666665,2274,0.6666666666665151
2272.3333333333335,2272,0.3333333333334849
2279.3333333333335,2279,0.3333333333334849
2267.6666666666665,2267,0.6666666666665151
78.33333333333333,78,0.3333333333333286
71.66666666666667,71,0.6666666666666714
2277.0,2277,0.0
2259.0,2259,0.0
2277.3333333333335,2277,0.3333333333334849
63.0,63,0.0
35.5,35,0.5
72.0,72,0.0
40.0,40,0.0
2266.3333333333335,2266,0.3333333333334849
2288.0,2288,0.0
2272.3333333333335,2272,0.3333333333334849
2281.0,2281,0.0
2264.3333333333335,2264,0.3333333333334849
2255.0,2255,0.0
2270.6666666666665,2270,0.6666666666665151
2256.0,2256,0.0
2270.6666666666665,2270,0.6666666666665151
31.0,31,0.0
2273.5,2273,0.5
57.0,57,0.0
22.0,22,0.0
57.0,57,0.0
2409.5,2409,0.5
2393.5,2393,0.5
66.0,66,0.0
2375.0,2375,0.0
2956.5,2956,0.5
1510.5,1510,0.5
15.0,15,0.0
105.0,105,0.0
42.0,42,0.0
2950.0,2950,0.0
1500.5,1500,0.5
38.0,38,0.0
43.0,43,0.0
59.333333333333336,59,0.3333333333333357
135.0,135,0.0
120.0,120,0.0
94.0,94,0.0
148.0,148,0.0
107.5,107,0.5
34.5,34,0.5
40.0,40,0.0
2966.5,2966,0.5
2966.5,2966,0.5
2974.0,2974,0.0
75.0,75,0.0
15.0,15,0.0
90.0,90,0.0
40.0,40,0.0
2169.6666666666665,2169,0.6666666666665151
2164.3333333333335,2164,0.3333333333334849
2936.5,2936,0.5
27.0,27,0.0
2949.0,2949,0.0
2387.3333333333335,2387,0.3333333333334849
2988.5,2988,0.5
25.0,25,0.0
2390.3333333333335,2390,0.3333333333334849
53.0,53,0.0
35.0,35,0.0
49.0,49,0.0
2161.6666666666665,2161,0.6666666666665151
32.0,32,0.0
76.0,76,0.0
2263.0,2263,0.0
42.5,42,0.5
2239.5,2239,0.5
75.0,75,0.0
1368.5,1368,0.5
1509.0,1509,0.0
2337.0,2337,0.0
47.5,47,0.5
40.25,40,0.25
2332.0,2332,0.0
2341.0,2341,0.0
2381.0,2381,0.0
2252.0,2252,0.0
2414.0,2414,0.0
1516.5,1516,0.5
1389.5,1389,0.5
1539.0,1539,0.0
75.0,75,0.0
1531.0,1531,0.0
1129.0,1129,0.0
1155.0,1155,0.0
1393.5,1393,0.5
1551.0,1551,0.0
75.0,75,0.0
2238.5,2238,0.5
2266.5,2266,0.5
2250.5,2250,0.5
81.0,81,0.0
2439.5,2439,0.5
2442.0,2442,0.0
2285.5,2285,0.5
22.0,22,0.0
36.333333333333336,36,0.3333333333333357
2277.0,2277,0.0
2261.5,2261,0.5
2258.5,2258,0.5
2239.5,2239,0.5
39.0,39,0.0
22.0,22,0.0
72.0,72,0.0
57.0,57,0.0
1475.5,1475,0.5
1494.0,1494,0.0
2350.0,2350,0.0
1479.5,1479,0.5
1641.0,1641,0.0
1624.5,1624,0.5
1522.5,1522,0.5
72.0,72,0.0
22.0,22,0.0
72.0,72,0.0
75.0,75,0.0
24.0,24,0.0
85.0,85,0.0
57.0,57,0.0
46.0,46,0.0
74.5,74,0.5
87.0,87,0.0
71.0,71,0.0
101.0,101,0.0
49.5,49,0.5
46.0,46,0.0
57.5,57,0.5
31.0,31,0.0
75.0,75,0.0
2384.0,2384,0.0
1500.5,1500,0.5
2955.0,2955,0.0
1688.0,1688,0.0
1695.3333333333333,1695,0.33333333333325754
2142.6666666666665,2142,0.6666666666665151
2178.3333333333335,2178,0.3333333333334849
2964.0,2964,0.0
42.0,42,0.0
2196.0,2196,0.0
69.0,69,0.0
35.5,35,0.5
2382.3333333333335,2382,0.3333333333334849
2198.5,2198,0.5
1531.5,1531,0.5
59.0,59,0.0
55.0,55,0.0
2170.6666666666665,2170,0.6666666666665151
2977.5,2977,0.5
2379.3333333333335,2379,0.3333333333334849
61.0,61,0.0
5.0,5,0.0
60.0,60,0.0
100.5,100,0.5
2198.5,2198,0.5
2198.5,2198,0.5
54.0,54,0.0
2405.3333333333335,2405,0.3333333333334849
1510.5,1510,0.5
2404.0,2404,0.0
2178.5,2178,0.5
40.0,40,0.0
7.0,7,0.0
68.5,68,0.5
1505.0,1505,0.0
1631.0,1631,0.0
1631.0,1631,0.0
79.0,79,0.0
186.0,186,0.0
27.0,27,0.0
29.0,29,0.0
1537.5,1537,0.5
2253.0,2253,0.0
2203.0,2203,0.0
114.0,114,0.0
53.0,53,0.0
1500.5,1500,0.5
1631.0,1631,0.0
75.0,75,0.0
115.0,115,0.0
57.5,57,0.5
130.5,130,0.5
35.0,35,0.0
40.0,40,0.0
35.0,35,0.0
2954.0,2954,0.0
2970.0,2970,0.0
2174.3333333333335,2174,0.3333333333334849
1797.6666666666667,1797,0.6666666666667425
5.0,5,0.0
37.0,37,0.0
49.0,49,0.0
29.0,29,0.0
166.0,166,0.0
2189.5,2189,0.5
142.5,142,0.5
35.0,35,0.0
24.0,24,0.0
107.0,107,0.0
22.0,22,0.0
37.0,37,0.0
2189.5,2189,0.5
90.0,90,0.0
70.5,70,0.5
1621.0,1621,0.0
1505.0,1505,0.0
2208.0,2208,0.0
2202.0,2202,0.0
31.0,31,0.0
2177.5,2177,0.5
2958.5,2958,0.5
2966.5,2966,0.5
2944.0,2944,0.0
61.0,61,0.0
1542.5,1542,0.5
57.0,57,0.0
2332.0,2332,0.0
2295.0,2295,0.0
2330.0,2330,0.0
1623.5,1623,0.5
1547.5,1547,0.5
1491.0,1491,0.0
46.0,46,0.0
72.0,72,0.0
22.0,22,0.0
30.75,30,0.75
22.0,22,0.0
1493.0,1493,0.0
72.0,72,0.0
22.0,22,0.0
2267.0,2267,0.0
2320.0,2320,0.0
57.0,57,0.0
31.0,31,0.0
22.0,22,0.0
1641.0,1641,0.0
1530.0,1530,0.0
181.0,181,0.0
2382.5,2382,0.5
77.0,77,0.0
24.0,24,0.0
22.0,22,0.0
1515.0,1515,0.0
2367.0,2367,0.0
22.0,22,0.0
72.0,72,0.0
72.0,72,0.0
1641.0,1641,0.0
1510.5,1510,0.5
1521.5,1521,0.5
2422.0,2422,0.0
2268.5,2268,0.5
2381.5,2381,0.5
22.0,22,0.0
1542.0,1542,0.0
1491.0,1491,0.0
86.0,86,0.0
1510.5,1510,0.5
22.0,22,0.0
2405.0,2405,0.0
2279.5,2279,0.5
2387.5,2387,0.5
2249.5,2249,0.5
2417.5,2417,0.5
22.0,22,0.0
22.0,22,0.0
67.0,67,0.0
22.0,22,0.0
2256.0,2256,0.0
2251.0,2251,0.0
2274.5,2274,0.5
1510.5,1510,0.5
2298.5,2298,0.5
2357.5,2357,0.5
2382.0,2382,0.0
2263.5,2263,0.5
2274.5,2274,0.5
2274.0,2274,0.0
107.0,107,0.0
72.0,72,0.0
1522.5,1522,0.5
2355.0,2355,0.0
1641.0,1641,0.0
2398.0,2398,0.0
86.0,86,0.0
67.0,67,0.0
57.0,57,0.0
57.0,57,0.0
57.0,57,0.0
30.0,30,0.0
1610.0,1610,0.0
57.0,57,0.0
1510.5,1510,0.5
86.0,86,0.0
77.0,77,0.0
141.0,141,0.0
22.0,22,0.0
22.0,22,0.0
57.0,57,0.0
31.0,31,0.0
57.0,57,0.0
73.0,73,0.0
86.0,86,0.0
1535.5,1535,0.5
1542.0,1542,0.0
86.0,86,0.0
71.75,71,0.75
57.0,57,0.0
37.0,37,0.0
40.0,40,0.0
57.0,57,0.0
22.0,22,0.0
2303.0,2303,0.0
2281.5,2281,0.5
2274.5,2274,0.5
24.0,24,0.0
57.0,57,0.0
41.0,41,0.0
2280.0,2280,0.0
42.666666666666664,42,0.6666666666666643
2296.0,2296,0.0
41.0,41,0.0
1881.6666666666667,1881,0.6666666666667425
2279.6666666666665,2279,0.6666666666665151
2286.0,2286,0.0
2290.3333333333335,2290,0.3333333333334849
68.5,68,0.5
45.0,45,0.0
69.5,69,0.5
2268.6666666666665,2268,0.6666666666665151
2290.6666666666665,2290,0.6666666666665151
2280.6666666666665,2280,0.6666666666665151
1907.3333333333333,1907,0.33333333333325754
1727.0,1727,0.0
38.5,38,0.5
2281.0,2281,0.0
2257.3333333333335,2257,0.3333333333334849
38.5,38,0.5
1728.3333333333333,1728,0.33333333333325754
1745.6666666666667,1745,0.6666666666667425
1712.6666666666667,1712,0.6666666666667425
2256.0,2256,0.0
2394.0,2394,0.0
2387.5,2387,0.5
1641.0,1641,0.0
57.0,57,0.0
62.0,62,0.0
30.0,30,0.0
90.0,90,0.0
1641.0,1641,0.0
31.0,31,0.0
946.5,946,0.5
2330.0,2330,0.0
49.0,49,0.0
46.0,46,0.0
946.5,946,0.5
86.0,86,0.0
900.5,900,0.5
902.0,902,0.0
2264.0,2264,0.0
32.5,32,0.5
33.0,33,0.0
2293.0,2293,0.0
122.5,122,0.5
1647.5,1647,0.5
85.0,85,0.0
107.0,107,0.0
86.0,86,0.0
789.5,789,0.5
57.0,57,0.0
1659.5,1659,0.5
1647.5,1647,0.5
1886.0,1886,0.0
32.0,32,0.0
32.0,32,0.0
1930.5,1930,0.5
1915.5,1915,0.5
1750.0,1750,0.0
69.0,69,0.0
31.0,31,0.0
30.0,30,0.0
60.5,60,0.5
924.0,924,0.0
32.0,32,0.0
31.0,31,0.0
2277.0,2277,0.0
22.0,22,0.0
834.5,834,0.5
787.5,787,0.5
951.0,951,0.0
793.0,793,0.0
794.5,794,0.5
22.0,22,0.0
92.0,92,0.0
57.0,57,0.0
2301.6666666666665,2301,0.6666666666665151
2321.3333333333335,2321,0.3333333333334849
2286.3333333333335,2286,0.3333333333334849
2269.6666666666665,2269,0.6666666666665151
52.0,52,0.0
66.0,66,0.0
919.5,919,0.5
949.0,949,0.0
2273.0,2273,0.0
2269.3333333333335,2269,0.3333333333334849
32.0,32,0.0
2382.5,2382,0.5
22.0,22,0.0
57.0,57,0.0
1678.5,1678,0.5
2268.0,2268,0.0
1881.6666666666667,1881,0.6666666666667425
1881.0,1881,0.0
1707.6666666666667,1707,0.6666666666667425
1763.3333333333333,1763,0.33333333333325754
1883.3333333333333,1883,0.33333333333325754
1869.0,1869,0.0
43.0,43,0.0
43.0,43,0.0
93.33333333333333,93,0.3333333333333286
1725.6666666666667,1725,0.6666666666667425
42.666666666666664,42,0.6666666666666643
57.5,57,0.5
1884.0,1884,0.0
53.0,53,0.0
49.5,49,0.5
41.0,41,0.0
1882.6666666666667,1882,0.6666666666667425
1892.0,1892,0.0
1898.0,1898,0.0
1869.3333333333333,1869,0.33333333333325754
1203.6666666666667,1203,0.6666666666667425
57.5,57,0.5
38.5,38,0.5
87.0,87,0.0
1873.0,1873,0.0
1872.6666666666667,1872,0.6666666666667425
37.5,37,0.5
78.5,78,0.5
30.0,30,0.0
57.0,57,0.0
72.0,72,0.0
45.0,45,0.0
839.0,839,0.0
56.0,56,0.0
924.0,924,0.0
1725.5,1725,0.5
22.0,22,0.0
1375.5,1375,0.5
34.5,34,0.5
37.0,37,0.0
35.0,35,0.0
114.0,114,0.0
1377.5,1377,0.5
946.5,946,0.5
86.0,86,0.0
50.2,50,0.20000000000000284
57.0,57,0.0
31.0,31,0.0
22.0,22,0.0
900.5,900,0.5
46.6,46,0.6000000000000014
57.0,57,0.0
922.5,922,0.5
66.66666666666667,66,0.6666666666666714
75.33333333333333,75,0.3333333333333286
1226.3333333333333,1226,0.33333333333325754
1222.0,1222,0.0
1203.6666666666667,1203,0.6666666666667425
944.5,944,0.5
892.0,892,0.0
919.5,919,0.5
819.0,819,0.0
839.0,839,0.0
1350.5,1350,0.5
819.0,819,0.0
77.0,77,0.0
1680.5,1680,0.5
22.0,22,0.0
86.0,86,0.0
1648.5,1648,0.5
1658.5,1658,0.5
1676.0,1676,0.0
2370.5,2370,0.5
49.666666666666664,49,0.6666666666666643
1688.0,1688,0.0
1659.5,1659,0.5
31.0,31,0.0
31.0,31,0.0
29.0,29,0.0
1886.0,1886,0.0
68.0,68,0.0
1904.5,1904,0.5
1918.0,1918,0.0
1875.0,1875,0.0
1907.0,1907,0.0
1903.5,1903,0.5
1902.0,1902,0.0
1882.0,1882,0.0
1917.5,1917,0.5
87.0,87,0.0
72.0,72,0.0
2198.5,2198,0.5
2221.5,2221,0.5
2198.5,2198,0.5
2198.5,2198,0.5
1641.0,1641,0.0
29.0,29,0.0
67.0,67,0.0
57.0,57,0.0
24.0,24,0.0
2250.0,2250,0.0
2198.5,2198,0.5
2203.0,2203,0.0
2208.5,2208,0.5
2235.0,2235,0.0
86.0,86,0.0
72.0,72,0.0
49.0,49,0.0
1509.0,1509,0.0
2996.5,2996,0.5
115.0,115,0.0
2216.6666666666665,2216,0.6666666666665151
2988.5,2988,0.5
2965.0,2965,0.0
2226.3333333333335,2226,0.3333333333334849
2165.6666666666665,2165,0.6666666666665151
2157.6666666666665,2157,0.6666666666665151
2188.6666666666665,2188,0.6666666666665151
2161.3333333333335,2161,0.3333333333334849
2955.0,2955,0.0
72.0,72,0.0
2203.0,2203,0.0
72.0,72,0.0
1631.0,1631,0.0
1645.5,1645,0.5
2205.3333333333335,2205,0.3333333333334849
37.5,37,0.5
39.0,39,0.0
39.0,39,0.0
72.5,72,0.5
122.0,122,0.0
47.0,47,0.0
87.0,87,0.0
72.0,72,0.0
33.0,33,0.0
2775.3333333333335,2775,0.3333333333334849
33.0,33,0.0
2773.6666666666665,2773,0.6666666666665151
52.5,52,0.5
2381.0,2381,0.0
2449.0,2449,0.0
37.0,37,0.0
33.0,33,0.0
2772.3333333333335,2772,0.3333333333334849
37.0,37,0.0
2767.0,2767,0.0
2363.0,2363,0.0
37.0,37,0.0
84.5,84,0.5
2772.0,2772,0.0
69.0,69,0.0
107.0,107,0.0
2769.3333333333335,2769,0.3333333333334849
59.5,59,0.5
2355.5,2355,0.5
33.0,33,0.0
33.0,33,0.0
2360.6666666666665,2360,0.6666666666665151
72.0,72,0.0
33.0,33,0.0
157.0,157,0.0
2787.0,2787,0.0
58.5,58,0.5
64.66666666666667,64,0.6666666666666714
1873.6666666666667,1873,0.6666666666667425
1887.6666666666667,1887,0.6666666666667425
41.0,41,0.0
43.0,43,0.0
1920.0,1920,0.0
1888.6666666666667,1888,0.6666666666667425
1884.6666666666667,1884,0.6666666666667425
69.5,69,0.5
1884.0,1884,0.0
1914.6666666666667,1914,0.6666666666667425
1898.6666666666667,1898,0.6666666666667425
41.0,41,0.0
41.0,41,0.0
78.0,78,0.0
1873.6666666666667,1873,0.6666666666667425
1868.0,1868,0.0
1885.3333333333333,1885,0.33333333333325754
57.5,57,0.5
37.5,37,0.5
37.5,37,0.5
1887.3333333333333,1887,0.33333333333325754
42.0,42,0.0
38.5,38,0.5
39.5,39,0.5
1895.6666666666667,1895,0.6666666666667425
1894.0,1894,0.0
1903.3333333333333,1903,0.33333333333325754
45.0,45,0.0
1881.0,1881,0.0
1647.5,1647,0.5
1695.5,1695,0.5
85.0,85,0.0
1675.5,1675,0.5
72.0,72,0.0
51.666666666666664,51,0.6666666666666643
57.0,57,0.0
72.0,72,0.0
81.0,81,0.0
57.0,57,0.0
96.0,96,0.0
31.0,31,0.0
72.0,72,0.0
96.0,96,0.0
1697.0,1697,0.0
81.0,81,0.0
1689.5,1689,0.5
1671.0,1671,0.0
86.0,86,0.0
81.0,81,0.0
1210.0,1210,0.0
1238.3333333333333,1238,0.33333333333325754
1884.6666666666667,1884,0.6666666666667425
1884.0,1884,0.0
1882.6666666666667,1882,0.6666666666667425
1739.0,1739,0.0
43.0,43,0.0
57.0,57,0.0
1393.0,1393,0.0
1368.0,1368,0.0
86.0,86,0.0
896.5,896,0.5
22.0,22,0.0
1382.5,1382,0.5
72.0,72,0.0
40.666666666666664,40,0.6666666666666643
1719.3333333333333,1719,0.33333333333325754
1752.6666666666667,1752,0.6666666666667425
1732.0,1732,0.0
89.0,89,0.0
1712.3333333333333,1712,0.33333333333325754
57.0,57,0.0
2373.0,2373,0.0
39.0,39,0.0
899.5,899,0.5
884.5,884,0.5
902.0,902,0.0
1744.6666666666667,1744,0.6666666666667425
1713.6666666666667,1713,0.6666666666667425
1675.5,1675,0.5
1688.0,1688,0.0
1688.5,1688,0.5
86.33333333333333,86,0.3333333333333286
1659.5,1659,0.5
46.0,46,0.0
81.0,81,0.0
57.0,57,0.0
46.0,46,0.0
1667.5,1667,0.5
1682.5,1682,0.5
1702.6666666666667,1702,0.6666666666667425
1774.0,1774,0.0
1714.0,1714,0.0
1713.3333333333333,1713,0.33333333333325754
1212.0,1212,0.0
1198.3333333333333,1198,0.33333333333325754
1217.0,1217,0.0
1217.3333333333333,1217,0.33333333333325754
65.33333333333333,65,0.3333333333333286
1713.3333333333333,1713,0.33333333333325754
49.5,49,0.5
1733.3333333333333,1733,0.33333333333325754
69.0,69,0.0
63.666666666666664,63,0.6666666666666643
74.33333333333333,74,0.3333333333333286
61.5,61,0.5
54.5,54,0.5
1265.3333333333333,1265,0.33333333333325754
40.5,40,0.5
69.0,69,0.0
69.0,69,0.0
131.0,131,0.0
38.5,38,0.5
1703.6666666666667,1703,0.6666666666667425
1740.3333333333333,1740,0.33333333333325754
1707.0,1707,0.0
1717.3333333333333,1717,0.33333333333325754
1735.6666666666667,1735,0.6666666666667425
32.0,32,0.0
61.6,61,0.6000000000000014
92.0,92,0.0
806.0,806,0.0
57.0,57,0.0
25.5,25,0.5
81.0,81,0.0
924.0,924,0.0
902.0,902,0.0
946.5,946,0.5
907.0,907,0.0
828.0,828,0.0
72.0,72,0.0
22.0,22,0.0
61.0,61,0.0
902.0,902,0.0
919.5,919,0.5
63.5,63,0.5
1213.0,1213,0.0
1194.0,1194,0.0
1449.5,1449,0.5
1494.0,1494,0.0
57.0,57,0.0
72.0,72,0.0
57.0,57,0.0
86.0,86,0.0
43.0,43,0.0
1377.5,1377,0.5
902.0,902,0.0
1676.0,1676,0.0
1668.5,1668,0.5
46.0,46,0.0
85.33333333333333,85,0.3333333333333286
86.0,86,0.0
107.0,107,0.0
922.5,922,0.5
64.33333333333333,64,0.3333333333333286
946.5,946,0.5
902.0,902,0.0
948.5,948,0.5
919.5,919,0.5
86.0,86,0.0
46.0,46,0.0
41.0,41,0.0
40.0,40,0.0
24.0,24,0.0
76.0,76,0.0
1681.0,1681,0.0
40.0,40,0.0
72.0,72,0.0
1660.0,1660,0.0
904.0,904,0.0
927.0,927,0.0
1665.0,1665,0.0
1665.0,1665,0.0
1687.0,1687,0.0
57.0,57,0.0
94.0,94,0.0
888.5,888,0.5
958.5,958,0.5
898.0,898,0.0
81.0,81,0.0
7.0,7,0.0
40.0,40,0.0
22.0,22,0.0
1647.5,1647,0.5
32.0,32,0.0
1672.0,1672,0.0
96.0,96,0.0
77.0,77,0.0
40.0,40,0.0
902.0,902,0.0
5.0,5,0.0
1678.5,1678,0.5
15.0,15,0.0
40.0,40,0.0
7.0,7,0.0
5.0,5,0.0
64.0,64,0.0
925.0,925,0.0
64.0,64,0.0
66.0,66,0.0
86.0,86,0.0
57.0,57,0.0
1680.0,1680,0.0
1660.0,1660,0.0
944.5,944,0.5
896.5,896,0.5
884.5,884,0.5
769.0,769,0.0
924.0,924,0.0
964.0,964,0.0
1685.5,1685,0.5
1660.0,1660,0.0
1684.5,1684,0.5
39.0,39,0.0
71.0,71,0.0
2333.0,2333,0.0
2777.3333333333335,2777,0.3333333333334849
2773.0,2773,0.0
2817.0,2817,0.0
2773.6666666666665,2773,0.6666666666665151
2798.0,2798,0.0
31.0,31,0.0
22.0,22,0.0
22.0,22,0.0
1671.0,1671,0.0
1698.0,1698,0.0
81.0,81,0.0
2388.0,2388,0.0
22.0,22,0.0
1676.0,1676,0.0
1656.0,1656,0.0
1683.5,1683,0.5
142.0,142,0.0
1685.0,1685,0.0
22.0,22,0.0
31.0,31,0.0
101.0,101,0.0
48.666666666666664,48,0.6666666666666643
1692.5,1692,0.5
1685.0,1685,0.0
1677.5,1677,0.5
181.0,181,0.0
1681.0,1681,0.0
1688.5,1688,0.5
1700.5,1700,0.5
32.0,32,0.0
89.66666666666667,89,0.6666666666666714
1703.0,1703,0.0
1679.5,1679,0.5
44.666666666666664,44,0.6666666666666643
2387.5,2387,0.5
96.0,96,0.0
1655.0,1655,0.0
22.0,22,0.0
68.0,68,0.0
1678.5,1678,0.5
7.0,7,0.0
91.0,91,0.0
40.0,40,0.0
7.0,7,0.0
64.0,64,0.0
1691.0,1691,0.0
1677.5,1677,0.5
1751.5,1751,0.5
1707.0,1707,0.0
7.0,7,0.0
7.0,7,0.0
7.0,7,0.0
1671.0,1671,0.0
2397.5,2397,0.5
82.0,82,0.0
65.0,65,0.0
1680.0,1680,0.0
90.0,90,0.0
40.0,40,0.0
1672.5,1672,0.5
1656.0,1656,0.0
1655.0,1655,0.0
40.0,40,0.0
68.0,68,0.0
40.0,40,0.0
40.0,40,0.0
127.0,127,0.0
7.0,7,0.0
55.0,55,0.0
884.5,884,0.5
919.5,919,0.5
804.0,804,0.0
804.0,804,0.0
1697.0,1697,0.0
15.0,15,0.0
64.0,64,0.0
1497.0,1497,0.0
40.666666666666664,40,0.6666666666666643
40.0,40,0.0
54.0,54,0.0
62.0,62,0.0
40.0,40,0.0
40.0,40,0.0
55.0,55,0.0
164.0,164,0.0
1518.0,1518,0.0
90.0,90,0.0
40.0,40,0.0
5.0,5,0.0
142.0,142,0.0
57.0,57,0.0
39.5,39,0.5
41.5,41,0.5
63.5,63,0.5
81.0,81,0.0
751.5,751,0.5
59.0,59,0.0
63.5,63,0.5
1903.5,1903,0.5
1500.5,1500,0.5
2221.6666666666665,2221,0.6666666666665151
29.0,29,0.0
5.0,5,0.0
5.0,5,0.0
127.0,127,0.0
36.5,36,0.5
95.5,95,0.5
22.0,22,0.0
80.5,80,0.5
37.0,37,0.0
61.5,61,0.5
69.0,69,0.0
42.0,42,0.0
1508.5,1508,0.5
1635.5,1635,0.5
78.0,78,0.0
2198.5,2198,0.5
57.5,57,0.5
42.0,42,0.0
40.0,40,0.0
56.5,56,0.5
76.5,76,0.5
96.5,96,0.5
125.0,125,0.0
75.0,75,0.0
49.0,49,0.0
112.0,112,0.0
52.0,52,0.0
74.0,74,0.0
89.0,89,0.0
1510.5,1510,0.5
20.0,20,0.0
59.0,59,0.0
763.5,763,0.5
773.5,773,0.5
769.0,769,0.0
53.0,53,0.0
7.0,7,0.0
40.0,40,0.0
125.0,125,0.0
751.5,751,0.5
134.0,134,0.0
53.666666666666664,53,0.6666666666666643
55.0,55,0.0
7.0,7,0.0
40.0,40,0.0
90.0,90,0.0
1508.0,1508,0.0
40.0,40,0.0
59.0,59,0.0
186.0,186,0.0
738.0,738,0.0
752.5,752,0.5
848.0,848,0.0
125.0,125,0.0
734.0,734,0.0
781.0,781,0.0
37.333333333333336,37,0.3333333333333357
5.0,5,0.0
1520.0,1520,0.0
1508.0,1508,0.0
78.0,78,0.0
7.0,7,0.0
40.0,40,0.0
734.0,734,0.0
798.5,798,0.5
750.0,750,0.0
5.0,5,0.0
7.0,7,0.0
164.0,164,0.0
40.0,40,0.0
1528.0,1528,0.0
2401.5,2401,0.5
2419.5,2419,0.5
1527.0,1527,0.0
40.0,40,0.0
1538.0,1538,0.0
1575.0,1575,0.0
1517.0,1517,0.0
46.0,46,0.0
2375.0,2375,0.0
2358.0,2358,0.0
5.0,5,0.0
40.0,40,0.0
5.0,5,0.0
734.0,734,0.0
101.66666666666667,101,0.6666666666666714
40.0,40,0.0
800.5,800,0.5
822.5,822,0.5
29.0,29,0.0
769.0,769,0.0
769.0,769,0.0
40.0,40,0.0
40.0,40,0.0
5.0,5,0.0
104.0,104,0.0
29.0,29,0.0
64.0,64,0.0
40.0,40,0.0
7.0,7,0.0
65.66666666666667,65,0.6666666666666714
7.0,7,0.0
5.0,5,0.0
5.0,5,0.0
5.0,5,0.0
848.0,848,0.0
52.333333333333336,52,0.3333333333333357
81.0,81,0.0
769.0,769,0.0
37.0,37,0.0
769.0,769,0.0
40.0,40,0.0
27.0,27,0.0
773.5,773,0.5
812.0,812,0.0
40.0,40,0.0
7.0,7,0.0
806.0,806,0.0
7.0,7,0.0
769.0,769,0.0
769.0,769,0.0
794.0,794,0.0
1512.0,1512,0.0
800.5,800,0.5
769.0,769,0.0
794.0,794,0.0
763.5,763,0.5
773.5,773,0.5
7.0,7,0.0
58.333333333333336,58,0.3333333333333357
1542.0,1542,0.0
1538.0,1538,0.0
31.0,31,0.0
40.0,40,0.0
794.0,794,0.0
65.0,65,0.0
801.0,801,0.0
105.0,105,0.0
1550.0,1550,0.0
40.5,40,0.5
1733.0,1733,0.0
1765.0,1765,0.0
1738.6666666666667,1738,0.6666666666667425
45.0,45,0.0
1459.5,1459,0.5
1466.5,1466,0.5
1745.6666666666667,1745,0.6666666666667425
1705.6666666666667,1705,0.6666666666667425
71.5,71,0.5
119.0,119,0.0
1729.3333333333333,1729,0.33333333333325754
40.5,40,0.5
84.0,84,0.0
44.0,44,0.0
82.0,82,0.0
1726.0,1726,0.0
69.0,69,0.0
33.0,33,0.0
31.0,31,0.0
48.666666666666664,48,0.6666666666666643
68.0,68,0.0
81.0,81,0.0
75.0,75,0.0
5.0,5,0.0
129.0,129,0.0
90.0,90,0.0
53.0,53,0.0
40.0,40,0.0
78.5,78,0.5
49.0,49,0.0
42.0,42,0.0
2228.0,2228,0.0
61.0,61,0.0
79.0,79,0.0
2952.0,2952,0.0
1500.5,1500,0.5
2243.0,2243,0.0
42.0,42,0.0
96.0,96,0.0
2937.5,2937,0.5
25.0,25,0.0
37.0,37,0.0
1483.0,1483,0.0
2198.5,2198,0.5
40.0,40,0.0
72.0,72,0.0
2220.0,2220,0.0
2153.6666666666665,2153,0.6666666666665151
1795.3333333333333,1795,0.33333333333325754
31.0,31,0.0
1766.6666666666667,1766,0.6666666666667425
57.0,57,0.0
64.0,64,0.0
1837.3333333333333,1837,0.33333333333325754
2950.0,2950,0.0
5.0,5,0.0
734.0,734,0.0
29.333333333333332,29,0.33333333333333215
40.0,40,0.0
106.33333333333333,106,0.3333333333333286
741.5,741,0.5
781.0,781,0.0
781.0,781,0.0
5.0,5,0.0
1294.0,1294,0.0
1217.5,1217,0.5
1225.0,1225,0.0
927.0,927,0.0
927.0,927,0.0
927.0,927,0.0
86.0,86,0.0
936.5,936,0.5
751.5,751,0.5
750.0,750,0.0
766.5,766,0.5
794.0,794,0.0
7.0,7,0.0
64.0,64,0.0
752.5,752,0.5
902.0,902,0.0
794.0,794,0.0
751.5,751,0.5
125.0,125,0.0
99.0,99,0.0
806.0,806,0.0
7.0,7,0.0
763.5,763,0.5
734.0,734,0.0
750.0,750,0.0
796.0,796,0.0
794.0,794,0.0
769.0,769,0.0
40.0,40,0.0
7.0,7,0.0
55.666666666666664,55,0.6666666666666643
40.0,40,0.0
5.0,5,0.0
5.0,5,0.0
7.0,7,0.0
40.0,40,0.0
5.0,5,0.0
30.0,30,0.0
107.0,107,0.0
2198.5,2198,0.5
2226.3333333333335,2226,0.3333333333334849
2229.6666666666665,2229,0.6666666666665151
2189.5,2189,0.5
2338.6666666666665,2338,0.6666666666665151
2144.6666666666665,2144,0.6666666666665151
2801.3333333333335,2801,0.3333333333334849
2954.0,2954,0.0
2961.5,2961,0.5
2224.3333333333335,2224,0.3333333333334849
1631.0,1631,0.0
7.0,7,0.0
57.0,57,0.0
67.0,67,0.0
79.5,79,0.5
78.0,78,0.0
49.0,49,0.0
67.0,67,0.0
81.5,81,0.5
5.0,5,0.0
2191.0,2191,0.0
2335.0,2335,0.0
2403.3333333333335,2403,0.3333333333334849
2956.5,2956,0.5
2974.0,2974,0.0
2936.5,2936,0.5
2189.5,2189,0.5
1535.5,1535,0.5
2198.5,2198,0.5
1500.5,1500,0.5
81.5,81,0.5
2195.0,2195,0.0
2191.0,2191,0.0
1643.0,1643,0.0
2177.5,2177,0.5
69.5,69,0.5
101.0,101,0.0
121.5,121,0.5
40.0,40,0.0
82.0,82,0.0
57.5,57,0.5
40.0,40,0.0
37.0,37,0.0
64.0,64,0.0
1670.5,1670,0.5
64.0,64,0.0
64.0,64,0.0
64.0,64,0.0
64.0,64,0.0
1487.0,1487,0.0
2177.5,2177,0.5
37.0,37,0.0
30.0,30,0.0
2198.5,2198,0.5
2196.0,2196,0.0
2220.5,2220,0.5
61.0,61,0.0
40.0,40,0.0
2233.5,2233,0.5
76.0,76,0.0
91.0,91,0.0
2782.0,2782,0.0
2956.0,2956,0.0
2969.0,2969,0.0
2226.3333333333335,2226,0.3333333333334849
2198.5,2198,0.5
81.0,81,0.0
57.5,57,0.5
117.0,117,0.0
2207.0,2207,0.0
78.0,78,0.0
79.0,79,0.0
86.0,86,0.0
100.0,100,0.0
2230.0,2230,0.0
86.0,86,0.0
7.0,7,0.0
2248.0,2248,0.0
2241.6666666666665,2241,0.6666666666665151
1373.5,1373,0.5
57.0,57,0.0
40.0,40,0.0
1401.5,1401,0.5
734.0,734,0.0
19.0,19,0.0
36.5,36,0.5
1879.5,1879,0.5
40.0,40,0.0
44.0,44,0.0
98.5,98,0.5
20.0,20,0.0
33.5,33,0.5
2988.5,2988,0.5
32.0,32,0.0
32.0,32,0.0
70.0,70,0.0
30.0,30,0.0
31.0,31,0.0
839.0,839,0.0
798.5,798,0.5
55.0,55,0.0
86.0,86,0.0
848.0,848,0.0
72.0,72,0.0
22.0,22,0.0
804.0,804,0.0
839.0,839,0.0
13.0,13,0.0
889.0,889,0.0
126.0,126,0.0
806.0,806,0.0
909.5,909,0.5
927.0,927,0.0
927.0,927,0.0
914.0,914,0.0
941.5,941,0.5
1155.0,1155,0.0
540.0,540,0.0
87.0,87,0.0
948.5,948,0.5
22.0,22,0.0
22.0,22,0.0
749.0,749,0.0
734.0,734,0.0
839.0,839,0.0
751.5,751,0.5
751.5,751,0.5
794.0,794,0.0
65.33333333333333,65,0.3333333333333286
42.0,42,0.0
5.0,5,0.0
839.0,839,0.0
7.0,7,0.0
769.0,769,0.0
62.0,62,0.0
156.0,156,0.0
164.0,164,0.0
63.333333333333336,63,0.3333333333333357
127.0,127,0.0
40.0,40,0.0
5.0,5,0.0
839.0,839,0.0
868.0,868,0.0
773.5,773,0.5
766.5,766,0.5
796.0,796,0.0
769.0,769,0.0
27.0,27,0.0
64.0,64,0.0
13.0,13,0.0
7.0,7,0.0
5.0,5,0.0
7.0,7,0.0
5.0,5,0.0
15.0,15,0.0
40.0,40,0.0
1361.0,1361,0.0
1529.0,1529,0.0
2095.0,2095,0.0
2235.3333333333335,2235,0.3333333333334849
2215.3333333333335,2215,0.3333333333334849
1361.0,1361,0.0
2327.0,2327,0.0
99.0,99,0.0
37.0,37,0.0
89.0,89,0.0
30.0,30,0.0
96.0,96,0.0
2217.3333333333335,2217,0.3333333333334849
54.0,54,0.0
2789.0,2789,0.0
2789.0,2789,0.0
2288.3333333333335,2288,0.3333333333334849
5.0,5,0.0
37.0,37,0.0
1520.0,1520,0.0
2130.0,2130,0.0
1389.5,1389,0.5
2219.3333333333335,2219,0.3333333333334849
1393.5,1393,0.5
2265.0,2265,0.0
2236.3333333333335,2236,0.3333333333334849
2076.5,2076,0.5
2076.5,2076,0.5
101.5,101,0.5
71.0,71,0.0
52.0,52,0.0
2072.5,2072,0.5
1404.0,1404,0.0
29.0,29,0.0
40.0,40,0.0
1402.0,1402,0.0
151.0,151,0.0
64.0,64,0.0
40.0,40,0.0
49.0,49,0.0
1377.0,1377,0.0
1373.5,1373,0.5
2097.0,2097,0.0
49.0,49,0.0
2059.0,2059,0.0
79.5,79,0.5
40.0,40,0.0
57.0,57,0.0
30.0,30,0.0
79.5,79,0.5
2978.5,2978,0.5
2347.0,2347,0.0
30.0,30,0.0
2104.5,2104,0.5
2091.5,2091,0.5
57.0,57,0.0
35.5,35,0.5
76.5,76,0.5
35.5,35,0.5
2233.0,2233,0.0
30.0,30,0.0
58.5,58,0.5
25.0,25,0.0
35.5,35,0.5
32.0,32,0.0
2086.5,2086,0.5
2235.3333333333335,2235,0.3333333333334849
53.0,53,0.0
76.5,76,0.5
30.0,30,0.0
1416.5,1416,0.5
22.0,22,0.0
2071.5,2071,0.5
1529.0,1529,0.0
28.5,28,0.5
46.0,46,0.0
31.0,31,0.0
1391.0,1391,0.0
1524.0,1524,0.0
1536.5,1536,0.5
751.5,751,0.5
1497.0,1497,0.0
70.0,70,0.0
57.0,57,0.0
37.0,37,0.0
81.0,81,0.0
90.0,90,0.0
40.0,40,0.0
27.0,27,0.0
1930.0,1930,0.0
1902.0,1902,0.0
749.0,749,0.0
653.5,653,0.5
56.0,56,0.0
36.5,36,0.5
20.0,20,0.0
19.5,19,0.5
1499.5,1499,0.5
1540.0,1540,0.0
39.5,39,0.5
64.5,64,0.5
15.0,15,0.0
1426.5,1426,0.5
1913.0,1913,0.0
1913.0,1913,0.0
1893.0,1893,0.0
20.5,20,0.5
1900.0,1900,0.0
1898.5,1898,0.5
51.5,51,0.5
1886.0,1886,0.0
1892.5,1892,0.5
1928.0,1928,0.0
1875.0,1875,0.0
39.5,39,0.5
1903.5,1903,0.5
1913.0,1913,0.0
1903.5,1903,0.5
1923.0,1923,0.0
1901.5,1901,0.5
49.0,49,0.0
2971.5,2971,0.5
2223.0,2223,0.0
2230.0,2230,0.0
72.0,72,0.0
2103.0,2103,0.0
2216.6666666666665,2216,0.6666666666665151
22.0,22,0.0
94.0,94,0.0
2077.5,2077,0.5
2089.0,2089,0.0
2249.3333333333335,2249,0.3333333333334849
57.5,57,0.5
2213.0,2213,0.0
2264.3333333333335,2264,0.3333333333334849
25.0,25,0.0
1391.0,1391,0.0
2228.0,2228,0.0
2066.5,2066,0.5
1496.0,1496,0.0
24.0,24,0.0
25.0,25,0.0
1402.0,1402,0.0
81.0,81,0.0
72.0,72,0.0
1385.5,1385,0.5
1373.5,1373,0.5
1378.0,1378,0.0
2071.5,2071,0.5
86.0,86,0.0
37.5,37,0.5
96.0,96,0.0
2224.3333333333335,2224,0.3333333333334849
2225.0,2225,0.0
1366.0,1366,0.0
2768.3333333333335,2768,0.3333333333334849
2950.0,2950,0.0
2356.3333333333335,2356,0.3333333333334849
2944.0,2944,0.0
2333.3333333333335,2333,0.3333333333334849
2409.6666666666665,2409,0.6666666666665151
2319.6666666666665,2319,0.6666666666665151
2958.5,2958,0.5
2948.0,2948,0.0
2947.5,2947,0.5
164.0,164,0.0
40.0,40,0.0
37.0,37,0.0
2421.6666666666665,2421,0.6666666666665151
2369.6666666666665,2369,0.6666666666665151
2418.3333333333335,2418,0.3333333333334849
70.0,70,0.0
2792.3333333333335,2792,0.3333333333334849
39.0,39,0.0
91.0,91,0.0
2317.6666666666665,2317,0.6666666666665151
2314.6666666666665,2314,0.6666666666665151
48.5,48,0.5
54.0,54,0.0
70.0,70,0.0
120.0,120,0.0
2807.0,2807,0.0
70.0,70,0.0
105.5,105,0.5
120.0,120,0.0
70.0,70,0.0
79.0,79,0.0
94.0,94,0.0
120.0,120,0.0
2306.3333333333335,2306,0.3333333333334849
94.0,94,0.0
2404.0,2404,0.0
2325.0,2325,0.0
2767.0,2767,0.0
34.5,34,0.5
1739.0,1739,0.0
1734.0,1734,0.0
1731.0,1731,0.0
40.5,40,0.5
61.0,61,0.0
40.5,40,0.5
43.0,43,0.0
1727.3333333333333,1727,0.33333333333325754
38.5,38,0.5
1725.6666666666667,1725,0.6666666666667425
1738.3333333333333,1738,0.33333333333325754
40.5,40,0.5
76.0,76,0.0
1745.6666666666667,1745,0.6666666666667425
1717.0,1717,0.0
2190.5,2190,0.5
31.0,31,0.0
81.0,81,0.0
61.5,61,0.5
30.0,30,0.0
31.0,31,0.0
32.0,32,0.0
69.0,69,0.0
2183.0,2183,0.0
2172.0,2172,0.0
2184.0,2184,0.0
81.0,81,0.0
48.5,48,0.5
45.0,45,0.0
32.0,32,0.0
2189.5,2189,0.5
2172.0,2172,0.0
2232.5,2232,0.5
57.0,57,0.0
55.0,55,0.0
1574.5,1574,0.5
125.0,125,0.0
71.33333333333333,71,0.3333333333333286
40.0,40,0.0
7.0,7,0.0
99.0,99,0.0
7.0,7,0.0
51.666666666666664,51,0.6666666666666643
7.0,7,0.0
5.0,5,0.0
40.0,40,0.0
1562.5,1562,0.5
1590.5,1590,0.5
40.0,40,0.0
1459.5,1459,0.5
2195.5,2195,0.5
2196.0,2196,0.0
53.75,53,0.75
46.0,46,0.0
100.0,100,0.0
2425.0,2425,0.0
2351.5,2351,0.5
7.0,7,0.0
2222.5,2222,0.5
2222.5,2222,0.5
2233.0,2233,0.0
2224.0,2224,0.0
2195.5,2195,0.5
2184.0,2184,0.0
2220.5,2220,0.5
2196.5,2196,0.5
43.0,43,0.0
2362.5,2362,0.5
815.5,815,0.5
776.0,776,0.0
99.0,99,0.0
776.0,776,0.0
2192.0,2192,0.0
1605.0,1605,0.0
1587.0,1587,0.0
1577.5,1577,0.5
1579.5,1579,0.5
64.0,64,0.0
7.0,7,0.0
1540.0,1540,0.0
1571.5,1571,0.5
2396.5,2396,0.5
13.0,13,0.0
1606.0,1606,0.0
2222.0,2222,0.0
2216.5,2216,0.5
49.5,49,0.5
2223.0,2223,0.0
1475.5,1475,0.5
1458.0,1458,0.0
1463.0,1463,0.0
1455.0,1455,0.0
34.5,34,0.5
1409.0,1409,0.0
2245.0,2245,0.0
2234.0,2234,0.0
50.5,50,0.5
20.5,20,0.5
2199.5,2199,0.5
2199.5,2199,0.5
2192.0,2192,0.0
2223.5,2223,0.5
61.5,61,0.5
2183.0,2183,0.0
36.0,36,0.0
2200.5,2200,0.5
2195.5,2195,0.5
2235.0,2235,0.0
2187.5,2187,0.5
1416.5,1416,0.5
121.5,121,0.5
45.0,45,0.0
20.0,20,0.0
30.0,30,0.0
30.0,30,0.0
95.5,95,0.5
63.5,63,0.5
33.0,33,0.0
49.5,49,0.5
61.5,61,0.5
37.0,37,0.0
26.0,26,0.0
18.5,18,0.5
37.0,37,0.0
44.75,44,0.75
31.0,31,0.0
22.0,22,0.0
7.0,7,0.0
64.0,64,0.0
46.0,46,0.0
57.0,57,0.0
50.0,50,0.0
776.0,776,0.0
39.5,39,0.5
812.0,812,0.0
793.5,793,0.5
815.5,815,0.5
40.0,40,0.0
5.0,5,0.0
22.0,22,0.0
46.0,46,0.0
35.0,35,0.0
1886.0,1886,0.0
39.5,39,0.5
19.5,19,0.5
1448.5,1448,0.5
1467.0,1467,0.0
1426.5,1426,0.5
1420.0,1420,0.0
7.0,7,0.0
40.0,40,0.0
40.0,40,0.0
64.0,64,0.0
104.0,104,0.0
114.0,114,0.0
14.0,14,0.0
673.0,673,0.0
96.0,96,0.0
57.0,57,0.0
57.0,57,0.0
1557.5,1557,0.5
40.0,40,0.0
7.0,7,0.0
865.0,865,0.0
841.5,841,0.5
40.0,40,0.0
69.0,69,0.0
840.5,840,0.5
787.0,787,0.0
787.0,787,0.0
838.0,838,0.0
889.0,889,0.0
55.0,55,0.0
40.0,40,0.0
60.0,60,0.0
7.0,7,0.0
7.0,7,0.0
40.0,40,0.0
7.0,7,0.0
7.0,7,0.0
5.0,5,0.0
15.0,15,0.0
1567.5,1567,0.5
1539.0,1539,0.0
2421.5,2421,0.5
15.0,15,0.0
90.0,90,0.0
40.0,40,0.0
811.0,811,0.0
811.0,811,0.0
31.333333333333332,31,0.33333333333333215
811.0,811,0.0
815.5,815,0.5
7.0,7,0.0
788.0,788,0.0
5.0,5,0.0
7.0,7,0.0
55.0,55,0.0
40.0,40,0.0
7.0,7,0.0
1576.5,1576,0.5
1556.5,1556,0.5
1576.5,1576,0.5
804.0,804,0.0
51.0,51,0.0
792.0,792,0.0
173.0,173,0.0
40.0,40,0.0
1599.5,1599,0.5
1567.5,1567,0.5
40.0,40,0.0
7.0,7,0.0
40.0,40,0.0
815.5,815,0.5
848.0,848,0.0
40.0,40,0.0
7.0,7,0.0
811.0,811,0.0
798.5,798,0.5
811.0,811,0.0
52.0,52,0.0
811.0,811,0.0
823.0,823,0.0
776.0,776,0.0
5.0,5,0.0
1551.0,1551,0.0
1623.5,1623,0.5
815.5,815,0.5
1599.5,1599,0.5
1570.0,1570,0.0
1572.5,1572,0.5
1557.5,1557,0.5
70.0,70,0.0
163.0,163,0.0
2765.6666666666665,2765,0.6666666666665151
35.0,35,0.0
120.0,120,0.0
2410.6666666666665,2410,0.6666666666665151
40.0,40,0.0
51.0,51,0.0
5.0,5,0.0
40.0,40,0.0
2372.5,2372,0.5
2359.5,2359,0.5
1592.0,1592,0.0
1571.0,1571,0.0
60.0,60,0.0
1589.0,1589,0.0
7.0,7,0.0
1564.0,1564,0.0
7.0,7,0.0
1589.5,1589,0.5
1552.5,1552,0.5
40.0,40,0.0
1589.0,1589,0.0
68.0,68,0.0
45.333333333333336,45,0.3333333333333357
56.0,56,0.0
57.0,57,0.0
1592.0,1592,0.0
1572.5,1572,0.5
5.0,5,0.0
104.0,104,0.0
114.0,114,0.0
7.0,7,0.0
7.0,7,0.0
5.0,5,0.0
5.0,5,0.0
1564.0,1564,0.0
1576.5,1576,0.5
40.0,40,0.0
2414.0,2414,0.0
40.0,40,0.0
7.0,7,0.0
1567.5,1567,0.5
2390.0,2390,0.0
1574.0,1574,0.0
40.0,40,0.0
1566.5,1566,0.5
1574.0,1574,0.0
5.0,5,0.0
40.0,40,0.0
44.0,44,0.0
40.0,40,0.0
1557.5,1557,0.5
15.0,15,0.0
7.0,7,0.0
40.0,40,0.0
40.0,40,0.0
783.5,783,0.5
809.5,809,0.5
1564.0,1564,0.0
5.0,5,0.0
106.33333333333333,106,0.3333333333333286
5.0,5,0.0
90.0,90,0.0
5.0,5,0.0
1560.0,1560,0.0
77.33333333333333,77,0.3333333333333286
1551.5,1551,0.5
5.0,5,0.0
5.0,5,0.0
816.5,816,0.5
5.0,5,0.0
31.0,31,0.0
1886.0,1886,0.0
58.0,58,0.0
787.0,787,0.0
815.5,815,0.5
1585.0,1585,0.0
40.0,40,0.0
7.0,7,0.0
793.5,793,0.5
811.0,811,0.0
16.0,16,0.0
1900.5,1900,0.5
1886.0,1886,0.0
18.5,18,0.5
1894.0,1894,0.0
1902.0,1902,0.0
2245.3333333333335,2245,0.3333333333334849
38.5,38,0.5
94.0,94,0.0
7.0,7,0.0
69.5,69,0.5
65.0,65,0.0
32.0,32,0.0
25.0,25,0.0
26.5,26,0.5
24.5,24,0.5
32.0,32,0.0
1378.5,1378,0.5
25.0,25,0.0
2216.6666666666665,2216,0.6666666666665151
1373.5,1373,0.5
1549.5,1549,0.5
1408.0,1408,0.0
1391.0,1391,0.0
5.0,5,0.0
35.0,35,0.0
1373.5,1373,0.5
44.5,44,0.5
1543.0,1543,0.0
1401.5,1401,0.5
18.5,18,0.5
20.0,20,0.0
793.5,793,0.5
815.5,815,0.5
145.66666666666666,145,0.6666666666666572
40.0,40,0.0
77.0,77,0.0
811.0,811,0.0
780.0,780,0.0
776.0,776,0.0
838.0,838,0.0
793.5,793,0.5
7.0,7,0.0
7.0,7,0.0
61.0,61,0.0
86.0,86,0.0
1539.0,1539,0.0
1576.5,1576,0.5
1562.0,1562,0.0
1560.0,1560,0.0
1590.0,1590,0.0
40.0,40,0.0
40.0,40,0.0
90.0,90,0.0
55.333333333333336,55,0.3333333333333357
842.5,842,0.5
2406.5,2406,0.5
1591.0,1591,0.0
1558.5,1558,0.5
1550.0,1550,0.0
92.0,92,0.0
40.0,40,0.0
40.0,40,0.0
811.0,811,0.0
85.33333333333333,85,0.3333333333333286
1611.5,1611,0.5
1577.0,1577,0.0
1599.0,1599,0.0
793.5,793,0.5
811.0,811,0.0
40.0,40,0.0
7.0,7,0.0
776.0,776,0.0
89.33333333333333,89,0.3333333333333286
40.0,40,0.0
40.0,40,0.0
40.0,40,0.0
48.0,48,0.0
62.0,62,0.0
40.0,40,0.0
125.0,125,0.0
7.0,7,0.0
7.0,7,0.0
1556.5,1556,0.5
1557.5,1557,0.5
22.0,22,0.0
805.5,805,0.5
1586.5,1586,0.5
27.0,27,0.0
815.5,815,0.5
7.0,7,0.0
780.0,780,0.0
62.666666666666664,62,0.6666666666666643
811.0,811,0.0
838.0,838,0.0
793.5,793,0.5
846.0,846,0.0
811.0,811,0.0
794.5,794,0.5
5.0,5,0.0
1599.5,1599,0.5
1550.0,1550,0.0
83.33333333333333,83,0.3333333333333286
815.5,815,0.5
797.5,797,0.5
64.0,64,0.0
1562.5,1562,0.5
62.0,62,0.0
1559.0,1559,0.0
60.333333333333336,60,0.3333333333333357
112.0,112,0.0
40.0,40,0.0
40.0,40,0.0
793.5,793,0.5
669.0,669,0.0
575.0,575,0.0
5.0,5,0.0
687.5,687,0.5
713.5,713,0.5
686.5,686,0.5
679.0,679,0.0
686.0,686,0.0
589.0,589,0.0
669.0,669,0.0
681.5,681,0.5
57.666666666666664,57,0.6666666666666643
5.0,5,0.0
687.5,687,0.5
674.0,674,0.0
40.0,40,0.0
63.0,63,0.0
1550.0,1550,0.0
2456.0,2456,0.0
2360.0,2360,0.0
1556.5,1556,0.5
1539.0,1539,0.0
672.5,672,0.5
34.0,34,0.0
35.0,35,0.0
5.0,5,0.0
127.0,127,0.0
1455.0,1455,0.0
2172.0,2172,0.0
71.5,71,0.5
2255.0,2255,0.0
17.5,17,0.5
1455.0,1455,0.0
57.0,57,0.0
1453.5,1453,0.5
33.0,33,0.0
31.0,31,0.0
2183.5,2183,0.5
2234.5,2234,0.5
2211.5,2211,0.5
2243.0,2243,0.0
2208.0,2208,0.0
2220.0,2220,0.0
2173.0,2173,0.0
30.0,30,0.0
58.0,58,0.0
33.0,33,0.0
2184.5,2184,0.5
2230.0,2230,0.0
2195.5,2195,0.5
84.0,84,0.0
40.5,40,0.5
2295.0,2295,0.0
2215.0,2215,0.0
32.0,32,0.0
20.0,20,0.0
33.0,33,0.0
20.0,20,0.0
58.0,58,0.0
44.0,44,0.0
40.0,40,0.0
27.0,27,0.0
57.5,57,0.5
54.0,54,0.0
40.0,40,0.0
27.0,27,0.0
3029.5,3029,0.5
35.0,35,0.0
27.0,27,0.0
60.0,60,0.0
25.0,25,0.0
2954.0,2954,0.0
2979.5,2979,0.5
2988.5,2988,0.5
1513.5,1513,0.5
2415.6666666666665,2415,0.6666666666665151
2330.0,2330,0.0
2389.6666666666665,2389,0.6666666666665151
2343.0,2343,0.0
2314.6666666666665,2314,0.6666666666665151
64.0,64,0.0
40.0,40,0.0
1711.6666666666667,1711,0.6666666666667425
1707.0,1707,0.0
1748.0,1748,0.0
69.0,69,0.0
31.0,31,0.0
58.5,58,0.5
79.0,79,0.0
2333.3333333333335,2333,0.3333333333334849
1720.3333333333333,1720,0.33333333333325754
17.0,17,0.0
17.0,17,0.0
48.0,48,0.0
1886.0,1886,0.0
1903.5,1903,0.5
1901.5,1901,0.5
1892.5,1892,0.5
1902.0,1902,0.0
1882.0,1882,0.0
1903.5,1903,0.5
1524.0,1524,0.0
115.0,115,0.0
1373.5,1373,0.5
1719.6666666666667,1719,0.6666666666667425
1734.3333333333333,1734,0.33333333333325754
25.0,25,0.0
1377.0,1377,0.0
1496.0,1496,0.0
1750.0,1750,0.0
65.0,65,0.0
1523.5,1523,0.5
1722.6666666666667,1722,0.6666666666667425
1735.6666666666667,1735,0.6666666666667425
1751.0,1751,0.0
1386.0,1386,0.0
1385.5,1385,0.5
1402.0,1402,0.0
1544.5,1544,0.5
1562.5,1562,0.5
2956.5,2956,0.5
2949.0,2949,0.0
115.0,115,0.0
15.5,15,0.5
90.0,90,0.0
65.0,65,0.0
1526.5,1526,0.5
2402.0,2402,0.0
2408.0,2408,0.0
2400.0,2400,0.0
2407.6666666666665,2407,0.6666666666665151
65.0,65,0.0
5.0,5,0.0
53.0,53,0.0
70.0,70,0.0
90.0,90,0.0
2321.0,2321,0.0
2396.0,2396,0.0
36.5,36,0.5
2324.6666666666665,2324,0.6666666666665151
2074.0,2074,0.0
35.0,35,0.0
38.5,38,0.5
2780.3333333333335,2780,0.3333333333334849
2797.3333333333335,2797,0.3333333333334849
2301.6666666666665,2301,0.6666666666665151
54.0,54,0.0
2774.6666666666665,2774,0.6666666666665151
199.0,199,0.0
2325.0,2325,0.0
42.0,42,0.0
2323.3333333333335,2323,0.3333333333334849
2082.6666666666665,2082,0.6666666666665151
39.5,39,0.5
2306.0,2306,0.0
75.0,75,0.0
35.0,35,0.0
70.0,70,0.0
35.0,35,0.0
35.0,35,0.0
75.0,75,0.0
95.0,95,0.0
2105.6666666666665,2105,0.6666666666665151
63.5,63,0.5
26.0,26,0.0
19.0,19,0.0
84.0,84,0.0
20.0,20,0.0
2233.5,2233,0.5
2205.5,2205,0.5
32.0,32,0.0
2215.0,2215,0.0
35.0,35,0.0
59.5,59,0.5
2224.0,2224,0.0
2222.0,2222,0.0
2179.5,2179,0.5
2208.0,2208,0.0
2196.5,2196,0.5
67.0,67,0.0
32.0,32,0.0
2196.5,2196,0.5
61.5,61,0.5
30.0,30,0.0
2188.0,2188,0.0
2221.5,2221,0.5
2213.0,2213,0.0
58.0,58,0.0
77.0,77,0.0
1558.5,1558,0.5
166.0,166,0.0
1570.0,1570,0.0
40.0,40,0.0
90.0,90,0.0
40.0,40,0.0
40.0,40,0.0
13.0,13,0.0
90.0,90,0.0
5.0,5,0.0
40.0,40,0.0
99.0,99,0.0
7.0,7,0.0
1544.0,1544,0.0
2223.0,2223,0.0
2204.0,2204,0.0
2199.5,2199,0.5
2208.0,2208,0.0
2202.0,2202,0.0
2220.5,2220,0.5
2183.0,2183,0.0
49.5,49,0.5
90.0,90,0.0
36.5,36,0.5
49.0,49,0.0
564.0,564,0.0
694.0,694,0.0
2206.5,2206,0.5
2184.5,2184,0.5
31.0,31,0.0
2189.5,2189,0.5
1562.5,1562,0.5
1580.0,1580,0.0
1590.0,1590,0.0
1587.5,1587,0.5
40.0,40,0.0
64.0,64,0.0
125.0,125,0.0
15.0,15,0.0
5.0,5,0.0
40.0,40,0.0
1589.0,1589,0.0
91.0,91,0.0
1622.5,1622,0.5
1605.0,1605,0.0
7.0,7,0.0
49.5,49,0.5
2189.5,2189,0.5
2227.0,2227,0.0
2183.0,2183,0.0
84.0,84,0.0
2221.5,2221,0.5
2243.0,2243,0.0
1334.0,1334,0.0
21.0,21,0.0
1322.5,1322,0.5
2184.5,2184,0.5
57.0,57,0.0
66.0,66,0.0
30.0,30,0.0
2207.5,2207,0.5
49.5,49,0.5
2211.5,2211,0.5
2199.5,2199,0.5
2190.5,2190,0.5
2222.0,2222,0.0
33.0,33,0.0
49.5,49,0.5
64.0,64,0.0
51.5,51,0.5
35.5,35,0.5
2212.0,2212,0.0
31.5,31,0.5
33.5,33,0.5
35.5,35,0.5
40.5,40,0.5
31.0,31,0.0
94.0,94,0.0
47.333333333333336,47,0.3333333333333357
62.666666666666664,62,0.6666666666666643
64.0,64,0.0
5.0,5,0.0
31.0,31,0.0
72.0,72,0.0
31.0,31,0.0
21.5,21,0.5
34.0,34,0.0
76.0,76,0.0
40.0,40,0.0
46.25,46,0.25
709.5,709,0.5
86.0,86,0.0
94.0,94,0.0
1340.0,1340,0.0
1323.0,1323,0.0
1305.5,1305,0.5
1305.5,1305,0.5
661.5,661,0.5
94.0,94,0.0
7.0,7,0.0
40.0,40,0.0
57.0,57,0.0
24.0,24,0.0
1540.0,1540,0.0
1552.5,1552,0.5
1576.5,1576,0.5
1571.5,1571,0.5
1567.5,1567,0.5
1622.5,1622,0.5
2471.5,2471,0.5
80.33333333333333,80,0.3333333333333286
40.0,40,0.0
7.0,7,0.0
2406.5,2406,0.5
1599.5,1599,0.5
1611.5,1611,0.5
60.0,60,0.0
42.0,42,0.0
29.0,29,0.0
51.0,51,0.0
5.0,5,0.0
7.0,7,0.0
24.666666666666668,24,0.6666666666666679
661.5,661,0.5
7.0,7,0.0
690.0,690,0.0
81.0,81,0.0
34.666666666666664,34,0.6666666666666643
708.5,708,0.5
48.666666666666664,48,0.6666666666666643
7.0,7,0.0
55.333333333333336,55,0.3333333333333357
14.0,14,0.0
7.0,7,0.0
40.0,40,0.0
79.0,79,0.0
1562.0,1562,0.0
75.33333333333333,75,0.3333333333333286
15.0,15,0.0
2394.5,2394,0.5
40.0,40,0.0
75.33333333333333,75,0.3333333333333286
65.66666666666667,65,0.6666666666666714
133.0,133,0.0
565.0,565,0.0
686.0,686,0.0
90.0,90,0.0
40.0,40,0.0
699.0,699,0.0
711.0,711,0.0
40.0,40,0.0
1589.5,1589,0.5
2424.0,2424,0.0
687.5,687,0.5
40.0,40,0.0
701.0,701,0.0
714.5,714,0.5
90.0,90,0.0
62.0,62,0.0
7.0,7,0.0
1557.5,1557,0.5
7.0,7,0.0
1567.0,1567,0.0
700.0,700,0.0
688.5,688,0.5
699.0,699,0.0
686.5,686,0.5
697.5,697,0.5
2449.5,2449,0.5
2380.5,2380,0.5
5.0,5,0.0
707.0,707,0.0
690.0,690,0.0
40.0,40,0.0
27.0,27,0.0
94.0,94,0.0
712.0,712,0.0
1540.0,1540,0.0
1551.5,1551,0.5
2396.5,2396,0.5
2339.5,2339,0.5
1575.0,1575,0.0
42.0,42,0.0
2082.6666666666665,2082,0.6666666666665151
2183.0,2183,0.0
74.0,74,0.0
2197.3333333333335,2197,0.3333333333334849
1914.6666666666667,1914,0.6666666666667425
1968.3333333333333,1968,0.33333333333325754
2326.3333333333335,2326,0.3333333333334849
2311.0,2311,0.0
2320.0,2320,0.0
2315.0,2315,0.0
84.0,84,0.0
1787.3333333333333,1787,0.33333333333325754
2395.3333333333335,2395,0.3333333333334849
2310.6666666666665,2310,0.6666666666665151
1574.0,1574,0.0
7.0,7,0.0
40.0,40,0.0
1572.5,1572,0.5
7.0,7,0.0
40.0,40,0.0
7.0,7,0.0
1552.5,1552,0.5
64.0,64,0.0
121.66666666666667,121,0.6666666666666714
1617.5,1617,0.5
7.0,7,0.0
104.0,104,0.0
7.0,7,0.0
1546.5,1546,0.5
1579.0,1579,0.0
7.0,7,0.0
40.0,40,0.0
1587.5,1587,0.5
679.0,679,0.0
1559.0,1559,0.0
40.0,40,0.0
5.0,5,0.0
164.0,164,0.0
69.0,69,0.0
1559.0,1559,0.0
5.0,5,0.0
1563.5,1563,0.5
62.0,62,0.0
90.0,90,0.0
1559.0,1559,0.0
1554.5,1554,0.5
5.0,5,0.0
5.0,5,0.0
1550.0,1550,0.0
1555.0,1555,0.0
40.0,40,0.0
40.0,40,0.0
1574.5,1574,0.5
40.0,40,0.0
69.33333333333333,69,0.3333333333333286
166.0,166,0.0
1579.0,1579,0.0
40.0,40,0.0
7.0,7,0.0
5.0,5,0.0
1539.0,1539,0.0
125.0,125,0.0
5.0,5,0.0
1567.5,1567,0.5
1562.5,1562,0.5
1590.0,1590,0.0
711.5,711,0.5
702.5,702,0.5
90.0,90,0.0
1570.5,1570,0.5
1550.0,1550,0.0
1563.5,1563,0.5
1597.5,1597,0.5
597.0,597,0.0
696.0,696,0.0
609.0,609,0.0
565.0,565,0.0
2373.0,2373,0.0
2372.0,2372,0.0
2355.0,2355,0.0
2407.0,2407,0.0
7.0,7,0.0
62.0,62,0.0
5.0,5,0.0
2518.0,2518,0.0
66.0,66,0.0
40.0,40,0.0
2330.0,2330,0.0
5.0,5,0.0
85.0,85,0.0
7.0,7,0.0
1828.5,1828,0.5
47.0,47,0.0
90.0,90,0.0
7.0,7,0.0
575.0,575,0.0
59.0,59,0.0
60.0,60,0.0
90.0,90,0.0
574.0,574,0.0
596.0,596,0.0
540.0,540,0.0
590.0,590,0.0
83.5,83,0.5
5.0,5,0.0
1915.5,1915,0.5
1902.0,1902,0.0
1913.0,1913,0.0
1903.5,1903,0.5
1903.5,1903,0.5
36.5,36,0.5
1875.0,1875,0.0
45.5,45,0.5
1247.6666666666667,1247,0.6666666666667425
7.0,7,0.0
25.5,25,0.5
31.0,31,0.0
40.0,40,0.0
42.0,42,0.0
5.0,5,0.0
65.0,65,0.0
65.0,65,0.0
25.0,25,0.0
31.0,31,0.0
69.0,69,0.0
1267.3333333333333,1267,0.33333333333325754
1320.6666666666667,1320,0.6666666666667425
5.0,5,0.0
40.0,40,0.0
40.0,40,0.0
38.5,38,0.5
1373.5,1373,0.5
1366.0,1366,0.0
1250.6666666666667,1250,0.6666666666667425
1253.0,1253,0.0
66.0,66,0.0
27.0,27,0.0
40.0,40,0.0
19.0,19,0.0
147.0,147,0.0
7.0,7,0.0
592.0,592,0.0
7.0,7,0.0
5.0,5,0.0
7.0,7,0.0
572.0,572,0.0
612.0,612,0.0
665.0,665,0.0
564.0,564,0.0
580.0,580,0.0
40.0,40,0.0
34.666666666666664,34,0.6666666666666643
166.0,166,0.0
64.0,64,0.0
40.0,40,0.0
7.0,7,0.0
7.0,7,0.0
2401.0,2401,0.0
2384.0,2384,0.0
2325.0,2325,0.0
567.0,567,0.0
2320.0,2320,0.0
40.0,40,0.0
562.0,562,0.0
5.0,5,0.0
48.0,48,0.0
2407.0,2407,0.0
2370.0,2370,0.0
7.0,7,0.0
114.0,114,0.0
605.0,605,0.0
40.0,40,0.0
7.0,7,0.0
555.0,555,0.0
567.0,567,0.0
2330.0,2330,0.0
70.66666666666667,70,0.6666666666666714
34.666666666666664,34,0.6666666666666643
1550.5,1550,0.5
90.0,90,0.0
2370.0,2370,0.0
2322.0,2322,0.0
564.0,564,0.0
1571.0,1571,0.0
2415.0,2415,0.0
2362.0,2362,0.0
52.666666666666664,52,0.6666666666666643
40.0,40,0.0
634.0,634,0.0
549.0,549,0.0
651.0,651,0.0
2341.0,2341,0.0
2374.0,2374,0.0
2392.0,2392,0.0
2320.0,2320,0.0
7.0,7,0.0
2342.0,2342,0.0
86.0,86,0.0
2564.0,2564,0.0
14.0,14,0.0
7.0,7,0.0
614.0,614,0.0
570.0,570,0.0
630.0,630,0.0
614.0,614,0.0
589.0,589,0.0
580.0,580,0.0
619.0,619,0.0
540.0,540,0.0
565.0,565,0.0
62.0,62,0.0
166.0,166,0.0
2459.0,2459,0.0
55.0,55,0.0
14.0,14,0.0
580.0,580,0.0
565.0,565,0.0
555.0,555,0.0
565.0,565,0.0
655.0,655,0.0
2528.0,2528,0.0
590.0,590,0.0
564.0,564,0.0
27.0,27,0.0
2377.0,2377,0.0
2322.0,2322,0.0
2330.0,2330,0.0
2367.0,2367,0.0
2320.0,2320,0.0
64.33333333333333,64,0.3333333333333286
630.0,630,0.0
639.0,639,0.0
64.0,64,0.0
40.0,40,0.0
5.0,5,0.0
2245.0,2245,0.0
2172.0,2172,0.0
2195.5,2195,0.5
2184.5,2184,0.5
2205.5,2205,0.5
1322.0,1322,0.0
1350.0,1350,0.0
92.5,92,0.5
1320.5,1320,0.5
1319.5,1319,0.5
41.0,41,0.0
54.5,54,0.5
51.5,51,0.5
40.0,40,0.0
2202.0,2202,0.0
94.5,94,0.5
52.0,52,0.0
93.0,93,0.0
21.5,21,0.5
70.5,70,0.5
35.0,35,0.0
2202.0,2202,0.0
66.5,66,0.5
54.5,54,0.5
36.0,36,0.0
2193.0,2193,0.0
85.5,85,0.5
42.0,42,0.0
15.5,15,0.5
39.0,39,0.0
14.5,14,0.5
65.0,65,0.0
17.5,17,0.5
48.5,48,0.5
53.0,53,0.0
39.5,39,0.5
13.5,13,0.5
50.5,50,0.5
45.5,45,0.5
49.0,49,0.0
93.0,93,0.0
2412.3333333333335,2412,0.3333333333334849
1378.5,1378,0.5
57.5,57,0.5
2306.0,2306,0.0
48.5,48,0.5
1529.0,1529,0.0
31.0,31,0.0
2313.3333333333335,2313,0.3333333333334849
2387.3333333333335,2387,0.3333333333334849
2317.0,2317,0.0
2401.0,2401,0.0
2408.6666666666665,2408,0.6666666666665151
120.0,120,0.0
31.0,31,0.0
646.0,646,0.0
587.0,587,0.0
40.0,40,0.0
51.666666666666664,51,0.6666666666666643
15.0,15,0.0
618.0,618,0.0
614.0,614,0.0
125.0,125,0.0
575.0,575,0.0
554.0,554,0.0
563.0,563,0.0
589.0,589,0.0
561.0,561,0.0
563.0,563,0.0
556.0,556,0.0
554.0,554,0.0
554.0,554,0.0
81.0,81,0.0
570.0,570,0.0
572.0,572,0.0
619.0,619,0.0
2526.0,2526,0.0
2476.0,2476,0.0
114.0,114,0.0
14.0,14,0.0
2443.0,2443,0.0
99.0,99,0.0
2515.0,2515,0.0
13.0,13,0.0
40.0,40,0.0
5.0,5,0.0
63.5,63,0.5
7.0,7,0.0
46.0,46,0.0
2370.0,2370,0.0
5.0,5,0.0
13.0,13,0.0
32.0,32,0.0
40.0,40,0.0
14.0,14,0.0
2256.0,2256,0.0
13.5,13,0.5
1391.0,1391,0.0
1361.0,1361,0.0
25.0,25,0.0
188.0,188,0.0
41.0,41,0.0
73.0,73,0.0
64.0,64,0.0
1378.5,1378,0.5
1500.5,1500,0.5
2390.0,2390,0.0
2316.6666666666665,2316,0.6666666666665151
2414.3333333333335,2414,0.3333333333334849
31.0,31,0.0
27.0,27,0.0
64.0,64,0.0
1518.5,1518,0.5
1389.5,1389,0.5
1389.5,1389,0.5
1386.0,1386,0.0
1507.0,1507,0.0
1510.5,1510,0.5
1402.0,1402,0.0
5.0,5,0.0
1641.0,1641,0.0
7.0,7,0.0
1505.0,1505,0.0
1496.0,1496,0.0
49.0,49,0.0
13.0,13,0.0
64.0,64,0.0
32.0,32,0.0
64.0,64,0.0
7.0,7,0.0
77.0,77,0.0
2307.0,2307,0.0
2269.5,2269,0.5
1384.5,1384,0.5
1389.5,1389,0.5
1411.5,1411,0.5
2460.5,2460,0.5
32.0,32,0.0
5.0,5,0.0
14.0,14,0.0
138.0,138,0.0
123.0,123,0.0
2296.6666666666665,2296,0.6666666666665151
2333.6666666666665,2333,0.6666666666665151
5.0,5,0.0
56.0,56,0.0
73.0,73,0.0
25.0,25,0.0
150.0,150,0.0
49.0,49,0.0
1491.5,1491,0.5
14.5,14,0.5
2306.0,2306,0.0
2276.0,2276,0.0
2303.6666666666665,2303,0.6666666666665151
2003.3333333333333,2003,0.33333333333325754
1494.0,1494,0.0
64.0,64,0.0
2492.5,2492,0.5
56.0,56,0.0
29.0,29,0.0
2330.0,2330,0.0
1500.5,1500,0.5
1510.5,1510,0.5
27.0,27,0.0
49.0,49,0.0
48.5,48,0.5
25.0,25,0.0
1641.0,1641,0.0
85.5,85,0.5
25.0,25,0.0
2324.0,2324,0.0
1500.5,1500,0.5
1635.5,1635,0.5
31.0,31,0.0
39.666666666666664,39,0.6666666666666643
73.5,73,0.5
57.0,57,0.0
85.0,85,0.0
37.0,37,0.0
64.0,64,0.0
7.0,7,0.0
84.5,84,0.5
1584.5,1584,0.5
609.0,609,0.0
44.0,44,0.0
71.5,71,0.5
29.0,29,0.0
2295.0,2295,0.0
2086.5,2086,0.5
18.5,18,0.5
2959.0,2959,0.0
2959.0,2959,0.0
2949.0,2949,0.0
2951.5,2951,0.5
2936.5,2936,0.5
2974.0,2974,0.0
107.0,107,0.0
575.0,575,0.0
90.0,90,0.0
7.0,7,0.0
5.0,5,0.0
22.0,22,0.0
7.0,7,0.0
554.0,554,0.0
2515.0,2515,0.0
2482.0,2482,0.0
2481.0,2481,0.0
2482.0,2482,0.0
2490.0,2490,0.0
2563.0,2563,0.0
40.0,40,0.0
99.0,99,0.0
27.0,27,0.0
44.333333333333336,44,0.3333333333333357
55.0,55,0.0
2482.0,2482,0.0
2579.0,2579,0.0
15.0,15,0.0
2478.0,2478,0.0
7.0,7,0.0
14.0,14,0.0
14.0,14,0.0
59.0,59,0.0
98.0,98,0.0
5.0,5,0.0
60.0,60,0.0
59.0,59,0.0
7.0,7,0.0
64.0,64,0.0
65.0,65,0.0
47.5,47,0.5
2337.0,2337,0.0
2319.5,2319,0.5
2329.0,2329,0.0
2312.5,2312,0.5
1929.0,1929,0.0
1947.3333333333333,1947,0.33333333333325754
2330.0,2330,0.0
64.0,64,0.0
32.0,32,0.0
65.0,65,0.0
53.0,53,0.0
32.0,32,0.0
2479.0,2479,0.0
51.0,51,0.0
5.0,5,0.0
38.0,38,0.0
2000.6666666666667,2000,0.6666666666667425
1631.0,1631,0.0
1555.0,1555,0.0
1624.5,1624,0.5
2346.5,2346,0.5
2462.0,2462,0.0
1621.0,1621,0.0
2330.0,2330,0.0
2460.5,2460,0.5
38.0,38,0.0
2459.5,2459,0.5
2465.0,2465,0.0
2485.5,2485,0.5
1500.5,1500,0.5
27.0,27,0.0
27.0,27,0.0
1479.5,1479,0.5
31.0,31,0.0
2316.5,2316,0.5
84.0,84,0.0
1913.0,1913,0.0
1906.3333333333333,1906,0.33333333333325754
1923.0,1923,0.0
1487.5,1487,0.5
1510.5,1510,0.5
2479.0,2479,0.0
2319.5,2319,0.5
2384.5,2384,0.5
2317.0,2317,0.0
2348.5,2348,0.5
70.0,70,0.0
6.0,6,0.0
2348.5,2348,0.5
23.5,23,0.5
25.0,25,0.0
25.0,25,0.0
29.0,29,0.0
25.0,25,0.0
2461.5,2461,0.5
33.5,33,0.5
1635.5,1635,0.5
1621.0,1621,0.0
1546.5,1546,0.5
1500.5,1500,0.5
2302.3333333333335,2302,0.3333333333334849
23.5,23,0.5
38.0,38,0.0
2316.5,2316,0.5
1535.5,1535,0.5
7.0,7,0.0
23.5,23,0.5
29.0,29,0.0
65.0,65,0.0
150.0,150,0.0
25.0,25,0.0
23.5,23,0.5
23.5,23,0.5
1643.0,1643,0.0
49.0,49,0.0
60.0,60,0.0
22.5,22,0.5
1635.5,1635,0.5
2312.5,2312,0.5
6.0,6,0.0
64.0,64,0.0
64.0,64,0.0
1510.5,1510,0.5
53.0,53,0.0
27.0,27,0.0
25.0,25,0.0
25.0,25,0.0
2337.0,2337,0.0
2358.0,2358,0.0
40.0,40,0.0
2386.0,2386,0.0
53.0,53,0.0
72.5,72,0.5
97.5,97,0.5
2391.5,2391,0.5
2059.0,2059,0.0
2087.5,2087,0.5
40.0,40,0.0
56.5,56,0.5
36.5,36,0.5
116.5,116,0.5
56.0,56,0.0
2478.0,2478,0.0
1553.0,1553,0.0
65.5,65,0.5
2098.5,2098,0.5
2980.5,2980,0.5
3001.0,3001,0.0
2980.0,2980,0.0
33.0,33,0.0
40.0,40,0.0
5.0,5,0.0
589.0,589,0.0
5.0,5,0.0
40.0,40,0.0
5.0,5,0.0
589.0,589,0.0
40.0,40,0.0
34.0,34,0.0
35.0,35,0.0
84.0,84,0.0
1629.0,1629,0.0
27.0,27,0.0
23.5,23,0.5
1631.0,1631,0.0
2335.0,2335,0.0
2380.5,2380,0.5
2366.5,2366,0.5
2366.5,2366,0.5
2349.0,2349,0.0
2349.0,2349,0.0
2376.0,2376,0.0
2363.5,2363,0.5
2349.0,2349,0.0
2349.0,2349,0.0
2349.0,2349,0.0
2366.5,2366,0.5
2376.0,2376,0.0
2378.5,2378,0.5
2376.0,2376,0.0
2349.0,2349,0.0
2376.0,2376,0.0
1500.5,1500,0.5
1645.5,1645,0.5
2460.5,2460,0.5
2351.5,2351,0.5
2410.5,2410,0.5
38.0,38,0.0
27.0,27,0.0
25.0,25,0.0
2330.0,2330,0.0
84.0,84,0.0
2348.5,2348,0.5
1514.0,1514,0.0
22.5,22,0.5
27.0,27,0.0
29.0,29,0.0
31.0,31,0.0
1518.5,1518,0.5
2450.0,2450,0.0
2312.5,2312,0.5
2465.0,2465,0.0
1500.5,1500,0.5
2516.0,2516,0.0
2493.5,2493,0.5
1500.5,1500,0.5
1495.0,1495,0.0
31.0,31,0.0
87.0,87,0.0
31.0,31,0.0
25.0,25,0.0
2353.0,2353,0.0
2317.0,2317,0.0
1515.0,1515,0.0
1500.5,1500,0.5
31.5,31,0.5
66.0,66,0.0
2401.0,2401,0.0
1935.6666666666667,1935,0.6666666666667425
2386.3333333333335,2386,0.3333333333334849
70.0,70,0.0
1968.5,1968,0.5
2109.5,2109,0.5
26.5,26,0.5
2443.0,2443,0.0
1500.5,1500,0.5
22.5,22,0.5
2331.6666666666665,2331,0.6666666666665151
149.0,149,0.0
75.0,75,0.0
75.0,75,0.0
49.0,49,0.0
1809.6666666666667,1809,0.6666666666667425
50.0,50,0.0
35.0,35,0.0
42.0,42,0.0
86.5,86,0.5
2397.3333333333335,2397,0.3333333333334849
70.0,70,0.0
2354.6666666666665,2354,0.6666666666665151
2331.6666666666665,2331,0.6666666666665151
2447.6666666666665,2447,0.6666666666665151
84.5,84,0.5
69.0,69,0.0
75.0,75,0.0
50.5,50,0.5
2410.3333333333335,2410,0.3333333333334849
2300.3333333333335,2300,0.3333333333334849
2243.5,2243,0.5
104.0,104,0.0
2377.0,2377,0.0
74.5,74,0.5
125.0,125,0.0
43.0,43,0.0
38.5,38,0.5
2333.6666666666665,2333,0.6666666666665151
57.0,57,0.0
33.0,33,0.0
33.5,33,0.5
2948.5,2948,0.5
51.0,51,0.0
172.5,172,0.5
34.0,34,0.0
38.0,38,0.0
2949.0,2949,0.0
64.5,64,0.5
35.5,35,0.5
48.0,48,0.0
2957.5,2957,0.5
80.5,80,0.5
38.0,38,0.0
49.0,49,0.0
2947.5,2947,0.5
37.0,37,0.0
53.5,53,0.5
2986.5,2986,0.5
2969.0,2969,0.0
41.0,41,0.0
36.0,36,0.0
32.5,32,0.5
94.0,94,0.0
2966.5,2966,0.5
2986.5,2986,0.5
2950.0,2950,0.0
34.5,34,0.5
51.0,51,0.0
53.5,53,0.5
80.5,80,0.5
2966.0,2966,0.0
2950.0,2950,0.0
2987.0,2987,0.0
2954.0,2954,0.0
51.5,51,0.5
2391.0,2391,0.0
40.0,40,0.0
63.5,63,0.5
5.0,5,0.0
2357.0,2357,0.0
125.5,125,0.5
55.0,55,0.0
7.0,7,0.0
58.0,58,0.0
5.0,5,0.0
14.0,14,0.0
49.0,49,0.0
2412.0,2412,0.0
1528.0,1528,0.0
40.0,40,0.0
2965.0,2965,0.0
2950.0,2950,0.0
2936.5,2936,0.5
2936.5,2936,0.5
2949.0,2949,0.0
2954.0,2954,0.0
2177.5,2177,0.5
2235.5,2235,0.5
2188.5,2188,0.5
41.0,41,0.0
102.5,102,0.5
16.25,16,0.25
608.0,608,0.0
5.0,5,0.0
2478.0,2478,0.0
5.0,5,0.0
7.0,7,0.0
2466.0,2466,0.0
38.0,38,0.0
2192.0,2192,0.0
14.0,14,0.0
14.0,14,0.0
1581.0,1581,0.0
53.5,53,0.5
52.5,52,0.5
34.5,34,0.5
33.5,33,0.5
35.0,35,0.0
2079.0,2079,0.0
2091.5,2091,0.5
2078.5,2078,0.5
3035.0,3035,0.0
3040.0,3040,0.0
145.5,145,0.5
83.0,83,0.0
2235.5,2235,0.5
15.5,15,0.5
3030.0,3030,0.0
39.0,39,0.0
38.0,38,0.0
2253.0,2253,0.0
43.5,43,0.5
115.0,115,0.0
34.0,34,0.0
46.5,46,0.5
2213.0,2213,0.0
3010.5,3010,0.5
3045.0,3045,0.0
45.5,45,0.5
49.0,49,0.0
46.5,46,0.5
2188.5,2188,0.5
2203.0,2203,0.0
72.0,72,0.0
45.5,45,0.5
66.5,66,0.5
2208.5,2208,0.5
3045.0,3045,0.0
64.0,64,0.0
7.0,7,0.0
28.0,28,0.0
78.0,78,0.0
14.0,14,0.0
40.0,40,0.0
40.0,40,0.0
60.0,60,0.0
5.0,5,0.0
7.0,7,0.0
40.0,40,0.0
14.0,14,0.0
7.0,7,0.0
2451.0,2451,0.0
2443.0,2443,0.0
19.5,19,0.5
70.5,70,0.5
51.666666666666664,51,0.6666666666666643
2451.0,2451,0.0
17.5,17,0.5
64.5,64,0.5
59.0,59,0.0
60.0,60,0.0
5.0,5,0.0
22.5,22,0.5
40.5,40,0.5
3049.5,3049,0.5
3028.0,3028,0.0
3022.0,3022,0.0
3035.0,3035,0.0
3035.0,3035,0.0
3010.5,3010,0.5
64.0,64,0.0
2480.0,2480,0.0
59.0,59,0.0
62.0,62,0.0
7.0,7,0.0
2492.0,2492,0.0
2512.0,2512,0.0
2320.0,2320,0.0
1559.0,1559,0.0
2317.0,2317,0.0
2396.0,2396,0.0
5.0,5,0.0
1531.0,1531,0.0
7.0,7,0.0
68.0,68,0.0
2476.0,2476,0.0
2480.0,2480,0.0
1701.0,1701,0.0
1760.0,1760,0.0
5.0,5,0.0
5.0,5,0.0
60.0,60,0.0
5.0,5,0.0
5.0,5,0.0
2478.0,2478,0.0
35.0,35,0.0
53.0,53,0.0
14.0,14,0.0
55.0,55,0.0
5.0,5,0.0
2443.0,2443,0.0
125.0,125,0.0
2541.0,2541,0.0
2297.0,2297,0.0
55.0,55,0.0
64.0,64,0.0
2482.0,2482,0.0
2457.0,2457,0.0
1736.0,1736,0.0
2343.0,2343,0.0
2295.0,2295,0.0
40.0,40,0.0
40.0,40,0.0
2443.0,2443,0.0
2565.0,2565,0.0
1730.0,1730,0.0
1736.0,1736,0.0
1789.0,1789,0.0
1786.0,1786,0.0
68.0,68,0.0
55.0,55,0.0
1732.0,1732,0.0
1765.0,1765,0.0
1701.0,1701,0.0
25.333333333333332,25,0.33333333333333215
55.0,55,0.0
14.0,14,0.0
1760.0,1760,0.0
1728.0,1728,0.0
1769.0,1769,0.0
55.0,55,0.0
1728.0,1728,0.0
14.0,14,0.0
14.0,14,0.0
1532.0,1532,0.0
1701.0,1701,0.0
1736.0,1736,0.0
14.0,14,0.0
40.0,40,0.0
5.0,5,0.0
5.0,5,0.0
5.0,5,0.0
2392.0,2392,0.0
2317.0,2317,0.0
1608.5,1608,0.5
2407.0,2407,0.0
2392.0,2392,0.0
2414.0,2414,0.0
2313.0,2313,0.0
61.0,61,0.0
2318.0,2318,0.0
2401.6666666666665,2401,0.6666666666665151
2394.0,2394,0.0
2395.0,2395,0.0
2379.3333333333335,2379,0.3333333333334849
2402.0,2402,0.0
2370.0,2370,0.0
2344.0,2344,0.0
1751.0,1751,0.0
2295.0,2295,0.0
1596.5,1596,0.5
78.0,78,0.0
14.0,14,0.0
2295.0,2295,0.0
88.5,88,0.5
63.5,63,0.5
5.0,5,0.0
90.0,90,0.0
2370.0,2370,0.0
2381.0,2381,0.0
90.5,90,0.5
95.0,95,0.0
62.5,62,0.5
88.5,88,0.5
2355.0,2355,0.0
2370.0,2370,0.0
2406.0,2406,0.0
5.0,5,0.0
2343.0,2343,0.0
75.5,75,0.5
14.0,14,0.0
55.0,55,0.0
5.0,5,0.0
2381.0,2381,0.0
5.0,5,0.0
14.0,14,0.0
40.0,40,0.0
64.0,64,0.0
2330.0,2330,0.0
2370.0,2370,0.0
2444.0,2444,0.0
2382.0,2382,0.0
2322.0,2322,0.0
2377.0,2377,0.0
49.666666666666664,49,0.6666666666666643
2317.0,2317,0.0
2359.0,2359,0.0
578.0,578,0.0
5.0,5,0.0
40.0,40,0.0
50.666666666666664,50,0.6666666666666643
40.0,40,0.0
1736.0,1736,0.0
1728.0,1728,0.0
2344.0,2344,0.0
2320.0,2320,0.0
2295.0,2295,0.0
49.0,49,0.0
40.0,40,0.0
40.0,40,0.0
1730.0,1730,0.0
1770.0,1770,0.0
1755.0,1755,0.0
1730.0,1730,0.0
1808.0,1808,0.0
60.0,60,0.0
2342.0,2342,0.0
2326.0,2326,0.0
1764.0,1764,0.0
1760.0,1760,0.0
1715.0,1715,0.0
1764.0,1764,0.0
1751.0,1751,0.0
5.0,5,0.0
7.0,7,0.0
40.0,40,0.0
106.0,106,0.0
5.0,5,0.0
5.0,5,0.0
5.0,5,0.0
2360.0,2360,0.0
2342.0,2342,0.0
2367.0,2367,0.0
2377.0,2377,0.0
71.0,71,0.0
59.0,59,0.0
2381.0,2381,0.0
14.0,14,0.0
2362.0,2362,0.0
2375.0,2375,0.0
2435.0,2435,0.0
5.0,5,0.0
64.0,64,0.0
35.5,35,0.5
1701.0,1701,0.0
1755.0,1755,0.0
99.0,99,0.0
60.0,60,0.0
1775.0,1775,0.0
1765.0,1765,0.0
22.5,22,0.5
19.5,19,0.5
2349.0,2349,0.0
2366.5,2366,0.5
27.0,27,0.0
2383.5,2383,0.5
7.0,7,0.0
47.5,47,0.5
43.5,43,0.5
47.5,47,0.5
64.0,64,0.0
1963.5,1963,0.5
1555.0,1555,0.0
30.0,30,0.0
2503.0,2503,0.0
65.0,65,0.0
1375.5,1375,0.5
38.0,38,0.0
2126.5,2126,0.5
1631.0,1631,0.0
1535.5,1535,0.5
1736.0,1736,0.0
82.66666666666667,82,0.6666666666666714
1790.0,1790,0.0
70.66666666666667,70,0.6666666666666714
1736.0,1736,0.0
1736.0,1736,0.0
14.0,14,0.0
68.0,68,0.0
1760.0,1760,0.0
1701.0,1701,0.0
40.0,40,0.0
56.0,56,0.0
45.333333333333336,45,0.3333333333333357
5.0,5,0.0
2319.0,2319,0.0
14.0,14,0.0
40.0,40,0.0
36.333333333333336,36,0.3333333333333357
40.0,40,0.0
5.0,5,0.0
2317.0,2317,0.0
2326.0,2326,0.0
2440.0,2440,0.0
1755.0,1755,0.0
64.0,64,0.0
1755.0,1755,0.0
1858.0,1858,0.0
1730.0,1730,0.0
68.0,68,0.0
1786.0,1786,0.0
1710.0,1710,0.0
5.0,5,0.0
2322.0,2322,0.0
40.0,40,0.0
2318.0,2318,0.0
90.0,90,0.0
2357.0,2357,0.0
1760.0,1760,0.0
14.0,14,0.0
69.0,69,0.0
2415.0,2415,0.0
5.0,5,0.0
2320.0,2320,0.0
60.0,60,0.0
40.0,40,0.0
5.0,5,0.0
125.0,125,0.0
40.0,40,0.0
1736.0,1736,0.0
1755.0,1755,0.0
1764.0,1764,0.0
1736.0,1736,0.0
1736.0,1736,0.0
2295.0,2295,0.0
2342.0,2342,0.0
2332.0,2332,0.0
2416.0,2416,0.0
2419.0,2419,0.0
2376.0,2376,0.0
2404.0,2404,0.0
2330.0,2330,0.0
2317.0,2317,0.0
2352.0,2352,0.0
2385.0,2385,0.0
1751.0,1751,0.0
1751.0,1751,0.0
2401.0,2401,0.0
5.0,5,0.0
5.0,5,0.0
99.0,99,0.0
2332.0,2332,0.0
94.0,94,0.0
55.0,55,0.0
1715.0,1715,0.0
1701.0,1701,0.0
1764.0,1764,0.0
1736.0,1736,0.0
1776.0,1776,0.0
1710.0,1710,0.0
87.0,87,0.0
77.0,77,0.0
1764.0,1764,0.0
1760.0,1760,0.0
1701.0,1701,0.0
14.0,14,0.0
13.0,13,0.0
29.0,29,0.0
1751.0,1751,0.0
59.0,59,0.0
88.5,88,0.5
2335.0,2335,0.0
2442.0,2442,0.0
1800.0,1800,0.0
1760.0,1760,0.0
1701.0,1701,0.0
1736.0,1736,0.0
1760.0,1760,0.0
40.0,40,0.0
2240.0,2240,0.0
2233.5,2233,0.5
2173.5,2173,0.5
2191.0,2191,0.0
2173.5,2173,0.5
2247.5,2247,0.5
3030.0,3030,0.0
48.5,48,0.5
62.0,62,0.0
42.0,42,0.0
2173.5,2173,0.5
2208.5,2208,0.5
43.0,43,0.0
42.0,42,0.0
62.0,62,0.0
62.0,62,0.0
43.0,43,0.0
45.5,45,0.5
50.0,50,0.0
2253.0,2253,0.0
2208.5,2208,0.5
52.5,52,0.5
57.0,57,0.0
46.5,46,0.5
2213.0,2213,0.0
62.0,62,0.0
2208.5,2208,0.5
61.5,61,0.5
39.5,39,0.5
45.0,45,0.0
38.5,38,0.5
51.5,51,0.5
69.0,69,0.0
93.5,93,0.5
2208.5,2208,0.5
1366.0,1366,0.0
75.0,75,0.0
1946.0,1946,0.0
52.0,52,0.0
31.0,31,0.0
1493.0,1493,0.0
2097.0,2097,0.0
37.5,37,0.5
25.0,25,0.0
65.0,65,0.0
65.0,65,0.0
32.0,32,0.0
37.0,37,0.0
2306.0,2306,0.0
1500.5,1500,0.5
1380.0,1380,0.0
2072.0,2072,0.0
1510.5,1510,0.5
1384.5,1384,0.5
1350.5,1350,0.5
96.0,96,0.0
82.0,82,0.0
32.0,32,0.0
2311.6666666666665,2311,0.6666666666665151
5.0,5,0.0
41.5,41,0.5
73.0,73,0.0
2089.5,2089,0.5
25.0,25,0.0
1384.5,1384,0.5
23.5,23,0.5
5.0,5,0.0
6.0,6,0.0
5.0,5,0.0
2425.0,2425,0.0
1504.0,1504,0.0
1765.0,1765,0.0
40.0,40,0.0
563.0,563,0.0
71.66666666666667,71,0.6666666666666714
1736.0,1736,0.0
1736.0,1736,0.0
59.0,59,0.0
563.0,563,0.0
563.0,563,0.0
540.0,540,0.0
63.5,63,0.5
1779.0,1779,0.0
1736.0,1736,0.0
1736.0,1736,0.0
99.0,99,0.0
5.0,5,0.0
5.0,5,0.0
2357.0,2357,0.0
2377.0,2377,0.0
2379.0,2379,0.0
2297.0,2297,0.0
5.0,5,0.0
60.0,60,0.0
2310.0,2310,0.0
2320.0,2320,0.0
2377.0,2377,0.0
1728.0,1728,0.0
1764.0,1764,0.0
1891.0,1891,0.0
14.0,14,0.0
40.0,40,0.0
1701.0,1701,0.0
1775.0,1775,0.0
1736.0,1736,0.0
1765.0,1765,0.0
13.0,13,0.0
13.0,13,0.0
1745.0,1745,0.0
1765.0,1765,0.0
14.0,14,0.0
2502.0,2502,0.0
2335.0,2335,0.0
40.0,40,0.0
1736.0,1736,0.0
5.0,5,0.0
60.0,60,0.0
40.0,40,0.0
1732.0,1732,0.0
13.0,13,0.0
5.0,5,0.0
5.0,5,0.0
1736.0,1736,0.0
5.0,5,0.0
5.0,5,0.0
14.0,14,0.0
2440.0,2440,0.0
69.0,69,0.0
5.0,5,0.0
5.0,5,0.0
2335.0,2335,0.0
2370.0,2370,0.0
14.0,14,0.0
14.0,14,0.0
29.0,29,0.0
69.0,69,0.0
2315.0,2315,0.0
2317.0,2317,0.0
2391.6666666666665,2391,0.6666666666665151
2417.6666666666665,2417,0.6666666666665151
2318.3333333333335,2318,0.3333333333334849
38.5,38,0.5
1655.0,1655,0.0
1675.0,1675,0.0
46.0,46,0.0
24.0,24,0.0
2298.6666666666665,2298,0.6666666666665151
2326.0,2326,0.0
67.5,67,0.5
111.0,111,0.0
1665.0,1665,0.0
1659.0,1659,0.0
57.0,57,0.0
2411.0,2411,0.0
2332.6666666666665,2332,0.6666666666665151
22.0,22,0.0
22.0,22,0.0
2324.6666666666665,2324,0.6666666666665151
2317.6666666666665,2317,0.6666666666665151
57.5,57,0.5
37.5,37,0.5
1647.5,1647,0.5
2326.6666666666665,2326,0.6666666666665151
46.0,46,0.0
2394.0,2394,0.0
72.0,72,0.0
48.0,48,0.0
62.0,62,0.0
90.0,90,0.0
2403.6666666666665,2403,0.6666666666665151
32.0,32,0.0
1685.0,1685,0.0
81.0,81,0.0
2302.6666666666665,2302,0.6666666666665151
35.0,35,0.0
2305.0,2305,0.0
2430.6666666666665,2430,0.6666666666665151
37.0,37,0.0
22.0,22,0.0
67.0,67,0.0
2329.0,2329,0.0
55.0,55,0.0
42.0,42,0.0
38.5,38,0.5
2235.5,2235,0.5
42.0,42,0.0
42.0,42,0.0
2173.5,2173,0.5
2173.5,2173,0.5
45.5,45,0.5
42.0,42,0.0
43.0,43,0.0
87.0,87,0.0
74.0,74,0.0
43.0,43,0.0
2192.0,2192,0.0
2191.0,2191,0.0
2193.0,2193,0.0
42.0,42,0.0
43.0,43,0.0
46.5,46,0.5
2189.5,2189,0.5
2216.0,2216,0.0
2191.0,2191,0.0
2213.0,2213,0.0
49.0,49,0.0
62.0,62,0.0
46.5,46,0.5
42.0,42,0.0
74.0,74,0.0
2220.5,2220,0.5
2181.0,2181,0.0
2240.0,2240,0.0
2173.5,2173,0.5
2202.0,2202,0.0
40.0,40,0.0
1765.0,1765,0.0
1736.0,1736,0.0
1701.0,1701,0.0
2326.0,2326,0.0
5.0,5,0.0
60.0,60,0.0
2355.0,2355,0.0
2320.0,2320,0.0
1728.0,1728,0.0
1736.0,1736,0.0
1726.0,1726,0.0
1715.0,1715,0.0
68.0,68,0.0
14.0,14,0.0
5.0,5,0.0
68.0,68,0.0
2213.0,2213,0.0
2191.0,2191,0.0
3010.5,3010,0.5
3044.5,3044,0.5
42.0,42,0.0
50.0,50,0.0
73.5,73,0.5
45.0,45,0.0
3046.5,3046,0.5
3014.5,3014,0.5
47.5,47,0.5
2213.0,2213,0.0
53.5,53,0.5
46.5,46,0.5
43.0,43,0.0
47.0,47,0.0
2208.5,2208,0.5
2177.5,2177,0.5
2196.0,2196,0.0
57.0,57,0.0
50.0,50,0.0
87.5,87,0.5
2191.0,2191,0.0
47.0,47,0.0
37.5,37,0.5
73.5,73,0.5
61.5,61,0.5
31.0,31,0.0
116.0,116,0.0
59.0,59,0.0
66.5,66,0.5
3010.5,3010,0.5
3015.0,3015,0.0
3014.5,3014,0.5
39.5,39,0.5
2235.5,2235,0.5
26.0,26,0.0
39.5,39,0.5
3015.0,3015,0.0
48.5,48,0.5
64.5,64,0.5
22.0,22,0.0
19.5,19,0.5
2195.5,2195,0.5
71.5,71,0.5
47.5,47,0.5
42.5,42,0.5
40.5,40,0.5
27.5,27,0.5
2233.5,2233,0.5
50.0,50,0.0
2193.5,2193,0.5
3010.5,3010,0.5
15.5,15,0.5
20.5,20,0.5
2240.0,2240,0.0
40.5,40,0.5
2173.5,2173,0.5
5.0,5,0.0
27.0,27,0.0
41.333333333333336,41,0.3333333333333357
30.666666666666668,30,0.6666666666666679
5.0,5,0.0
29.0,29,0.0
36.0,36,0.0
40.0,40,0.0
40.0,40,0.0
5.0,5,0.0
1765.0,1765,0.0
40.5,40,0.5
39.666666666666664,39,0.6666666666666643
68.33333333333333,68,0.3333333333333286
64.0,64,0.0
64.0,64,0.0
3058.5,3058,0.5
3010.5,3010,0.5
3017.5,3017,0.5
3014.5,3014,0.5
23.0,23,0.0
14.0,14,0.0
5.0,5,0.0
1728.0,1728,0.0
40.0,40,0.0
40.666666666666664,40,0.6666666666666643
1760.0,1760,0.0
2310.0,2310,0.0
2342.0,2342,0.0
2352.0,2352,0.0
2370.0,2370,0.0
40.0,40,0.0
69.0,69,0.0
5.0,5,0.0
7.0,7,0.0
2371.0,2371,0.0
50.666666666666664,50,0.6666666666666643
1730.0,1730,0.0
1736.0,1736,0.0
68.66666666666667,68,0.6666666666666714
23.0,23,0.0
5.0,5,0.0
5.0,5,0.0
40.0,40,0.0
125.0,125,0.0
40.0,40,0.0
174.0,174,0.0
29.0,29,0.0
7.0,7,0.0
1760.0,1760,0.0
69.33333333333333,69,0.3333333333333286
1736.0,1736,0.0
49.333333333333336,49,0.3333333333333357
1764.0,1764,0.0
1779.0,1779,0.0
40.0,40,0.0
5.0,5,0.0
14.0,14,0.0
2405.0,2405,0.0
69.0,69,0.0
5.0,5,0.0
13.0,13,0.0
40.0,40,0.0
2355.0,2355,0.0
2367.0,2367,0.0
2332.0,2332,0.0
2330.0,2330,0.0
2305.0,2305,0.0
2322.0,2322,0.0
1710.0,1710,0.0
1725.0,1725,0.0
7.0,7,0.0
55.0,55,0.0
5.0,5,0.0
110.0,110,0.0
84.0,84,0.0
78.0,78,0.0
2415.0,2415,0.0
2366.0,2366,0.0
2295.0,2295,0.0
2297.0,2297,0.0
2371.0,2371,0.0
2355.0,2355,0.0
40.0,40,0.0
40.0,40,0.0
2370.0,2370,0.0
2377.0,2377,0.0
87.5,87,0.5
2297.0,2297,0.0
2424.0,2424,0.0
2395.0,2395,0.0
5.0,5,0.0
2372.0,2372,0.0
40.0,40,0.0
5.0,5,0.0
5.0,5,0.0
5.0,5,0.0
5.0,5,0.0
2341.0,2341,0.0
5.0,5,0.0
68.0,68,0.0
5.0,5,0.0
59.0,59,0.0
60.0,60,0.0
2342.0,2342,0.0
5.0,5,0.0
2405.0,2405,0.0
106.66666666666667,106,0.6666666666666714
1755.0,1755,0.0
125.0,125,0.0
1730.0,1730,0.0
2385.0,2385,0.0
14.0,14,0.0
64.0,64,0.0
5.0,5,0.0
77.0,77,0.0
40.0,40,0.0
5.0,5,0.0
2377.0,2377,0.0
5.0,5,0.0
7.0,7,0.0
5.0,5,0.0
55.0,55,0.0
2370.0,2370,0.0
60.0,60,0.0
2340.0,2340,0.0
2407.0,2407,0.0
2335.0,2335,0.0
1774.0,1774,0.0
1785.0,1785,0.0
1765.0,1765,0.0
69.0,69,0.0
5.0,5,0.0
64.5,64,0.5
7.0,7,0.0
2330.0,2330,0.0
40.0,40,0.0
5.0,5,0.0
5.0,5,0.0
2355.0,2355,0.0
2371.0,2371,0.0
1701.0,1701,0.0
1701.0,1701,0.0
2378.5,2378,0.5
81.5,81,0.5
1726.0,1726,0.0
63.5,63,0.5
73.5,73,0.5
32.0,32,0.0
63.5,63,0.5
77.0,77,0.0
90.0,90,0.0
7.0,7,0.0
5.0,5,0.0
59.0,59,0.0
13.0,13,0.0
63.5,63,0.5
84.0,84,0.0
65.5,65,0.5
56.0,56,0.0
60.0,60,0.0
115.0,115,0.0
1717.0,1717,0.0
565.0,565,0.0
2295.0,2295,0.0
78.5,78,0.5
71.0,71,0.0
3035.0,3035,0.0
49.5,49,0.5
2181.0,2181,0.0
7.0,7,0.0
13.0,13,0.0
69.0,69,0.0
2325.0,2325,0.0
49.0,49,0.0
2184.5,2184,0.5
2075.0,2075,0.0
2085.0,2085,0.0
2130.0,2130,0.0
2071.0,2071,0.0
2071.5,2071,0.5
40.0,40,0.0
40.0,40,0.0
540.0,540,0.0
59.0,59,0.0
5.0,5,0.0
1751.0,1751,0.0
37.5,37,0.5
5.0,5,0.0
2317.0,2317,0.0
5.0,5,0.0
5.0,5,0.0
13.0,13,0.0
55.0,55,0.0
14.0,14,0.0
79.0,79,0.0
14.0,14,0.0
5.0,5,0.0
1736.0,1736,0.0
5.0,5,0.0
2406.0,2406,0.0
2377.0,2377,0.0
2320.0,2320,0.0
5.0,5,0.0
102.5,102,0.5
14.0,14,0.0
5.0,5,0.0
2342.0,2342,0.0
2415.0,2415,0.0
2360.0,2360,0.0
2342.0,2342,0.0
2319.0,2319,0.0
5.0,5,0.0
1701.0,1701,0.0
40.0,40,0.0
5.0,5,0.0
80.5,80,0.5
2357.0,2357,0.0
2343.0,2343,0.0
40.0,40,0.0
2424.0,2424,0.0
5.0,5,0.0
540.0,540,0.0
1750.0,1750,0.0
1750.0,1750,0.0
40.0,40,0.0
1736.0,1736,0.0
14.0,14,0.0
2398.0,2398,0.0
1736.0,1736,0.0
1751.0,1751,0.0
1736.0,1736,0.0
1710.0,1710,0.0
1715.0,1715,0.0
64.0,64,0.0
69.0,69,0.0
1764.0,1764,0.0
1736.0,1736,0.0
1736.0,1736,0.0
1710.0,1710,0.0
1736.0,1736,0.0
1751.0,1751,0.0
40.0,40,0.0
7.0,7,0.0
75.5,75,0.5
2405.0,2405,0.0
2369.0,2369,0.0
2399.0,2399,0.0
40.0,40,0.0
40.0,40,0.0
82.5,82,0.5
1751.0,1751,0.0
5.0,5,0.0
14.0,14,0.0
60.0,60,0.0
5.0,5,0.0
2337.0,2337,0.0
2335.0,2335,0.0
2381.0,2381,0.0
2377.0,2377,0.0
1786.0,1786,0.0
1751.0,1751,0.0
1724.0,1724,0.0
40.0,40,0.0
14.0,14,0.0
1775.0,1775,0.0
113.0,113,0.0
5.0,5,0.0
5.0,5,0.0
2370.0,2370,0.0
40.0,40,0.0
5.0,5,0.0
55.0,55,0.0
1701.0,1701,0.0
1726.0,1726,0.0
40.0,40,0.0
40.0,40,0.0
2352.0,2352,0.0
2402.0,2402,0.0
1701.0,1701,0.0
1764.0,1764,0.0
5.0,5,0.0
1755.0,1755,0.0
40.0,40,0.0
82.0,82,0.0
1701.0,1701,0.0
1732.0,1732,0.0
2375.0,2375,0.0
2327.0,2327,0.0
2357.0,2357,0.0
2432.0,2432,0.0
1500.5,1500,0.5
1510.5,1510,0.5
53.0,53,0.0
2086.5,2086,0.5
5.0,5,0.0
98.0,98,0.0
1500.5,1500,0.5
1366.0,1366,0.0
1368.0,1368,0.0
2076.5,2076,0.5
74.0,74,0.0
150.0,150,0.0
70.0,70,0.0
1537.5,1537,0.5
25.0,25,0.0
1368.0,1368,0.0
16.5,16,0.5
70.0,70,0.0
1508.5,1508,0.5
66.0,66,0.0
1375.5,1375,0.5
1374.0,1374,0.0
1374.0,1374,0.0
4.0,4,0.0
39.0,39,0.0
1393.0,1393,0.0
14.0,14,0.0
40.0,40,0.0
1760.0,1760,0.0
1751.0,1751,0.0
578.0,578,0.0
56.5,56,0.5
7.0,7,0.0
1710.0,1710,0.0
1715.0,1715,0.0
1710.0,1710,0.0
1764.0,1764,0.0
7.0,7,0.0
624.0,624,0.0
40.0,40,0.0
1736.0,1736,0.0
1760.0,1760,0.0
554.0,554,0.0
624.0,624,0.0
540.0,540,0.0
565.0,565,0.0
540.0,540,0.0
5.0,5,0.0
40.0,40,0.0
125.0,125,0.0
604.0,604,0.0
1736.0,1736,0.0
1736.0,1736,0.0
40.0,40,0.0
111.0,111,0.0
1736.0,1736,0.0
69.0,69,0.0
5.0,5,0.0
5.0,5,0.0
5.0,5,0.0
52.0,52,0.0
40.0,40,0.0
5.0,5,0.0
5.0,5,0.0
1701.0,1701,0.0
1779.0,1779,0.0
14.0,14,0.0
14.0,14,0.0
5.0,5,0.0
68.0,68,0.0
40.0,40,0.0
5.0,5,0.0
69.0,69,0.0
68.0,68,0.0
1403.0,1403,0.0
17.0,17,0.0
28.0,28,0.0
79.0,79,0.0
32.0,32,0.0
18.5,18,0.5
39.0,39,0.0
32.0,32,0.0
61.5,61,0.5
39.5,39,0.5
57.0,57,0.0
70.0,70,0.0
57.0,57,0.0
70.0,70,0.0
1368.0,1368,0.0
1416.0,1416,0.0
1350.5,1350,0.5
1420.0,1420,0.0
32.0,32,0.0
39.0,39,0.0
1395.5,1395,0.5
70.0,70,0.0
1941.5,1941,0.5
42.0,42,0.0
37.0,37,0.0
2349.0,2349,0.0
2360.5,2360,0.5
22.0,22,0.0
2364.5,2364,0.5
110.0,110,0.0
2375.5,2375,0.5
23.0,23,0.0
2376.0,2376,0.0
2378.5,2378,0.5
2349.0,2349,0.0
2376.0,2376,0.0
2371.0,2371,0.0
30.0,30,0.0
25.0,25,0.0
1368.0,1368,0.0
39.0,39,0.0
2108.5,2108,0.5
2099.0,2099,0.0
1397.0,1397,0.0
1383.0,1383,0.0
32.0,32,0.0
30.0,30,0.0
1372.0,1372,0.0
32.0,32,0.0
70.0,70,0.0
1444.5,1444,0.5
94.0,94,0.0
1388.0,1388,0.0
1540.0,1540,0.0
1377.5,1377,0.5
1384.5,1384,0.5
1357.5,1357,0.5
40.0,40,0.0
32.0,32,0.0
37.0,37,0.0
46.0,46,0.0
1971.0,1971,0.0
1968.5,1968,0.5
19.0,19,0.0
1948.5,1948,0.5
1963.5,1963,0.5
1373.0,1373,0.0
1367.0,1367,0.0
1953.5,1953,0.5
1955.0,1955,0.0
1357.5,1357,0.5
70.0,70,0.0
1423.0,1423,0.0
1375.5,1375,0.5
27.0,27,0.0
1397.0,1397,0.0
36.0,36,0.0
2089.5,2089,0.5
1391.6666666666667,1391,0.6666666666667425
1416.3333333333333,1416,0.33333333333325754
1370.6666666666667,1370,0.6666666666667425
2395.6666666666665,2395,0.6666666666665151
1510.5,1510,0.5
25.0,25,0.0
1946.0,1946,0.0
33.5,33,0.5
44.5,44,0.5
1363.0,1363,0.0
65.0,65,0.0
1968.5,1968,0.5
1519.5,1519,0.5
65.0,65,0.0
1633.0,1633,0.0
1624.5,1624,0.5
1373.0,1373,0.0
1491.5,1491,0.5
1960.5,1960,0.5
65.0,65,0.0
1529.0,1529,0.0
1954.0,1954,0.0
37.0,37,0.0
126.0,126,0.0
87.0,87,0.0
1380.5,1380,0.5
74.0,74,0.0
32.0,32,0.0
65.0,65,0.0
40.5,40,0.5
80.0,80,0.0
205.0,205,0.0
44.0,44,0.0
2330.0,2330,0.0
1491.5,1491,0.5
1510.0,1510,0.0
67.0,67,0.0
1561.5,1561,0.5
37.0,37,0.0
49.0,49,0.0
4.0,4,0.0
4.0,4,0.0
4.0,4,0.0
6.0,6,0.0
30.0,30,0.0
40.0,40,0.0
2167.0,2167,0.0
2338.6666666666665,2338,0.6666666666665151
30.0,30,0.0
1377.5,1377,0.5
1631.0,1631,0.0
1491.5,1491,0.5
1375.5,1375,0.5
1375.0,1375,0.0
25.0,25,0.0
1999.6666666666667,1999,0.6666666666667425
1386.0,1386,0.0
35.0,35,0.0
32.0,32,0.0
74.0,74,0.0
16.0,16,0.0
17.5,17,0.5
114.5,114,0.5
1402.0,1402,0.0
37.0,37,0.0
94.0,94,0.0
98.0,98,0.0
25.0,25,0.0
70.0,70,0.0
2072.0,2072,0.0
1959.0,1959,0.0
1512.5,1512,0.5
79.0,79,0.0
49.0,49,0.0
87.0,87,0.0
30.0,30,0.0
65.0,65,0.0
95.0,95,0.0
32.0,32,0.0
25.0,25,0.0
1701.0,1701,0.0
1736.0,1736,0.0
1778.0,1778,0.0
1750.0,1750,0.0
1751.0,1751,0.0
68.0,68,0.0
1751.0,1751,0.0
1790.0,1790,0.0
1736.0,1736,0.0
88.5,88,0.5
1736.0,1736,0.0
1760.0,1760,0.0
1701.0,1701,0.0
1730.0,1730,0.0
40.0,40,0.0
2101.5,2101,0.5
35.0,35,0.0
25.0,25,0.0
29.0,29,0.0
188.0,188,0.0
70.0,70,0.0
60.0,60,0.0
19.5,19,0.5
46.0,46,0.0
32.0,32,0.0
79.0,79,0.0
30.0,30,0.0
1350.5,1350,0.5
39.0,39,0.0
65.0,65,0.0
30.0,30,0.0
1521.5,1521,0.5
1377.0,1377,0.0
1368.0,1368,0.0
1394.0,1394,0.0
1941.5,1941,0.5
1355.0,1355,0.0
30.0,30,0.0
1522.0,1522,0.0
1389.5,1389,0.5
2104.0,2104,0.0
30.0,30,0.0
1375.5,1375,0.5
31.0,31,0.0
2079.0,2079,0.0
32.0,32,0.0
2366.5,2366,0.5
25.0,25,0.0
21.0,21,0.0
27.0,27,0.0
35.0,35,0.0
2380.5,2380,0.5
2349.0,2349,0.0
2349.0,2349,0.0
2376.0,2376,0.0
2366.5,2366,0.5
2349.0,2349,0.0
2396.0,2396,0.0
2393.5,2393,0.5
2366.5,2366,0.5
2366.5,2366,0.5
2366.5,2366,0.5
2366.5,2366,0.5
2349.0,2349,0.0
2410.5,2410,0.5
2376.0,2376,0.0
2366.5,2366,0.5
2349.0,2349,0.0
2357.5,2357,0.5
2362.5,2362,0.5
1959.0,1959,0.0
1948.5,1948,0.5
70.0,70,0.0
30.0,30,0.0
1382.5,1382,0.5
1551.5,1551,0.5
1953.5,1953,0.5
64.0,64,0.0
65.0,65,0.0
1534.5,1534,0.5
37.0,37,0.0
37.0,37,0.0
1941.5,1941,0.5
1966.0,1966,0.0
1948.5,1948,0.5
1391.0,1391,0.0
1375.5,1375,0.5
1980.5,1980,0.5
1941.5,1941,0.5
1966.5,1966,0.5
1522.5,1522,0.5
868.3333333333334,868,0.33333333333337123
1366.0,1366,0.0
27.0,27,0.0
1971.0,1971,0.0
85.0,85,0.0
35.0,35,0.0
64.0,64,0.0
1215.5,1215,0.5
1217.5,1217,0.5
1406.0,1406,0.0
1374.5,1374,0.5
1500.5,1500,0.5
74.0,74,0.0
1389.0,1389,0.0
1966.5,1966,0.5
1917.0,1917,0.0
1500.5,1500,0.5
1631.0,1631,0.0
32.0,32,0.0
1521.5,1521,0.5
1520.0,1520,0.0
27.0,27,0.0
1217.5,1217,0.5
1396.0,1396,0.0
1275.5,1275,0.5
1396.0,1396,0.0
759.0,759,0.0
1934.0,1934,0.0
1483.0,1483,0.0
1509.0,1509,0.0
1500.5,1500,0.5
2097.0,2097,0.0
1491.5,1491,0.5
769.0,769,0.0
1928.3333333333333,1928,0.33333333333325754
2027.6666666666667,2027,0.6666666666667425
2005.3333333333333,2005,0.33333333333325754
1930.3333333333333,1930,0.33333333333325754
1225.0,1225,0.0
60.0,60,0.0
1966.5,1966,0.5
1389.5,1389,0.5
74.0,74,0.0
31.0,31,0.0
79.0,79,0.0
27.0,27,0.0
27.0,27,0.0
1227.0,1227,0.0
70.0,70,0.0
2072.0,2072,0.0
1227.0,1227,0.0
1540.0,1540,0.0
31.0,31,0.0
27.0,27,0.0
64.0,64,0.0
759.0,759,0.0
1935.3333333333333,1935,0.33333333333325754
39.0,39,0.0
39.0,39,0.0
1229.5,1229,0.5
1217.5,1217,0.5
1242.5,1242,0.5
1295.0,1295,0.0
25.0,25,0.0
27.0,27,0.0
94.0,94,0.0
37.0,37,0.0
35.0,35,0.0
25.0,25,0.0
52.0,52,0.0
1902.3333333333333,1902,0.33333333333325754
39.0,39,0.0
1397.0,1397,0.0
64.0,64,0.0
188.0,188,0.0
150.0,150,0.0
37.0,37,0.0
1494.0,1494,0.0
1959.0,1959,0.0
1500.5,1500,0.5
83.0,83,0.0
65.0,65,0.0
25.0,25,0.0
144.0,144,0.0
25.0,25,0.0
64.0,64,0.0
64.0,64,0.0
25.0,25,0.0
49.0,49,0.0
1217.5,1217,0.5
1225.0,1225,0.0
194.0,194,0.0
32.0,32,0.0
30.0,30,0.0
35.0,35,0.0
32.0,32,0.0
1971.0,1971,0.0
1217.5,1217,0.5
1368.0,1368,0.0
65.0,65,0.0
1786.0,1786,0.0
1751.0,1751,0.0
1736.0,1736,0.0
1736.0,1736,0.0
7.0,7,0.0
53.5,53,0.5
72.0,72,0.0
1726.0,1726,0.0
1701.0,1701,0.0
40.0,40,0.0
1715.0,1715,0.0
1701.0,1701,0.0
5.0,5,0.0
64.0,64,0.0
55.0,55,0.0
59.0,59,0.0
78.0,78,0.0
2345.0,2345,0.0
2381.0,2381,0.0
2440.0,2440,0.0
5.0,5,0.0
5.0,5,0.0
69.0,69,0.0
5.0,5,0.0
14.0,14,0.0
59.0,59,0.0
2395.0,2395,0.0
68.0,68,0.0
80.0,80,0.0
100.5,100,0.5
1701.0,1701,0.0
1738.0,1738,0.0
26.0,26,0.0
68.0,68,0.0
90.0,90,0.0
1775.0,1775,0.0
1765.0,1765,0.0
1724.0,1724,0.0
14.0,14,0.0
1736.0,1736,0.0
1736.0,1736,0.0
32.5,32,0.5
1751.0,1751,0.0
1789.0,1789,0.0
14.0,14,0.0
69.0,69,0.0
59.0,59,0.0
1736.0,1736,0.0
40.0,40,0.0
1755.0,1755,0.0
5.0,5,0.0
60.0,60,0.0
64.0,64,0.0
5.0,5,0.0
1736.0,1736,0.0
14.0,14,0.0
40.0,40,0.0
5.0,5,0.0
14.0,14,0.0
1736.0,1736,0.0
124.0,124,0.0
21.0,21,0.0
5.0,5,0.0
64.0,64,0.0
2392.0,2392,0.0
59.0,59,0.0
14.0,14,0.0
2377.0,2377,0.0
14.0,14,0.0
1751.0,1751,0.0
14.0,14,0.0
1726.0,1726,0.0
1794.0,1794,0.0
2440.0,2440,0.0
5.0,5,0.0
57.0,57,0.0
1913.0,1913,0.0
2315.3333333333335,2315,0.3333333333334849
2327.3333333333335,2327,0.3333333333334849
86.0,86,0.0
96.0,96,0.0
1914.3333333333333,1914,0.33333333333325754
1510.5,1510,0.5
1517.0,1517,0.0
1926.6666666666667,1926,0.6666666666667425
1910.6666666666667,1910,0.6666666666667425
2307.3333333333335,2307,0.3333333333334849
2301.6666666666665,2301,0.6666666666665151
1521.5,1521,0.5
76.0,76,0.0
1921.3333333333333,1921,0.33333333333325754
1913.6666666666667,1913,0.6666666666667425
2324.3333333333335,2324,0.3333333333334849
24.0,24,0.0
1531.5,1531,0.5
32.0,32,0.0
72.0,72,0.0
32.0,32,0.0
2310.3333333333335,2310,0.3333333333334849
759.0,759,0.0
25.0,25,0.0
77.0,77,0.0
77.0,77,0.0
77.0,77,0.0
5.0,5,0.0
66.0,66,0.0
67.5,67,0.5
41.0,41,0.0
1699.5,1699,0.5
2290.0,2290,0.0
22.0,22,0.0
1540.0,1540,0.0
7.0,7,0.0
7.0,7,0.0
1522.0,1522,0.0
1665.0,1665,0.0
41.0,41,0.0
2400.0,2400,0.0
1702.5,1702,0.5
2302.6666666666665,2302,0.6666666666665151
7.0,7,0.0
40.0,40,0.0
1659.5,1659,0.5
38.5,38,0.5
2396.3333333333335,2396,0.3333333333334849
7.0,7,0.0
1532.0,1532,0.0
1672.5,1672,0.5
2348.0,2348,0.0
25.5,25,0.5
5.0,5,0.0
13.0,13,0.0
93.0,93,0.0
5.0,5,0.0
1671.5,1671,0.5
90.0,90,0.0
1666.0,1666,0.0
70.0,70,0.0
45.0,45,0.0
3046.5,3046,0.5
2059.0,2059,0.0
15.5,15,0.5
47.5,47,0.5
32.0,32,0.0
2072.5,2072,0.5
43.0,43,0.0
47.5,47,0.5
2066.5,2066,0.5
15.5,15,0.5
2071.5,2071,0.5
50.0,50,0.0
2075.0,2075,0.0
2078.5,2078,0.5
2071.5,2071,0.5
2086.0,2086,0.0
2066.5,2066,0.5
3028.0,3028,0.0
33.0,33,0.0
3044.5,3044,0.5
3017.5,3017,0.5
3028.0,3028,0.0
3022.0,3022,0.0
33.0,33,0.0
3014.5,3014,0.5
3035.0,3035,0.0
3046.5,3046,0.5
75.5,75,0.5
19.5,19,0.5
3028.0,3028,0.0
3010.5,3010,0.5
3019.0,3019,0.0
3010.5,3010,0.5
23.0,23,0.0
3022.0,3022,0.0
40.0,40,0.0
2394.0,2394,0.0
2350.0,2350,0.0
1726.0,1726,0.0
1730.0,1730,0.0
1710.0,1710,0.0
1701.0,1701,0.0
5.0,5,0.0
2415.0,2415,0.0
2370.0,2370,0.0
1732.0,1732,0.0
1755.0,1755,0.0
40.0,40,0.0
2415.0,2415,0.0
2319.0,2319,0.0
3015.0,3015,0.0
3015.0,3015,0.0
3049.0,3049,0.0
3029.0,3029,0.0
3061.0,3061,0.0
3029.0,3029,0.0
3010.5,3010,0.5
3010.5,3010,0.5
3015.0,3015,0.0
42.5,42,0.5
3018.5,3018,0.5
3022.0,3022,0.0
3029.0,3029,0.0
3017.5,3017,0.5
3010.5,3010,0.5
23.0,23,0.0
3010.5,3010,0.5
3033.5,3033,0.5
49.5,49,0.5
58.0,58,0.0
23.0,23,0.0
15.5,15,0.5
3017.5,3017,0.5
43.0,43,0.0
71.0,71,0.0
63.5,63,0.5
35.0,35,0.0
32.5,32,0.5
36.0,36,0.0
32.5,32,0.5
3051.0,3051,0.0
3056.5,3056,0.5
47.5,47,0.5
60.0,60,0.0
3028.0,3028,0.0
3052.0,3052,0.0
15.5,15,0.5
3010.5,3010,0.5
3053.0,3053,0.0
3035.0,3035,0.0
79.5,79,0.5
81.0,81,0.0
63.5,63,0.5
3040.0,3040,0.0
15.5,15,0.5
64.5,64,0.5
3014.5,3014,0.5
71.0,71,0.0
71.0,71,0.0
36.0,36,0.0
3046.5,3046,0.5
47.5,47,0.5
42.5,42,0.5
15.5,15,0.5
19.5,19,0.5
37.0,37,0.0
39.0,39,0.0
72.0,72,0.0
3058.5,3058,0.5
3059.5,3059,0.5
12.0,12,0.0
16.0,16,0.0
32.5,32,0.5
3028.0,3028,0.0
3014.5,3014,0.5
3015.0,3015,0.0
13.0,13,0.0
80.5,80,0.5
44.0,44,0.0
3010.5,3010,0.5
3018.5,3018,0.5
3045.0,3045,0.0
21.0,21,0.0
14.0,14,0.0
15.0,15,0.0
7.0,7,0.0
38.333333333333336,38,0.3333333333333357
7.0,7,0.0
7.0,7,0.0
28.0,28,0.0
1760.0,1760,0.0
60.0,60,0.0
74.0,74,0.0
13.0,13,0.0
49.333333333333336,49,0.3333333333333357
40.0,40,0.0
1736.0,1736,0.0
54.5,54,0.5
49.0,49,0.0
14.0,14,0.0
7.0,7,0.0
48.666666666666664,48,0.6666666666666643
44.5,44,0.5
2376.0,2376,0.0
2376.0,2376,0.0
27.0,27,0.0
2349.0,2349,0.0
3017.5,3017,0.5
3072.0,3072,0.0
3010.5,3010,0.5
3062.0,3062,0.0
14.0,14,0.0
40.0,40,0.0
68.0,68,0.0
40.0,40,0.0
40.0,40,0.0
1760.0,1760,0.0
58.0,58,0.0
14.0,14,0.0
40.0,40,0.0
29.0,29,0.0
40.0,40,0.0
1736.0,1736,0.0
2320.0,2320,0.0
2335.0,2335,0.0
2317.0,2317,0.0
133.0,133,0.0
75.5,75,0.5
75.0,75,0.0
2310.0,2310,0.0
40.0,40,0.0
69.0,69,0.0
1751.0,1751,0.0
1751.0,1751,0.0
1725.0,1725,0.0
1701.0,1701,0.0
125.0,125,0.0
40.0,40,0.0
1775.0,1775,0.0
21.0,21,0.0
1755.0,1755,0.0
1726.0,1726,0.0
1701.0,1701,0.0
1755.0,1755,0.0
1760.0,1760,0.0
1764.0,1764,0.0
13.0,13,0.0
2345.0,2345,0.0
2370.0,2370,0.0
2395.0,2395,0.0
2440.0,2440,0.0
2362.0,2362,0.0
13.0,13,0.0
2359.0,2359,0.0
102.5,102,0.5
14.0,14,0.0
104.0,104,0.0
5.0,5,0.0
2310.0,2310,0.0
5.0,5,0.0
2337.0,2337,0.0
2401.0,2401,0.0
71.0,71,0.0
50.5,50,0.5
2343.0,2343,0.0
2295.0,2295,0.0
2297.0,2297,0.0
2375.0,2375,0.0
29.0,29,0.0
5.0,5,0.0
2351.0,2351,0.0
2335.0,2335,0.0
2410.0,2410,0.0
2295.0,2295,0.0
5.0,5,0.0
2319.0,2319,0.0
5.0,5,0.0
5.0,5,0.0
2355.0,2355,0.0
31.5,31,0.5
13.0,13,0.0
1728.0,1728,0.0
59.0,59,0.0
28.5,28,0.5
2320.0,2320,0.0
2396.0,2396,0.0
1760.0,1760,0.0
2455.0,2455,0.0
2370.0,2370,0.0
40.0,40,0.0
2322.0,2322,0.0
40.0,40,0.0
2415.0,2415,0.0
5.0,5,0.0
2352.0,2352,0.0
5.0,5,0.0
5.0,5,0.0
5.0,5,0.0
2362.0,2362,0.0
2334.0,2334,0.0
2332.0,2332,0.0
2342.0,2342,0.0
1775.0,1775,0.0
1755.0,1755,0.0
2351.0,2351,0.0
2330.0,2330,0.0
5.0,5,0.0
2377.0,2377,0.0
2295.0,2295,0.0
2360.0,2360,0.0
1710.0,1710,0.0
1701.0,1701,0.0
1775.0,1775,0.0
2381.0,2381,0.0
2312.0,2312,0.0
60.0,60,0.0
25.0,25,0.0
21.0,21,0.0
21.0,21,0.0
21.0,21,0.0
1736.0,1736,0.0
50.5,50,0.5
25.0,25,0.0
75.0,75,0.0
2376.0,2376,0.0
5.0,5,0.0
69.0,69,0.0
64.0,64,0.0
13.0,13,0.0
2413.0,2413,0.0
2366.5,2366,0.5
589.0,589,0.0
2342.0,2342,0.0
2373.5,2373,0.5
2376.0,2376,0.0
2362.5,2362,0.5
2349.0,2349,0.0
2376.0,2376,0.0
49.0,49,0.0
2639.5,2639,0.5
2666.5,2666,0.5
3010.5,3010,0.5
3010.5,3010,0.5
540.0,540,0.0
79.0,79,0.0
127.0,127,0.0
40.0,40,0.0
617.0,617,0.0
617.0,617,0.0
14.0,14,0.0
2381.0,2381,0.0
2352.0,2352,0.0
2330.0,2330,0.0
2319.0,2319,0.0
3015.0,3015,0.0
3028.0,3028,0.0
3046.5,3046,0.5
3031.5,3031,0.5
3010.5,3010,0.5
3010.5,3010,0.5
3028.0,3028,0.0
3040.0,3040,0.0
3014.5,3014,0.5
3028.0,3028,0.0
109.0,109,0.0
3014.5,3014,0.5
3018.5,3018,0.5
3010.5,3010,0.5
3061.0,3061,0.0
2330.0,2330,0.0
55.0,55,0.0
5.0,5,0.0
40.0,40,0.0
1751.0,1751,0.0
1760.0,1760,0.0
124.0,124,0.0
129.0,129,0.0
14.0,14,0.0
51.0,51,0.0
104.0,104,0.0
2360.0,2360,0.0
60.0,60,0.0
5.0,5,0.0
2466.0,2466,0.0
2350.0,2350,0.0
2342.0,2342,0.0
2390.0,2390,0.0
2397.0,2397,0.0
2405.0,2405,0.0
79.0,79,0.0
2380.0,2380,0.0
2362.0,2362,0.0
79.0,79,0.0
120.0,120,0.0
70.0,70,0.0
80.5,80,0.5
98.0,98,0.0
1736.0,1736,0.0
2318.0,2318,0.0
2320.0,2320,0.0
2382.0,2382,0.0
40.0,40,0.0
114.0,114,0.0
5.0,5,0.0
2345.0,2345,0.0
2406.0,2406,0.0
55.0,55,0.0
26.0,26,0.0
55.0,55,0.0
2295.0,2295,0.0
2320.0,2320,0.0
2357.0,2357,0.0
2401.0,2401,0.0
47.0,47,0.0
124.0,124,0.0
1736.0,1736,0.0
1155.0,1155,0.0
1726.0,1726,0.0
29.0,29,0.0
2352.0,2352,0.0
1755.0,1755,0.0
1169.0,1169,0.0
64.0,64,0.0
1710.0,1710,0.0
5.0,5,0.0
1701.0,1701,0.0
78.0,78,0.0
5.0,5,0.0
1701.0,1701,0.0
1179.0,1179,0.0
1751.0,1751,0.0
1736.0,1736,0.0
2367.0,2367,0.0
2390.0,2390,0.0
1732.0,1732,0.0
1751.0,1751,0.0
1715.0,1715,0.0
1789.0,1789,0.0
2379.0,2379,0.0
1701.0,1701,0.0
1732.0,1732,0.0
5.0,5,0.0
1174.0,1174,0.0
1120.0,1120,0.0
14.0,14,0.0
41.5,41,0.5
40.0,40,0.0
79.0,79,0.0
79.0,79,0.0
70.0,70,0.0
2352.0,2352,0.0
70.0,70,0.0
1170.0,1170,0.0
2352.0,2352,0.0
2319.0,2319,0.0
120.0,120,0.0
124.0,124,0.0
79.0,79,0.0
2322.0,2322,0.0
70.0,70,0.0
120.0,120,0.0
1769.0,1769,0.0
120.0,120,0.0
120.0,120,0.0
2295.0,2295,0.0
70.0,70,0.0
2326.0,2326,0.0
2330.0,2330,0.0
1775.0,1775,0.0
1760.0,1760,0.0
1701.0,1701,0.0
79.0,79,0.0
26.0,26,0.0
70.0,70,0.0
120.0,120,0.0
1205.0,1205,0.0
29.5,29,0.5
1736.0,1736,0.0
1751.0,1751,0.0
1751.0,1751,0.0
1715.0,1715,0.0
1786.0,1786,0.0
2297.0,2297,0.0
2392.0,2392,0.0
120.0,120,0.0
2342.0,2342,0.0
2320.0,2320,0.0
2335.0,2335,0.0
1730.0,1730,0.0
1147.0,1147,0.0
32.0,32,0.0
39.0,39,0.0
1500.5,1500,0.5
1516.5,1516,0.5
65.0,65,0.0
37.0,37,0.0
30.0,30,0.0
1377.0,1377,0.0
1548.0,1548,0.0
1513.5,1513,0.5
129.0,129,0.0
25.0,25,0.0
49.0,49,0.0
25.0,25,0.0
32.0,32,0.0
1397.0,1397,0.0
1213.5,1213,0.5
163.0,163,0.0
59.0,59,0.0
61.0,61,0.0
1760.0,1760,0.0
1701.0,1701,0.0
40.0,40,0.0
1120.0,1120,0.0
108.0,108,0.0
2320.0,2320,0.0
68.0,68,0.0
1701.0,1701,0.0
1736.0,1736,0.0
599.0,599,0.0
557.0,557,0.0
604.0,604,0.0
561.0,561,0.0
608.0,608,0.0
14.0,14,0.0
554.0,554,0.0
1776.0,1776,0.0
1736.0,1736,0.0
564.0,564,0.0
5.0,5,0.0
59.0,59,0.0
79.0,79,0.0
70.0,70,0.0
5.0,5,0.0
40.0,40,0.0
14.0,14,0.0
14.0,14,0.0
68.0,68,0.0
59.0,59,0.0
13.0,13,0.0
5.0,5,0.0
70.0,70,0.0
1724.0,1724,0.0
70.0,70,0.0
129.0,129,0.0
129.0,129,0.0
73.0,73,0.0
129.0,129,0.0
120.0,120,0.0
30.5,30,0.5
79.0,79,0.0
1701.0,1701,0.0
1736.0,1736,0.0
70.0,70,0.0
70.0,70,0.0
79.0,79,0.0
1755.0,1755,0.0
62.5,62,0.5
46.0,46,0.0
94.0,94,0.0
79.0,79,0.0
79.0,79,0.0
120.0,120,0.0
3035.0,3035,0.0
3017.5,3017,0.5
3010.5,3010,0.5
3017.5,3017,0.5
3014.5,3014,0.5
3074.5,3074,0.5
2639.5,2639,0.5
2657.0,2657,0.0
2654.0,2654,0.0
2664.0,2664,0.0
2678.5,2678,0.5
2666.5,2666,0.5
2657.0,2657,0.0
16.5,16,0.5
29.5,29,0.5
3030.0,3030,0.0
61.5,61,0.5
3028.0,3028,0.0
3049.0,3049,0.0
3049.0,3049,0.0
43.0,43,0.0
12.0,12,0.0
118.5,118,0.5
12.0,12,0.0
62.0,62,0.0
3010.5,3010,0.5
43.5,43,0.5
3017.5,3017,0.5
44.5,44,0.5
43.0,43,0.0
2666.5,2666,0.5
2666.5,2666,0.5
2639.5,2639,0.5
3028.0,3028,0.0
3022.0,3022,0.0
2657.0,2657,0.0
43.0,43,0.0
28.0,28,0.0
2666.5,2666,0.5
19.5,19,0.5
3026.5,3026,0.5
114.0,114,0.0
12.0,12,0.0
12.0,12,0.0
3010.5,3010,0.5
3017.5,3017,0.5
3010.5,3010,0.5
3044.5,3044,0.5
2686.0,2686,0.0
3028.0,3028,0.0
60.0,60,0.0
12.0,12,0.0
33.5,33,0.5
16.0,16,0.0
39.0,39,0.0
3067.0,3067,0.0
3044.5,3044,0.5
60.0,60,0.0
68.0,68,0.0
5.0,5,0.0
40.0,40,0.0
120.0,120,0.0
124.0,124,0.0
70.0,70,0.0
43.5,43,0.5
64.5,64,0.5
79.0,79,0.0
52.666666666666664,52,0.6666666666666643
100.66666666666667,100,0.6666666666666714
55.0,55,0.0
14.0,14,0.0
1765.0,1765,0.0
62.0,62,0.0
70.0,70,0.0
120.0,120,0.0
2376.0,2376,0.0
2657.0,2657,0.0
2657.0,2657,0.0
2652.0,2652,0.0
94.0,94,0.0
70.0,70,0.0
79.0,79,0.0
79.0,79,0.0
133.0,133,0.0
70.0,70,0.0
68.0,68,0.0
29.0,29,0.0
40.0,40,0.0
5.0,5,0.0
1760.0,1760,0.0
2362.0,2362,0.0
2398.0,2398,0.0
2362.0,2362,0.0
129.0,129,0.0
2351.0,2351,0.0
120.0,120,0.0
79.0,79,0.0
2352.0,2352,0.0
2295.0,2295,0.0
1728.0,1728,0.0
70.0,70,0.0
1775.0,1775,0.0
30.0,30,0.0
1736.0,1736,0.0
1198.0,1198,0.0
23.0,23,0.0
79.0,79,0.0
1728.0,1728,0.0
120.0,120,0.0
1755.0,1755,0.0
1800.0,1800,0.0
1794.0,1794,0.0
1751.0,1751,0.0
1810.0,1810,0.0
134.0,134,0.0
1786.0,1786,0.0
120.0,120,0.0
2412.0,2412,0.0
120.0,120,0.0
134.0,134,0.0
50.5,50,0.5
93.0,93,0.0
129.0,129,0.0
70.0,70,0.0
70.0,70,0.0
148.0,148,0.0
2357.0,2357,0.0
2319.0,2319,0.0
2345.0,2345,0.0
79.0,79,0.0
46.0,46,0.0
120.0,120,0.0
94.0,94,0.0
2395.0,2395,0.0
79.0,79,0.0
83.0,83,0.0
2330.0,2330,0.0
120.0,120,0.0
2355.0,2355,0.0
120.0,120,0.0
2419.0,2419,0.0
2335.0,2335,0.0
79.0,79,0.0
120.0,120,0.0
79.0,79,0.0
129.0,129,0.0
94.0,94,0.0
2377.0,2377,0.0
2385.0,2385,0.0
2295.0,2295,0.0
1145.0,1145,0.0
1155.0,1155,0.0
70.0,70,0.0
124.0,124,0.0
70.0,70,0.0
133.0,133,0.0
70.0,70,0.0
2496.0,2496,0.0
2367.0,2367,0.0
2376.0,2376,0.0
70.0,70,0.0
134.0,134,0.0
70.0,70,0.0
1755.0,1755,0.0
1155.0,1155,0.0
1736.0,1736,0.0
1736.0,1736,0.0
1810.0,1810,0.0
1155.0,1155,0.0
2395.0,2395,0.0
134.0,134,0.0
2354.0,2354,0.0
2415.0,2415,0.0
2332.0,2332,0.0
1779.0,1779,0.0
1701.0,1701,0.0
1751.0,1751,0.0
1760.0,1760,0.0
1736.0,1736,0.0
70.0,70,0.0
43.5,43,0.5
79.0,79,0.0
129.0,129,0.0
70.0,70,0.0
57.5,57,0.5
2330.0,2330,0.0
70.0,70,0.0
2391.0,2391,0.0
70.0,70,0.0
70.0,70,0.0
2360.0,2360,0.0
2322.0,2322,0.0
43.5,43,0.5
67.0,67,0.0
110.0,110,0.0
70.0,70,0.0
134.0,134,0.0
124.0,124,0.0
79.0,79,0.0
79.0,79,0.0
120.0,120,0.0
70.0,70,0.0
70.0,70,0.0
2317.0,2317,0.0
27.0,27,0.0
75.0,75,0.0
37.0,37,0.0
75.0,75,0.0
2059.0,2059,0.0
2066.0,2066,0.0
35.0,35,0.0
2093.0,2093,0.0
2071.5,2071,0.5
608.0,608,0.0
2416.0,2416,0.0
2108.5,2108,0.5
2083.5,2083,0.5
3045.0,3045,0.0
3017.5,3017,0.5
60.0,60,0.0
64.0,64,0.0
70.0,70,0.0
79.0,79,0.0
1726.0,1726,0.0
94.0,94,0.0
659.0,659,0.0
608.0,608,0.0
79.0,79,0.0
150.5,150,0.5
129.0,129,0.0
94.0,94,0.0
2327.0,2327,0.0
804.0,804,0.0
839.0,839,0.0
41.0,41,0.0
122.0,122,0.0
44.5,44,0.5
3047.0,3047,0.0
3014.5,3014,0.5
3017.5,3017,0.5
3030.0,3030,0.0
29.5,29,0.5
60.0,60,0.0
124.0,124,0.0
70.0,70,0.0
839.0,839,0.0
70.0,70,0.0
70.0,70,0.0
70.0,70,0.0
79.0,79,0.0
124.0,124,0.0
889.0,889,0.0
903.0,903,0.0
73.5,73,0.5
79.0,79,0.0
70.0,70,0.0
804.0,804,0.0
806.0,806,0.0
801.0,801,0.0
2352.0,2352,0.0
2335.0,2335,0.0
79.0,79,0.0
777.0,777,0.0
893.0,893,0.0
1755.0,1755,0.0
848.0,848,0.0
589.0,589,0.0
565.0,565,0.0
2341.0,2341,0.0
619.0,619,0.0
2370.0,2370,0.0
567.0,567,0.0
590.0,590,0.0
70.0,70,0.0
124.0,124,0.0
79.0,79,0.0
133.0,133,0.0
75.5,75,0.5
70.0,70,0.0
134.0,134,0.0
2352.0,2352,0.0
2370.0,2370,0.0
567.0,567,0.0
586.0,586,0.0
90.0,90,0.0
1751.0,1751,0.0
129.0,129,0.0
59.0,59,0.0
1750.0,1750,0.0
1751.0,1751,0.0
79.0,79,0.0
1784.0,1784,0.0
94.0,94,0.0
94.0,94,0.0
94.0,94,0.0
57.0,57,0.0
120.0,120,0.0
70.0,70,0.0
134.0,134,0.0
562.0,562,0.0
70.0,70,0.0
120.0,120,0.0
129.0,129,0.0
124.0,124,0.0
120.0,120,0.0
70.0,70,0.0
70.0,70,0.0
1785.0,1785,0.0
1755.0,1755,0.0
27.0,27,0.0
46.0,46,0.0
1730.0,1730,0.0
1765.0,1765,0.0
1765.0,1765,0.0
94.0,94,0.0
70.0,70,0.0
70.0,70,0.0
1760.0,1760,0.0
79.0,79,0.0
79.0,79,0.0
79.0,79,0.0
120.0,120,0.0
636.0,636,0.0
33.0,33,0.0
62.5,62,0.5
1751.0,1751,0.0
70.0,70,0.0
134.0,134,0.0
79.0,79,0.0
124.0,124,0.0
615.0,615,0.0
70.0,70,0.0
580.0,580,0.0
700.0,700,0.0
120.0,120,0.0
56.5,56,0.5
1514.5,1514,0.5
1531.5,1531,0.5
1669.5,1669,0.5
1655.0,1655,0.0
2408.6666666666665,2408,0.6666666666665151
2313.0,2313,0.0
1569.5,1569,0.5
1661.0,1661,0.0
1660.0,1660,0.0
2381.5,2381,0.5
2429.0,2429,0.0
1659.0,1659,0.0
7.0,7,0.0
1655.0,1655,0.0
1544.5,1544,0.5
65.0,65,0.0
25.0,25,0.0
30.0,30,0.0
49.0,49,0.0
1660.0,1660,0.0
72.0,72,0.0
2382.5,2382,0.5
2419.0,2419,0.0
57.0,57,0.0
1552.5,1552,0.5
1570.0,1570,0.0
25.0,25,0.0
22.0,22,0.0
46.0,46,0.0
38.0,38,0.0
1661.0,1661,0.0
2262.5,2262,0.5
86.0,86,0.0
30.0,30,0.0
65.0,65,0.0
80.0,80,0.0
65.0,65,0.0
32.0,32,0.0
1647.5,1647,0.5
85.0,85,0.0
1690.5,1690,0.5
65.0,65,0.0
1556.5,1556,0.5
2374.0,2374,0.0
116.0,116,0.0
49.0,49,0.0
2380.0,2380,0.0
30.0,30,0.0
65.0,65,0.0
1589.0,1589,0.0
40.0,40,0.0
32.0,32,0.0
25.0,25,0.0
30.0,30,0.0
32.0,32,0.0
40.0,40,0.0
3010.5,3010,0.5
3046.5,3046,0.5
39.0,39,0.0
39.0,39,0.0
23.5,23,0.5
12.0,12,0.0
3046.5,3046,0.5
29.5,29,0.5
12.0,12,0.0
39.0,39,0.0
3017.5,3017,0.5
3010.5,3010,0.5
3028.0,3028,0.0
3045.0,3045,0.0
12.0,12,0.0
61.0,61,0.0
3019.0,3019,0.0
39.5,39,0.5
52.0,52,0.0
3014.5,3014,0.5
32.0,32,0.0
50.0,50,0.0
3028.0,3028,0.0
32.5,32,0.5
70.0,70,0.0
1701.0,1701,0.0
1728.0,1728,0.0
605.0,605,0.0
610.0,610,0.0
1765.0,1765,0.0
1184.0,1184,0.0
1736.0,1736,0.0
148.0,148,0.0
1183.0,1183,0.0
1751.0,1751,0.0
1120.0,1120,0.0
1765.0,1765,0.0
1730.0,1730,0.0
657.0,657,0.0
589.0,589,0.0
1170.0,1170,0.0
1755.0,1755,0.0
1736.0,1736,0.0
70.0,70,0.0
580.0,580,0.0
643.0,643,0.0
639.0,639,0.0
665.0,665,0.0
1725.0,1725,0.0
70.0,70,0.0
1701.0,1701,0.0
70.0,70,0.0
70.0,70,0.0
79.0,79,0.0
1736.0,1736,0.0
70.0,70,0.0
70.0,70,0.0
565.0,565,0.0
580.0,580,0.0
619.0,619,0.0
605.0,605,0.0
615.0,615,0.0
134.0,134,0.0
1765.0,1765,0.0
66.5,66,0.5
1751.0,1751,0.0
124.0,124,0.0
33.0,33,0.0
70.0,70,0.0
79.0,79,0.0
70.0,70,0.0
70.0,70,0.0
79.0,79,0.0
1728.0,1728,0.0
1701.0,1701,0.0
1736.0,1736,0.0
1120.0,1120,0.0
1183.0,1183,0.0
585.0,585,0.0
564.0,564,0.0
540.0,540,0.0
630.0,630,0.0
634.0,634,0.0
70.0,70,0.0
1120.0,1120,0.0
120.0,120,0.0
1170.0,1170,0.0
1151.0,1151,0.0
1174.0,1174,0.0
804.5,804,0.5
797.0,797,0.0
1242.0,1242,0.0
25.0,25,0.0
64.0,64,0.0
39.0,39,0.0
25.0,25,0.0
13.0,13,0.0
40.0,40,0.0
1259.5,1259,0.5
40.0,40,0.0
49.0,49,0.0
25.0,25,0.0
59.0,59,0.0
781.0,781,0.0
147.0,147,0.0
1366.0,1366,0.0
29.0,29,0.0
27.0,27,0.0
75.0,75,0.0
841.0,841,0.0
804.5,804,0.5
794.5,794,0.5
818.5,818,0.5
1552.3333333333333,1552,0.33333333333325754
1536.3333333333333,1536,0.33333333333325754
1155.0,1155,0.0
1134.0,1134,0.0
54.5,54,0.5
1120.0,1120,0.0
1170.0,1170,0.0
540.0,540,0.0
540.0,540,0.0
1250.0,1250,0.0
554.0,554,0.0
791.0,791,0.0
99.0,99,0.0
575.0,575,0.0
5.0,5,0.0
1120.0,1120,0.0
1174.0,1174,0.0
1155.0,1155,0.0
5.0,5,0.0
124.0,124,0.0
55.0,55,0.0
61.666666666666664,61,0.6666666666666643
133.0,133,0.0
79.0,79,0.0
32.333333333333336,32,0.3333333333333357
60.0,60,0.0
55.0,55,0.0
28.0,28,0.0
117.33333333333333,117,0.3333333333333286
1219.0,1219,0.0
120.0,120,0.0
70.0,70,0.0
124.0,124,0.0
124.0,124,0.0
79.0,79,0.0
70.0,70,0.0
30.5,30,0.5
70.0,70,0.0
120.0,120,0.0
120.0,120,0.0
120.0,120,0.0
70.0,70,0.0
70.0,70,0.0
79.0,79,0.0
1155.0,1155,0.0
148.0,148,0.0
70.0,70,0.0
70.0,70,0.0
134.0,134,0.0
120.0,120,0.0
70.0,70,0.0
25.0,25,0.0
147.0,147,0.0
64.0,64,0.0
31.0,31,0.0
27.0,27,0.0
95.0,95,0.0
770.0,770,0.0
1350.5,1350,0.5
1242.0,1242,0.0
1259.5,1259,0.5
1369.5,1369,0.5
787.0,787,0.0
29.0,29,0.0
796.0,796,0.0
83.0,83,0.0
25.0,25,0.0
793.5,793,0.5
2066.0,2066,0.0
42.0,42,0.0
42.0,42,0.0
42.0,42,0.0
40.0,40,0.0
2059.0,2059,0.0
2063.5,2063,0.5
2076.5,2076,0.5
14.0,14,0.0
40.0,40,0.0
1350.5,1350,0.5
14.0,14,0.0
1274.0,1274,0.0
40.0,40,0.0
787.5,787,0.5
64.0,64,0.0
1269.0,1269,0.0
68.0,68,0.0
1260.5,1260,0.5
1382.0,1382,0.0
1368.0,1368,0.0
1375.5,1375,0.5
1377.5,1377,0.5
1254.5,1254,0.5
1368.0,1368,0.0
1382.5,1382,0.5
802.5,802,0.5
29.0,29,0.0
1259.5,1259,0.5
1267.0,1267,0.0
1410.0,1410,0.0
1242.0,1242,0.0
1274.0,1274,0.0
1271.5,1271,0.5
1511.6666666666667,1511,0.6666666666667425
793.5,793,0.5
37.0,37,0.0
795.0,795,0.0
788.5,788,0.5
40.0,40,0.0
84.0,84,0.0
811.0,811,0.0
29.0,29,0.0
149.0,149,0.0
774.5,774,0.5
1259.5,1259,0.5
805.5,805,0.5
1546.6666666666667,1546,0.6666666666667425
782.0,782,0.0
1266.5,1266,0.5
1365.0,1365,0.0
1269.0,1269,0.0
1350.5,1350,0.5
5.0,5,0.0
1269.0,1269,0.0
1281.0,1281,0.0
990.5,990,0.5
1368.0,1368,0.0
782.5,782,0.5
792.0,792,0.0
801.0,801,0.0
1415.0,1415,0.0
951.5,951,0.5
5.0,5,0.0
27.0,27,0.0
1229.5,1229,0.5
31.0,31,0.0
29.0,29,0.0
83.0,83,0.0
35.0,35,0.0
64.0,64,0.0
978.5,978,0.5
978.5,978,0.5
787.5,787,0.5
791.5,791,0.5
1438.6666666666667,1438,0.6666666666667425
1438.0,1438,0.0
1749.0,1749,0.0
31.0,31,0.0
976.0,976,0.0
186.0,186,0.0
70.0,70,0.0
21.0,21,0.0
27.0,27,0.0
21.0,21,0.0
70.0,70,0.0
23.0,23,0.0
5.0,5,0.0
14.0,14,0.0
1200.0,1200,0.0
37.0,37,0.0
25.0,25,0.0
79.0,79,0.0
1239.0,1239,0.0
14.0,14,0.0
1739.0,1739,0.0
1755.5,1755,0.5
1739.0,1739,0.0
1721.5,1721,0.5
5.0,5,0.0
1437.6666666666667,1437,0.6666666666667425
1440.6666666666667,1440,0.6666666666667425
808.5,808,0.5
59.0,59,0.0
32.0,32,0.0
64.0,64,0.0
5.0,5,0.0
32.0,32,0.0
29.0,29,0.0
90.0,90,0.0
29.0,29,0.0
121.0,121,0.0
29.0,29,0.0
116.0,116,0.0
25.0,25,0.0
103.0,103,0.0
967.0,967,0.0
976.5,976,0.5
1721.5,1721,0.5
120.0,120,0.0
32.0,32,0.0
117.0,117,0.0
969.0,969,0.0
1232.0,1232,0.0
45.0,45,0.0
138.0,138,0.0
5.0,5,0.0
43.0,43,0.0
27.0,27,0.0
1134.0,1134,0.0
1155.0,1155,0.0
1155.0,1155,0.0
1169.0,1169,0.0
79.0,79,0.0
70.0,70,0.0
75.5,75,0.5
1179.0,1179,0.0
1170.0,1170,0.0
1254.0,1254,0.0
1155.0,1155,0.0
5.0,5,0.0
1170.0,1170,0.0
1188.0,1188,0.0
1155.0,1155,0.0
1129.0,1129,0.0
1183.0,1183,0.0
1120.0,1120,0.0
35.0,35,0.0
619.0,619,0.0
1145.0,1145,0.0
1145.0,1145,0.0
1217.5,1217,0.5
1738.0,1738,0.0
927.0,927,0.0
1738.0,1738,0.0
801.0,801,0.0
1438.3333333333333,1438,0.33333333333325754
965.0,965,0.0
909.5,909,0.5
969.0,969,0.0
1755.5,1755,0.5
31.0,31,0.0
969.0,969,0.0
983.5,983,0.5
939.0,939,0.0
927.0,927,0.0
64.0,64,0.0
5.0,5,0.0
934.5,934,0.5
1739.0,1739,0.0
967.0,967,0.0
1728.5,1728,0.5
971.0,971,0.0
1740.0,1740,0.0
1446.0,1446,0.0
1450.0,1450,0.0
1746.0,1746,0.0
783.5,783,0.5
801.0,801,0.0
931.5,931,0.5
59.0,59,0.0
64.0,64,0.0
780.0,780,0.0
793.5,793,0.5
1772.0,1772,0.0
45.0,45,0.0
943.5,943,0.5
934.5,934,0.5
805.5,805,0.5
1422.6666666666667,1422,0.6666666666667425
1454.6666666666667,1454,0.6666666666667425
1739.0,1739,0.0
37.0,37,0.0
93.0,93,0.0
978.5,978,0.5
1739.0,1739,0.0
29.0,29,0.0
25.0,25,0.0
29.0,29,0.0
5.0,5,0.0
59.0,59,0.0
5.0,5,0.0
64.0,64,0.0
1742.5,1742,0.5
6.0,6,0.0
39.0,39,0.0
75.0,75,0.0
1739.0,1739,0.0
927.0,927,0.0
958.5,958,0.5
794.5,794,0.5
697.5,697,0.5
1449.0,1449,0.0
1766.5,1766,0.5
23.0,23,0.0
1721.5,1721,0.5
967.0,967,0.0
4.0,4,0.0
927.0,927,0.0
34.0,34,0.0
39.0,39,0.0
6.0,6,0.0
119.0,119,0.0
6.0,6,0.0
48.0,48,0.0
39.0,39,0.0
63.0,63,0.0
6.0,6,0.0
6.0,6,0.0
1757.5,1757,0.5
6.0,6,0.0
39.0,39,0.0
927.0,927,0.0
29.0,29,0.0
31.0,31,0.0
1746.0,1746,0.0
1739.0,1739,0.0
909.5,909,0.5
1782.5,1782,0.5
696.0,696,0.0
691.5,691,0.5
53.0,53,0.0
1740.0,1740,0.0
6.0,6,0.0
6.0,6,0.0
44.0,44,0.0
1725.5,1725,0.5
1762.0,1762,0.0
86.0,86,0.0
25.0,25,0.0
79.0,79,0.0
6.0,6,0.0
4.0,4,0.0
969.0,969,0.0
946.5,946,0.5
39.0,39,0.0
88.0,88,0.0
54.0,54,0.0
64.0,64,0.0
31.0,31,0.0
23.0,23,0.0
40.0,40,0.0
1179.0,1179,0.0
1219.0,1219,0.0
79.0,79,0.0
1169.0,1169,0.0
1120.0,1120,0.0
1179.0,1179,0.0
1205.0,1205,0.0
1155.0,1155,0.0
1179.0,1179,0.0
1170.0,1170,0.0
1120.0,1120,0.0
1155.0,1155,0.0
1155.0,1155,0.0
1120.0,1120,0.0
70.0,70,0.0
65.5,65,0.5
580.0,580,0.0
134.0,134,0.0
133.0,133,0.0
1179.0,1179,0.0
1174.0,1174,0.0
1179.0,1179,0.0
1183.0,1183,0.0
1183.0,1183,0.0
1269.0,1269,0.0
70.0,70,0.0
70.0,70,0.0
32.0,32,0.0
87.0,87,0.0
3055.0,3055,0.0
3017.5,3017,0.5
2679.0,2679,0.0
3014.5,3014,0.5
3028.0,3028,0.0
3058.5,3058,0.5
3010.5,3010,0.5
2657.0,2657,0.0
2666.5,2666,0.5
2646.5,2646,0.5
2654.0,2654,0.0
82.5,82,0.5
52.5,52,0.5
3030.0,3030,0.0
56.0,56,0.0
37.5,37,0.5
45.5,45,0.5
40.5,40,0.5
28.5,28,0.5
48.0,48,0.0
29.5,29,0.5
3029.0,3029,0.0
3018.5,3018,0.5
45.5,45,0.5
42.0,42,0.0
87.0,87,0.0
54.5,54,0.5
30.5,30,0.5
59.5,59,0.5
58.0,58,0.0
44.5,44,0.5
3028.0,3028,0.0
57.0,57,0.0
3028.0,3028,0.0
47.5,47,0.5
32.0,32,0.0
31.5,31,0.5
2688.5,2688,0.5
2653.0,2653,0.0
3010.5,3010,0.5
3047.0,3047,0.0
3028.0,3028,0.0
29.5,29,0.5
2655.0,2655,0.0
2639.5,2639,0.5
94.0,94,0.0
2657.0,2657,0.0
3046.5,3046,0.5
29.5,29,0.5
85.5,85,0.5
2657.0,2657,0.0
84.0,84,0.0
3027.0,3027,0.0
34.0,34,0.0
3046.5,3046,0.5
59.0,59,0.0
3027.0,3027,0.0
3014.5,3014,0.5
3046.5,3046,0.5
3108.5,3108,0.5
2639.5,2639,0.5
2639.5,2639,0.5
30.5,30,0.5
59.5,59,0.5
56.0,56,0.0
2639.5,2639,0.5
3010.5,3010,0.5
30.5,30,0.5
76.5,76,0.5
56.0,56,0.0
26.0,26,0.0
19.5,19,0.5
20.5,20,0.5
3017.5,3017,0.5
54.5,54,0.5
37.0,37,0.0
2639.5,2639,0.5
57.0,57,0.0
60.0,60,0.0
70.0,70,0.0
94.0,94,0.0
134.0,134,0.0
79.0,79,0.0
5.0,5,0.0
64.0,64,0.0
84.0,84,0.0
69.0,69,0.0
44.666666666666664,44,0.6666666666666643
124.0,124,0.0
5.0,5,0.0
67.0,67,0.0
66.0,66,0.0
94.0,94,0.0
33.666666666666664,33,0.6666666666666643
79.0,79,0.0
42.0,42,0.0
59.0,59,0.0
2657.0,2657,0.0
2657.0,2657,0.0
79.0,79,0.0
129.0,129,0.0
14.0,14,0.0
756.0,756,0.0
540.0,540,0.0
557.0,557,0.0
120.0,120,0.0
2521.0,2521,0.0
76.0,76,0.0
70.0,70,0.0
79.0,79,0.0
70.0,70,0.0
35.0,35,0.0
151.0,151,0.0
120.0,120,0.0
79.0,79,0.0
1134.0,1134,0.0
1170.0,1170,0.0
75.0,75,0.0
37.0,37,0.0
42.0,42,0.0
199.0,199,0.0
68.0,68,0.0
59.0,59,0.0
1120.0,1120,0.0
1155.0,1155,0.0
1170.0,1170,0.0
1179.0,1179,0.0
1155.0,1155,0.0
1143.0,1143,0.0
79.0,79,0.0
79.0,79,0.0
70.0,70,0.0
592.0,592,0.0
120.0,120,0.0
681.0,681,0.0
572.0,572,0.0
570.0,570,0.0
94.0,94,0.0
72.0,72,0.0
70.0,70,0.0
94.0,94,0.0
597.0,597,0.0
540.0,540,0.0
726.0,726,0.0
134.0,134,0.0
120.0,120,0.0
1184.0,1184,0.0
70.0,70,0.0
70.0,70,0.0
1143.0,1143,0.0
2342.0,2342,0.0
618.0,618,0.0
79.0,79,0.0
565.0,565,0.0
98.5,98,0.5
2352.0,2352,0.0
79.0,79,0.0
120.0,120,0.0
79.0,79,0.0
549.0,549,0.0
124.0,124,0.0
1155.0,1155,0.0
1137.0,1137,0.0
580.0,580,0.0
660.0,660,0.0
79.0,79,0.0
564.0,564,0.0
586.0,586,0.0
575.0,575,0.0
1155.0,1155,0.0
1179.0,1179,0.0
32.0,32,0.0
70.0,70,0.0
120.0,120,0.0
18.5,18,0.5
639.0,639,0.0
79.0,79,0.0
79.0,79,0.0
70.0,70,0.0
120.0,120,0.0
572.0,572,0.0
664.0,664,0.0
622.0,622,0.0
605.0,605,0.0
615.0,615,0.0
590.0,590,0.0
79.0,79,0.0
94.0,94,0.0
1194.0,1194,0.0
1179.0,1179,0.0
1174.0,1174,0.0
2330.0,2330,0.0
148.0,148,0.0
5.0,5,0.0
683.0,683,0.0
38.5,38,0.5
18.5,18,0.5
59.0,59,0.0
5.0,5,0.0
79.0,79,0.0
70.0,70,0.0
79.0,79,0.0
18.5,18,0.5
79.0,79,0.0
79.0,79,0.0
129.0,129,0.0
68.0,68,0.0
49.0,49,0.0
2076.5,2076,0.5
13.0,13,0.0
2066.0,2066,0.0
2083.5,2083,0.5
94.0,94,0.0
1143.0,1143,0.0
540.0,540,0.0
2063.5,2063,0.5
2083.5,2083,0.5
3015.0,3015,0.0
3028.0,3028,0.0
148.0,148,0.0
1183.0,1183,0.0
94.0,94,0.0
120.0,120,0.0
70.0,70,0.0
70.0,70,0.0
615.0,615,0.0
23.0,23,0.0
3044.5,3044,0.5
3010.5,3010,0.5
3010.5,3010,0.5
3038.0,3038,0.0
3010.5,3010,0.5
3027.0,3027,0.0
3028.0,3028,0.0
3029.0,3029,0.0
3044.5,3044,0.5
3029.0,3029,0.0
3028.0,3028,0.0
3028.0,3028,0.0
3049.0,3049,0.0
3022.0,3022,0.0
49.0,49,0.0
3010.5,3010,0.5
64.0,64,0.0
79.0,79,0.0
70.0,70,0.0
64.33333333333333,64,0.3333333333333286
3375.0,3375,0.0
575.0,575,0.0
124.0,124,0.0
70.0,70,0.0
120.0,120,0.0
17.5,17,0.5
590.0,590,0.0
70.0,70,0.0
79.0,79,0.0
70.0,70,0.0
590.0,590,0.0
540.0,540,0.0
590.0,590,0.0
597.0,597,0.0
124.0,124,0.0
59.5,59,0.5
79.0,79,0.0
124.0,124,0.0
1155.0,1155,0.0
565.0,565,0.0
37.0,37,0.0
46.0,46,0.0
629.0,629,0.0
70.0,70,0.0
72.0,72,0.0
22.0,22,0.0
22.0,22,0.0
2266.5,2266,0.5
2883.0,2883,0.0
580.0,580,0.0
70.0,70,0.0
70.0,70,0.0
120.0,120,0.0
79.0,79,0.0
39.5,39,0.5
590.0,590,0.0
605.0,605,0.0
97.5,97,0.5
120.0,120,0.0
604.0,604,0.0
564.0,564,0.0
565.0,565,0.0
2904.0,2904,0.0
640.0,640,0.0
70.0,70,0.0
22.0,22,0.0
124.0,124,0.0
1147.0,1147,0.0
120.0,120,0.0
124.0,124,0.0
70.0,70,0.0
120.0,120,0.0
555.0,555,0.0
2855.0,2855,0.0
144.0,144,0.0
70.0,70,0.0
94.0,94,0.0
70.0,70,0.0
133.0,133,0.0
79.0,79,0.0
49.5,49,0.5
70.0,70,0.0
70.0,70,0.0
1155.0,1155,0.0
70.0,70,0.0
1155.0,1155,0.0
120.0,120,0.0
609.0,609,0.0
38.5,38,0.5
70.0,70,0.0
7.0,7,0.0
7.0,7,0.0
2272.0,2272,0.0
1199.0,1199,0.0
79.0,79,0.0
70.0,70,0.0
70.0,70,0.0
70.0,70,0.0
70.0,70,0.0
79.0,79,0.0
124.0,124,0.0
549.0,549,0.0
2294.0,2294,0.0
124.0,124,0.0
79.0,79,0.0
79.0,79,0.0
120.0,120,0.0
540.0,540,0.0
120.0,120,0.0
1174.0,1174,0.0
1155.0,1155,0.0
120.0,120,0.0
70.0,70,0.0
129.0,129,0.0
70.0,70,0.0
597.0,597,0.0
27.0,27,0.0
1564.0,1564,0.0
27.0,27,0.0
1508.0,1508,0.0
1540.0,1540,0.0
1589.0,1589,0.0
1509.0,1509,0.0
7.0,7,0.0
14.0,14,0.0
32.0,32,0.0
49.0,49,0.0
64.0,64,0.0
1594.5,1594,0.5
1667.5,1667,0.5
1713.5,1713,0.5
29.0,29,0.0
31.0,31,0.0
79.0,79,0.0
1677.0,1677,0.0
1684.5,1684,0.5
1680.0,1680,0.0
5.0,5,0.0
92.0,92,0.0
64.0,64,0.0
1569.0,1569,0.0
25.0,25,0.0
1586.0,1586,0.0
84.0,84,0.0
40.0,40,0.0
5.0,5,0.0
5.0,5,0.0
64.0,64,0.0
1557.5,1557,0.5
1563.0,1563,0.0
25.0,25,0.0
5.0,5,0.0
193.0,193,0.0
83.0,83,0.0
29.0,29,0.0
73.0,73,0.0
5.0,5,0.0
49.0,49,0.0
1720.0,1720,0.0
1539.0,1539,0.0
1517.0,1517,0.0
1556.5,1556,0.5
1552.5,1552,0.5
1569.0,1569,0.0
87.0,87,0.0
3028.0,3028,0.0
3010.5,3010,0.5
3027.0,3027,0.0
3049.0,3049,0.0
3010.5,3010,0.5
19.5,19,0.5
24.0,24,0.0
37.0,37,0.0
86.5,86,0.5
3030.0,3030,0.0
3017.5,3017,0.5
3028.0,3028,0.0
3028.0,3028,0.0
3060.0,3060,0.0
49.0,49,0.0
23.0,23,0.0
3027.0,3027,0.0
3028.0,3028,0.0
3028.0,3028,0.0
3010.5,3010,0.5
3014.5,3014,0.5
3010.5,3010,0.5
49.0,49,0.0
3049.5,3049,0.5
3028.0,3028,0.0
24.5,24,0.5
41.5,41,0.5
3010.5,3010,0.5
3028.0,3028,0.0
21.5,21,0.5
3022.0,3022,0.0
3030.0,3030,0.0
3045.0,3045,0.0
94.0,94,0.0
1155.0,1155,0.0
590.0,590,0.0
1120.0,1120,0.0
1183.0,1183,0.0
1174.0,1174,0.0
1189.0,1189,0.0
2282.0,2282,0.0
2277.5,2277,0.5
2247.5,2247,0.5
549.0,549,0.0
597.0,597,0.0
587.0,587,0.0
1184.0,1184,0.0
540.0,540,0.0
619.0,619,0.0
70.0,70,0.0
2907.5,2907,0.5
1155.0,1155,0.0
1147.0,1147,0.0
2247.5,2247,0.5
1155.0,1155,0.0
590.0,590,0.0
580.0,580,0.0
590.0,590,0.0
1143.0,1143,0.0
1155.0,1155,0.0
2247.5,2247,0.5
70.0,70,0.0
1184.0,1184,0.0
70.0,70,0.0
540.0,540,0.0
555.0,555,0.0
540.0,540,0.0
79.0,79,0.0
565.0,565,0.0
133.0,133,0.0
79.0,79,0.0
70.0,70,0.0
129.0,129,0.0
79.0,79,0.0
81.0,81,0.0
120.0,120,0.0
2265.0,2265,0.0
1155.0,1155,0.0
94.0,94,0.0
1213.0,1213,0.0
79.0,79,0.0
1174.0,1174,0.0
1129.0,1129,0.0
1155.0,1155,0.0
1155.0,1155,0.0
1120.0,1120,0.0
567.0,567,0.0
2885.0,2885,0.0
2847.5,2847,0.5
2618.0,2618,0.0
2596.0,2596,0.0
2443.0,2443,0.0
2457.0,2457,0.0
1155.0,1155,0.0
13.0,13,0.0
1575.0,1575,0.0
32.0,32,0.0
1155.0,1155,0.0
597.0,597,0.0
692.0,692,0.0
615.0,615,0.0
1571.0,1571,0.0
1575.0,1575,0.0
59.0,59,0.0
1488.0,1488,0.0
1607.0,1607,0.0
36.0,36,0.0
1669.0,1669,0.0
83.0,83,0.0
144.0,144,0.0
48.0,48,0.0
31.0,31,0.0
1170.0,1170,0.0
1571.0,1571,0.0
1174.0,1174,0.0
998.5,998,0.5
65.0,65,0.0
39.0,39,0.0
21.0,21,0.0
1170.0,1170,0.0
1155.0,1155,0.0
1120.0,1120,0.0
575.0,575,0.0
40.0,40,0.0
79.0,79,0.0
1155.0,1155,0.0
1170.0,1170,0.0
589.0,589,0.0
3400.0,3400,0.0
554.0,554,0.0
633.0,633,0.0
629.0,629,0.0
5.0,5,0.0
549.0,549,0.0
59.0,59,0.0
69.0,69,0.0
40.0,40,0.0
31.5,31,0.5
38.5,38,0.5
64.5,64,0.5
56.5,56,0.5
5.0,5,0.0
5.0,5,0.0
549.0,549,0.0
563.0,563,0.0
1149.0,1149,0.0
1179.0,1179,0.0
14.0,14,0.0
60.0,60,0.0
35.5,35,0.5
1120.0,1120,0.0
69.0,69,0.0
5.0,5,0.0
40.0,40,0.0
68.0,68,0.0
40.0,40,0.0
104.0,104,0.0
33.0,33,0.0
69.0,69,0.0
66.0,66,0.0
70.0,70,0.0
1155.0,1155,0.0
1155.0,1155,0.0
1120.0,1120,0.0
1169.0,1169,0.0
79.0,79,0.0
70.0,70,0.0
79.0,79,0.0
120.0,120,0.0
120.0,120,0.0
79.0,79,0.0
1170.0,1170,0.0
70.0,70,0.0
120.0,120,0.0
70.0,70,0.0
129.0,129,0.0
133.0,133,0.0
70.0,70,0.0
120.0,120,0.0
70.0,70,0.0
70.0,70,0.0
79.0,79,0.0
120.0,120,0.0
5.0,5,0.0
39.0,39,0.0
70.0,70,0.0
29.0,29,0.0
149.0,149,0.0
70.0,70,0.0
27.0,27,0.0
79.0,79,0.0
120.0,120,0.0
70.0,70,0.0
30.0,30,0.0
4.0,4,0.0
4.0,4,0.0
32.0,32,0.0
121.0,121,0.0
1184.0,1184,0.0
4.0,4,0.0
38.0,38,0.0
6.0,6,0.0
1582.5,1582,0.5
1632.0,1632,0.0
2076.0,2076,0.0
2071.0,2071,0.0
14.0,14,0.0
2076.5,2076,0.5
60.0,60,0.0
2069.5,2069,0.5
2059.0,2059,0.0
2076.5,2076,0.5
2083.5,2083,0.5
2118.5,2118,0.5
39.0,39,0.0
983.0,983,0.0
951.5,951,0.5
1575.0,1575,0.0
1595.5,1595,0.5
983.5,983,0.5
1571.0,1571,0.0
32.0,32,0.0
79.0,79,0.0
1588.5,1588,0.5
969.0,969,0.0
1575.0,1575,0.0
1590.5,1590,0.5
30.0,30,0.0
1214.0,1214,0.0
32.0,32,0.0
6.0,6,0.0
4.0,4,0.0
25.0,25,0.0
2488.0,2488,0.0
2443.0,2443,0.0
2875.0,2875,0.0
2451.0,2451,0.0
124.0,124,0.0
70.0,70,0.0
1595.5,1595,0.5
1179.0,1179,0.0
1613.0,1613,0.0
5.0,5,0.0
1204.0,1204,0.0
1143.0,1143,0.0
1155.0,1155,0.0
1120.0,1120,0.0
1174.0,1174,0.0
1174.0,1174,0.0
1120.0,1120,0.0
1145.0,1145,0.0
1174.0,1174,0.0
2502.0,2502,0.0
2480.0,2480,0.0
134.0,134,0.0
46.0,46,0.0
120.0,120,0.0
2476.0,2476,0.0
1184.0,1184,0.0
1602.0,1602,0.0
1134.0,1134,0.0
1609.5,1609,0.5
1634.0,1634,0.0
2478.0,2478,0.0
2666.5,2666,0.5
50.0,50,0.0
3014.5,3014,0.5
2652.0,2652,0.0
2639.5,2639,0.5
2669.0,2669,0.0
3044.5,3044,0.5
52.0,52,0.0
3022.0,3022,0.0
3030.0,3030,0.0
3017.5,3017,0.5
37.0,37,0.0
93.5,93,0.5
22.0,22,0.0
3028.0,3028,0.0
3033.5,3033,0.5
3027.0,3027,0.0
3046.5,3046,0.5
70.0,70,0.0
32.0,32,0.0
60.0,60,0.0
92.0,92,0.0
70.0,70,0.0
32.0,32,0.0
35.0,35,0.0
2639.5,2639,0.5
21.0,21,0.0
3010.5,3010,0.5
3046.5,3046,0.5
57.0,57,0.0
2673.5,2673,0.5
3034.0,3034,0.0
60.0,60,0.0
3010.5,3010,0.5
3042.5,3042,0.5
3017.5,3017,0.5
3028.0,3028,0.0
70.0,70,0.0
2666.5,2666,0.5
37.0,37,0.0
59.0,59,0.0
70.0,70,0.0
3017.5,3017,0.5
60.0,60,0.0
75.0,75,0.0
3014.5,3014,0.5
21.0,21,0.0
3014.5,3014,0.5
3014.5,3014,0.5
2657.0,2657,0.0
2657.0,2657,0.0
27.0,27,0.0
21.0,21,0.0
2666.5,2666,0.5
32.0,32,0.0
60.0,60,0.0
49.0,49,0.0
21.0,21,0.0
5.0,5,0.0
79.0,79,0.0
120.0,120,0.0
94.0,94,0.0
40.0,40,0.0
70.0,70,0.0
134.0,134,0.0
129.0,129,0.0
5.0,5,0.0
70.0,70,0.0
144.0,144,0.0
48.0,48,0.0
1179.0,1179,0.0
37.0,37,0.0
2657.0,2657,0.0
2664.0,2664,0.0
70.0,70,0.0
79.0,79,0.0
144.0,144,0.0
94.0,94,0.0
70.0,70,0.0
124.0,124,0.0
1151.0,1151,0.0
120.0,120,0.0
70.0,70,0.0
120.0,120,0.0
1174.0,1174,0.0
1145.0,1145,0.0
2466.0,2466,0.0
70.0,70,0.0
57.0,57,0.0
72.0,72,0.0
70.0,70,0.0
2451.0,2451,0.0
2512.0,2512,0.0
1170.0,1170,0.0
70.0,70,0.0
70.0,70,0.0
120.0,120,0.0
70.0,70,0.0
69.0,69,0.0
1149.0,1149,0.0
120.0,120,0.0
5.0,5,0.0
94.0,94,0.0
68.0,68,0.0
133.0,133,0.0
40.0,40,0.0
59.0,59,0.0
1620.5,1620,0.5
1155.0,1155,0.0
1155.0,1155,0.0
1155.0,1155,0.0
70.0,70,0.0
2492.0,2492,0.0
2544.0,2544,0.0
79.0,79,0.0
129.0,129,0.0
70.0,70,0.0
120.0,120,0.0
70.0,70,0.0
72.0,72,0.0
134.0,134,0.0
79.0,79,0.0
70.0,70,0.0
70.0,70,0.0
70.0,70,0.0
70.0,70,0.0
2452.0,2452,0.0
124.0,124,0.0
2528.0,2528,0.0
2443.0,2443,0.0
57.0,57,0.0
79.0,79,0.0
70.0,70,0.0
120.0,120,0.0
2521.0,2521,0.0
2565.0,2565,0.0
2443.0,2443,0.0
2511.0,2511,0.0
70.0,70,0.0
1613.0,1613,0.0
120.0,120,0.0
79.0,79,0.0
79.0,79,0.0
32.0,32,0.0
79.0,79,0.0
79.0,79,0.0
70.0,70,0.0
124.0,124,0.0
79.0,79,0.0
79.0,79,0.0
70.0,70,0.0
70.0,70,0.0
144.0,144,0.0
79.0,79,0.0
70.0,70,0.0
70.0,70,0.0
129.0,129,0.0
70.0,70,0.0
65.0,65,0.0
50.0,50,0.0
1174.0,1174,0.0
1184.0,1184,0.0
1613.0,1613,0.0
1120.0,1120,0.0
2219.0,2219,0.0
2476.0,2476,0.0
2443.0,2443,0.0
120.0,120,0.0
124.0,124,0.0
7.0,7,0.0
70.0,70,0.0
2482.0,2482,0.0
94.0,94,0.0
129.0,129,0.0
2528.0,2528,0.0
2482.0,2482,0.0
1194.0,1194,0.0
10.0,10,0.0
23.0,23,0.0
15.0,15,0.0
24.0,24,0.0
134.0,134,0.0
15.0,15,0.0
1158.0,1158,0.0
1179.0,1179,0.0
70.0,70,0.0
79.0,79,0.0
69.0,69,0.0
1184.0,1184,0.0
1120.0,1120,0.0
1184.0,1184,0.0
5.0,5,0.0
7.0,7,0.0
125.0,125,0.0
2563.0,2563,0.0
60.0,60,0.0
5.0,5,0.0
70.0,70,0.0
15.0,15,0.0
50.0,50,0.0
69.0,69,0.0
2528.0,2528,0.0
50.0,50,0.0
79.0,79,0.0
14.0,14,0.0
2059.0,2059,0.0
68.0,68,0.0
2103.5,2103,0.5
5.0,5,0.0
2066.0,2066,0.0
119.0,119,0.0
1134.0,1134,0.0
2088.5,2088,0.5
2066.0,2066,0.0
2059.0,2059,0.0
2069.5,2069,0.5
2657.0,2657,0.0
30.0,30,0.0
2689.0,2689,0.0
3028.0,3028,0.0
15.0,15,0.0
15.0,15,0.0
74.0,74,0.0
1170.0,1170,0.0
50.0,50,0.0
1134.0,1134,0.0
1155.0,1155,0.0
70.0,70,0.0
15.0,15,0.0
10.0,10,0.0
40.0,40,0.0
2482.0,2482,0.0
39.0,39,0.0
3042.5,3042,0.5
3039.0,3039,0.0
3014.5,3014,0.5
3017.5,3017,0.5
3022.0,3022,0.0
10.0,10,0.0
3010.5,3010,0.5
3027.0,3027,0.0
3078.5,3078,0.5
21.0,21,0.0
23.0,23,0.0
23.0,23,0.0
3014.5,3014,0.5
74.0,74,0.0
50.0,50,0.0
1155.0,1155,0.0
21.0,21,0.0
2492.0,2492,0.0
2512.0,2512,0.0
1147.0,1147,0.0
23.0,23,0.0
2515.0,2515,0.0
15.0,15,0.0
17.0,17,0.0
1584.5,1584,0.5
50.0,50,0.0
2204.0,2204,0.0
74.0,74,0.0
2482.0,2482,0.0
15.0,15,0.0
50.0,50,0.0
15.0,15,0.0
2521.0,2521,0.0
69.0,69,0.0
96.0,96,0.0
86.0,86,0.0
1155.0,1155,0.0
1170.0,1170,0.0
2443.0,2443,0.0
2200.0,2200,0.0
1151.0,1151,0.0
15.0,15,0.0
50.0,50,0.0
10.0,10,0.0
15.0,15,0.0
50.0,50,0.0
50.0,50,0.0
24.0,24,0.0
72.0,72,0.0
24.0,24,0.0
15.0,15,0.0
2482.0,2482,0.0
2478.0,2478,0.0
70.0,70,0.0
13.0,13,0.0
55.0,55,0.0
69.0,69,0.0
65.0,65,0.0
65.0,65,0.0
15.0,15,0.0
120.0,120,0.0
65.0,65,0.0
69.0,69,0.0
50.0,50,0.0
22.0,22,0.0
10.0,10,0.0
73.0,73,0.0
15.0,15,0.0
10.0,10,0.0
74.0,74,0.0
50.0,50,0.0
74.0,74,0.0
15.0,15,0.0
77.0,77,0.0
50.0,50,0.0
55.0,55,0.0
15.0,15,0.0
25.0,25,0.0
45.0,45,0.0
15.0,15,0.0
69.0,69,0.0
1155.0,1155,0.0
1170.0,1170,0.0
2478.0,2478,0.0
64.0,64,0.0
1174.0,1174,0.0
104.0,104,0.0
65.0,65,0.0
93.0,93,0.0
32.0,32,0.0
24.0,24,0.0
15.0,15,0.0
24.0,24,0.0
24.0,24,0.0
69.0,69,0.0
15.0,15,0.0
10.0,10,0.0
1174.0,1174,0.0
93.0,93,0.0
2492.0,2492,0.0
2457.0,2457,0.0
2542.0,2542,0.0
1623.0,1623,0.0
57.0,57,0.0
1566.0,1566,0.0
1552.5,1552,0.5
25.0,25,0.0
65.0,65,0.0
1517.0,1517,0.0
2355.0,2355,0.0
35.0,35,0.0
1577.0,1577,0.0
1562.5,1562,0.5
65.0,65,0.0
1509.5,1509,0.5
75.0,75,0.0
1581.0,1581,0.0
1569.5,1569,0.5
1497.0,1497,0.0
35.0,35,0.0
1529.5,1529,0.5
65.0,65,0.0
27.0,27,0.0
1537.0,1537,0.0
29.0,29,0.0
1557.0,1557,0.0
115.0,115,0.0
25.0,25,0.0
79.0,79,0.0
2415.0,2415,0.0
39.0,39,0.0
1547.5,1547,0.5
1574.0,1574,0.0
1540.0,1540,0.0
31.0,31,0.0
25.0,25,0.0
37.0,37,0.0
2440.0,2440,0.0
142.0,142,0.0
70.0,70,0.0
1570.0,1570,0.0
32.0,32,0.0
25.0,25,0.0
2379.0,2379,0.0
27.0,27,0.0
2345.0,2345,0.0
1563.5,1563,0.5
70.0,70,0.0
1556.5,1556,0.5
31.0,31,0.0
43.0,43,0.0
70.0,70,0.0
32.0,32,0.0
120.0,120,0.0
1550.0,1550,0.0
32.0,32,0.0
3028.0,3028,0.0
80.0,80,0.0
80.0,80,0.0
23.0,23,0.0
94.0,94,0.0
84.0,84,0.0
3027.0,3027,0.0
23.0,23,0.0
3017.5,3017,0.5
3058.5,3058,0.5
3010.5,3010,0.5
3010.5,3010,0.5
3030.0,3030,0.0
3028.0,3028,0.0
3017.5,3017,0.5
3030.0,3030,0.0
3046.5,3046,0.5
3029.0,3029,0.0
21.0,21,0.0
75.0,75,0.0
3022.0,3022,0.0
3058.5,3058,0.5
3069.5,3069,0.5
3046.5,3046,0.5
3010.5,3010,0.5
3014.5,3014,0.5
3019.0,3019,0.0
3022.0,3022,0.0
3028.0,3028,0.0
3030.0,3030,0.0
75.0,75,0.0
72.0,72,0.0
22.0,22,0.0
69.0,69,0.0
10.0,10,0.0
50.0,50,0.0
15.0,15,0.0
10.0,10,0.0
2478.0,2478,0.0
2466.0,2466,0.0
2498.0,2498,0.0
2457.0,2457,0.0
2452.0,2452,0.0
15.0,15,0.0
2457.0,2457,0.0
1143.0,1143,0.0
1198.0,1198,0.0
1155.0,1155,0.0
2457.0,2457,0.0
2488.0,2488,0.0
1174.0,1174,0.0
1599.0,1599,0.0
1174.0,1174,0.0
1155.0,1155,0.0
1170.0,1170,0.0
47.0,47,0.0
1622.5,1622,0.5
1193.0,1193,0.0
2457.0,2457,0.0
2466.0,2466,0.0
1179.0,1179,0.0
1174.0,1174,0.0
1751.0,1751,0.0
1751.0,1751,0.0
1765.0,1765,0.0
2204.0,2204,0.0
1715.0,1715,0.0
1776.0,1776,0.0
1751.0,1751,0.0
1584.5,1584,0.5
1614.0,1614,0.0
1736.0,1736,0.0
1751.0,1751,0.0
1755.0,1755,0.0
1143.0,1143,0.0
1155.0,1155,0.0
15.0,15,0.0
1184.0,1184,0.0
1155.0,1155,0.0
64.0,64,0.0
1609.5,1609,0.5
10.0,10,0.0
1736.0,1736,0.0
1736.0,1736,0.0
1730.0,1730,0.0
1155.0,1155,0.0
1151.0,1151,0.0
10.0,10,0.0
69.0,69,0.0
79.0,79,0.0
39.0,39,0.0
40.0,40,0.0
50.0,50,0.0
1155.0,1155,0.0
147.0,147,0.0
15.0,15,0.0
74.0,74,0.0
78.0,78,0.0
24.0,24,0.0
1209.0,1209,0.0
1243.0,1243,0.0
1155.0,1155,0.0
1751.0,1751,0.0
1736.0,1736,0.0
78.0,78,0.0
69.0,69,0.0
1760.0,1760,0.0
1751.0,1751,0.0
2203.0,2203,0.0
1730.0,1730,0.0
1620.0,1620,0.0
1620.0,1620,0.0
1630.5,1630,0.5
1711.0,1711,0.0
188.0,188,0.0
196.0,196,0.0
1303.6666666666667,1303,0.6666666666667425
1620.0,1620,0.0
1641.5,1641,0.5
973.5,973,0.5
969.0,969,0.0
25.0,25,0.0
792.6666666666666,792,0.6666666666666288
144.0,144,0.0
25.0,25,0.0
64.0,64,0.0
970.5,970,0.5
30.0,30,0.0
709.0,709,0.0
78.0,78,0.0
69.0,69,0.0
43.0,43,0.0
10.0,10,0.0
24.0,24,0.0
7.0,7,0.0
1120.0,1120,0.0
1597.0,1597,0.0
129.0,129,0.0
24.0,24,0.0
79.0,79,0.0
70.5,70,0.5
120.0,120,0.0
129.0,129,0.0
79.0,79,0.0
549.0,549,0.0
56.5,56,0.5
60.0,60,0.0
70.0,70,0.0
124.0,124,0.0
625.0,625,0.0
1184.0,1184,0.0
575.0,575,0.0
70.0,70,0.0
540.0,540,0.0
79.0,79,0.0
1164.0,1164,0.0
17.0,17,0.0
70.0,70,0.0
129.0,129,0.0
78.0,78,0.0
7.0,7,0.0
23.0,23,0.0
124.0,124,0.0
124.0,124,0.0
28.0,28,0.0
1179.0,1179,0.0
15.0,15,0.0
1120.0,1120,0.0
1170.0,1170,0.0
25.0,25,0.0
50.0,50,0.0
46.0,46,0.0
73.0,73,0.0
31.0,31,0.0
23.0,23,0.0
10.0,10,0.0
23.0,23,0.0
10.0,10,0.0
74.0,74,0.0
15.0,15,0.0
10.0,10,0.0
15.0,15,0.0
1197.0,1197,0.0
40.0,40,0.0
10.0,10,0.0
1145.0,1145,0.0
15.0,15,0.0
1134.0,1134,0.0
10.0,10,0.0
39.0,39,0.0
15.0,15,0.0
10.0,10,0.0
40.0,40,0.0
1205.0,1205,0.0
54.0,54,0.0
4.0,4,0.0
89.0,89,0.0
14.0,14,0.0
124.0,124,0.0
32.0,32,0.0
64.0,64,0.0
75.0,75,0.0
6.0,6,0.0
39.0,39,0.0
25.0,25,0.0
30.0,30,0.0
27.0,27,0.0
1624.5,1624,0.5
969.0,969,0.0
32.0,32,0.0
6.0,6,0.0
1635.0,1635,0.0
2063.5,2063,0.5
64.0,64,0.0
2093.0,2093,0.0
2059.0,2059,0.0
2114.0,2114,0.0
2059.0,2059,0.0
2115.5,2115,0.5
2091.0,2091,0.0
2071.5,2071,0.5
2059.0,2059,0.0
2067.0,2067,0.0
2108.5,2108,0.5
1256.5,1256,0.5
1613.0,1613,0.0
1173.0,1173,0.0
12.0,12,0.0
969.0,969,0.0
981.0,981,0.0
983.0,983,0.0
1006.0,1006,0.0
1267.0,1267,0.0
951.5,951,0.5
1283.5,1283,0.5
1001.0,1001,0.0
969.0,969,0.0
1274.0,1274,0.0
1271.0,1271,0.0
1255.5,1255,0.5
4.0,4,0.0
969.0,969,0.0
976.0,976,0.0
951.5,951,0.5
1155.0,1155,0.0
978.5,978,0.5
1174.0,1174,0.0
973.5,973,0.5
1279.0,1279,0.0
70.0,70,0.0
1278.5,1278,0.5
1259.5,1259,0.5
1273.5,1273,0.5
1147.0,1147,0.0
969.0,969,0.0
1155.0,1155,0.0
1242.0,1242,0.0
1120.0,1120,0.0
1155.0,1155,0.0
1254.5,1254,0.5
793.0,793,0.0
789.0,789,0.0
1620.0,1620,0.0
1630.5,1630,0.5
1617.0,1617,0.0
35.0,35,0.0
1579.0,1579,0.0
39.0,39,0.0
37.0,37,0.0
1271.5,1271,0.5
969.0,969,0.0
79.0,79,0.0
1259.5,1259,0.5
43.0,43,0.0
981.0,981,0.0
1259.5,1259,0.5
969.0,969,0.0
1120.0,1120,0.0
1155.0,1155,0.0
1642.0,1642,0.0
1259.5,1259,0.5
79.0,79,0.0
1170.0,1170,0.0
1149.0,1149,0.0
1229.0,1229,0.0
1259.5,1259,0.5
1267.0,1267,0.0
1164.0,1164,0.0
1174.0,1174,0.0
70.0,70,0.0
1264.0,1264,0.0
590.0,590,0.0
1620.0,1620,0.0
35.0,35,0.0
1155.0,1155,0.0
1120.0,1120,0.0
978.5,978,0.5
89.0,89,0.0
52.0,52,0.0
6.0,6,0.0
79.0,79,0.0
1120.0,1120,0.0
37.0,37,0.0
70.0,70,0.0
70.0,70,0.0
1155.0,1155,0.0
32.0,32,0.0
32.0,32,0.0
79.0,79,0.0
70.0,70,0.0
614.0,614,0.0
612.0,612,0.0
791.0,791,0.0
973.5,973,0.5
963.0,963,0.0
39.0,39,0.0
120.0,120,0.0
1617.0,1617,0.0
68.0,68,0.0
6.0,6,0.0
6.0,6,0.0
1617.0,1617,0.0
1613.0,1613,0.0
791.3333333333334,791,0.33333333333337123
70.0,70,0.0
68.0,68,0.0
1120.0,1120,0.0
102.0,102,0.0
40.0,40,0.0
37.0,37,0.0
787.6666666666666,787,0.6666666666666288
1636.5,1636,0.5
48.0,48,0.0
1259.5,1259,0.5
1145.0,1145,0.0
163.0,163,0.0
1134.0,1134,0.0
120.0,120,0.0
85.0,85,0.0
14.0,14,0.0
39.0,39,0.0
126.0,126,0.0
4.0,4,0.0
37.0,37,0.0
227.0,227,0.0
976.5,976,0.5
59.0,59,0.0
37.0,37,0.0
4.0,4,0.0
155.0,155,0.0
32.0,32,0.0
37.0,37,0.0
37.0,37,0.0
163.0,163,0.0
39.0,39,0.0
1164.0,1164,0.0
4.0,4,0.0
39.0,39,0.0
69.0,69,0.0
39.0,39,0.0
6.0,6,0.0
4.0,4,0.0
6.0,6,0.0
43.0,43,0.0
39.0,39,0.0
30.0,30,0.0
1120.0,1120,0.0
5.0,5,0.0
35.0,35,0.0
39.0,39,0.0
981.0,981,0.0
39.0,39,0.0
70.0,70,0.0
194.0,194,0.0
126.0,126,0.0
1257.5,1257,0.5
60.0,60,0.0
575.0,575,0.0
5.0,5,0.0
973.5,973,0.5
990.5,990,0.5
69.0,69,0.0
1273.5,1273,0.5
2089.0,2089,0.0
2076.5,2076,0.5
2059.0,2059,0.0
7.0,7,0.0
2066.0,2066,0.0
2059.0,2059,0.0
2074.0,2074,0.0
2098.0,2098,0.0
2059.0,2059,0.0
2069.5,2069,0.5
2130.5,2130,0.5
2095.5,2095,0.5
2063.5,2063,0.5
2074.5,2074,0.5
1372.5,1372,0.5
1403.0,1403,0.0
1368.0,1368,0.0
1361.0,1361,0.0
1509.0,1509,0.0
1496.0,1496,0.0
49.0,49,0.0
561.0,561,0.0
25.0,25,0.0
969.0,969,0.0
59.0,59,0.0
978.5,978,0.5
40.0,40,0.0
5.0,5,0.0
1264.0,1264,0.0
1249.0,1249,0.0
549.0,549,0.0
608.0,608,0.0
978.5,978,0.5
969.0,969,0.0
578.0,578,0.0
1257.5,1257,0.5
630.0,630,0.0
1249.0,1249,0.0
629.0,629,0.0
540.0,540,0.0
92.0,92,0.0
563.0,563,0.0
70.0,70,0.0
39.0,39,0.0
1269.0,1269,0.0
37.0,37,0.0
967.0,967,0.0
540.0,540,0.0
598.0,598,0.0
5.0,5,0.0
554.0,554,0.0
1267.0,1267,0.0
978.5,978,0.5
1274.0,1274,0.0
812.3333333333334,812,0.33333333333337123
574.0,574,0.0
1242.0,1242,0.0
1283.5,1283,0.5
589.0,589,0.0
1155.0,1155,0.0
40.0,40,0.0
1267.0,1267,0.0
23.0,23,0.0
35.0,35,0.0
1155.0,1155,0.0
578.0,578,0.0
32.0,32,0.0
584.0,584,0.0
1120.0,1120,0.0
1120.0,1120,0.0
1271.5,1271,0.5
626.0,626,0.0
783.0,783,0.0
1274.0,1274,0.0
2395.0,2395,0.0
69.0,69,0.0
617.0,617,0.0
1254.0,1254,0.0
608.0,608,0.0
563.0,563,0.0
60.0,60,0.0
554.0,554,0.0
774.0,774,0.0
131.0,131,0.0
1242.0,1242,0.0
81.0,81,0.0
70.0,70,0.0
30.0,30,0.0
1267.0,1267,0.0
540.0,540,0.0
29.0,29,0.0
44.0,44,0.0
60.0,60,0.0
5.0,5,0.0
23.0,23,0.0
23.0,23,0.0
37.0,37,0.0
110.0,110,0.0
21.0,21,0.0
99.0,99,0.0
39.0,39,0.0
27.0,27,0.0
40.0,40,0.0
49.0,49,0.0
819.0,819,0.0
30.0,30,0.0
561.0,561,0.0
549.0,549,0.0
14.0,14,0.0
1255.5,1255,0.5
1257.5,1257,0.5
60.0,60,0.0
31.0,31,0.0
14.0,14,0.0
29.0,29,0.0
69.0,69,0.0
21.0,21,0.0
1178.0,1178,0.0
32.0,32,0.0
793.0,793,0.0
1253.5,1253,0.5
1283.5,1283,0.5
1267.0,1267,0.0
1269.0,1269,0.0
806.0,806,0.0
819.0,819,0.0
40.0,40,0.0
35.0,35,0.0
37.0,37,0.0
25.0,25,0.0
23.0,23,0.0
5.0,5,0.0
5.0,5,0.0
79.0,79,0.0
60.0,60,0.0
35.0,35,0.0
25.0,25,0.0
49.0,49,0.0
21.0,21,0.0
143.0,143,0.0
30.0,30,0.0
57.0,57,0.0
27.0,27,0.0
565.0,565,0.0
60.0,60,0.0
5.0,5,0.0
49.0,49,0.0
1242.0,1242,0.0
40.0,40,0.0
21.0,21,0.0
21.0,21,0.0
70.0,70,0.0
104.0,104,0.0
107.0,107,0.0
37.0,37,0.0
2185.5,2185,0.5
1736.0,1736,0.0
15.0,15,0.0
1155.0,1155,0.0
78.0,78,0.0
1155.0,1155,0.0
1188.0,1188,0.0
70.0,70,0.0
1155.0,1155,0.0
1179.0,1179,0.0
1611.5,1611,0.5
1183.0,1183,0.0
1170.0,1170,0.0
1155.0,1155,0.0
1134.0,1134,0.0
1147.0,1147,0.0
74.0,74,0.0
1155.0,1155,0.0
1149.0,1149,0.0
50.0,50,0.0
50.0,50,0.0
74.0,74,0.0
1775.0,1775,0.0
1174.0,1174,0.0
1155.0,1155,0.0
73.0,73,0.0
69.0,69,0.0
2337.0,2337,0.0
2454.5,2454,0.5
2329.0,2329,0.0
2312.5,2312,0.5
2324.0,2324,0.0
75.0,75,0.0
37.0,37,0.0
42.0,42,0.0
2330.0,2330,0.0
42.0,42,0.0
35.0,35,0.0
35.0,35,0.0
40.0,40,0.0
40.0,40,0.0
2467.5,2467,0.5
1941.5,1941,0.5
32.0,32,0.0
32.0,32,0.0
2329.0,2329,0.0
75.0,75,0.0
40.0,40,0.0
35.0,35,0.0
32.0,32,0.0
124.0,124,0.0
2104.0,2104,0.0
42.0,42,0.0
2084.5,2084,0.5
2114.5,2114,0.5
1953.0,1953,0.0
1956.0,1956,0.0
2072.0,2072,0.0
35.0,35,0.0
1959.0,1959,0.0
70.0,70,0.0
2072.0,2072,0.0
1966.5,1966,0.5
2460.5,2460,0.5
2316.5,2316,0.5
2317.0,2317,0.0
75.0,75,0.0
2443.0,2443,0.0
1941.5,1941,0.5
124.0,124,0.0
40.0,40,0.0
40.0,40,0.0
40.0,40,0.0
2450.0,2450,0.0
75.0,75,0.0
64.0,64,0.0
2330.0,2330,0.0
2312.5,2312,0.5
2467.5,2467,0.5
2330.0,2330,0.0
2331.0,2331,0.0
2348.5,2348,0.5
75.0,75,0.0
30.0,30,0.0
1968.5,1968,0.5
57.0,57,0.0
42.0,42,0.0
2366.5,2366,0.5
2330.0,2330,0.0
27.0,27,0.0
1968.5,1968,0.5
2099.0,2099,0.0
2085.5,2085,0.5
1968.5,1968,0.5
40.0,40,0.0
120.0,120,0.0
120.0,120,0.0
1134.0,1134,0.0
78.0,78,0.0
70.0,70,0.0
19.5,19,0.5
7.0,7,0.0
120.0,120,0.0
79.0,79,0.0
79.0,79,0.0
15.0,15,0.0
50.0,50,0.0
23.0,23,0.0
1194.0,1194,0.0
15.0,15,0.0
35.0,35,0.0
70.0,70,0.0
15.0,15,0.0
95.5,95,0.5
47.0,47,0.0
1155.0,1155,0.0
90.0,90,0.0
32.0,32,0.0
1959.0,1959,0.0
2072.0,2072,0.0
1968.5,1968,0.5
1954.0,1954,0.0
15.0,15,0.0
70.0,70,0.0
69.0,69,0.0
5.0,5,0.0
1120.0,1120,0.0
1730.0,1730,0.0
2262.5,2262,0.5
1736.0,1736,0.0
1726.0,1726,0.0
1736.0,1736,0.0
79.0,79,0.0
1728.0,1728,0.0
2217.5,2217,0.5
15.0,15,0.0
1198.0,1198,0.0
1151.0,1151,0.0
40.0,40,0.0
5.0,5,0.0
15.0,15,0.0
5.0,5,0.0
39.0,39,0.0
1129.0,1129,0.0
1120.0,1120,0.0
125.0,125,0.0
1611.5,1611,0.5
15.0,15,0.0
69.0,69,0.0
45.0,45,0.0
15.0,15,0.0
1764.0,1764,0.0
24.0,24,0.0
1736.0,1736,0.0
15.0,15,0.0
1764.0,1764,0.0
10.0,10,0.0
57.0,57,0.0
100.0,100,0.0
1736.0,1736,0.0
93.0,93,0.0
79.0,79,0.0
1120.0,1120,0.0
15.0,15,0.0
70.0,70,0.0
69.0,69,0.0
24.0,24,0.0
1602.0,1602,0.0
5.0,5,0.0
24.0,24,0.0
81.0,81,0.0
1183.0,1183,0.0
1120.0,1120,0.0
2236.5,2236,0.5
95.0,95,0.0
1155.0,1155,0.0
10.0,10,0.0
1189.0,1189,0.0
69.0,69,0.0
109.0,109,0.0
37.0,37,0.0
24.0,24,0.0
100.0,100,0.0
50.0,50,0.0
15.0,15,0.0
1120.0,1120,0.0
69.0,69,0.0
70.0,70,0.0
1179.0,1179,0.0
1120.0,1120,0.0
50.0,50,0.0
1179.0,1179,0.0
1120.0,1120,0.0
1335.0,1335,0.0
1308.0,1308,0.0
1174.0,1174,0.0
1155.0,1155,0.0
1183.0,1183,0.0
1314.0,1314,0.0
50.0,50,0.0
24.0,24,0.0
40.0,40,0.0
23.0,23,0.0
15.0,15,0.0
1155.0,1155,0.0
1170.0,1170,0.0
1155.0,1155,0.0
30.0,30,0.0
15.0,15,0.0
5.0,5,0.0
2196.0,2196,0.0
1494.0,1494,0.0
70.0,70,0.0
17.0,17,0.0
1312.5,1312,0.5
45.0,45,0.0
1323.0,1323,0.0
1184.0,1184,0.0
1174.0,1174,0.0
1205.0,1205,0.0
10.0,10,0.0
1516.0,1516,0.0
94.0,94,0.0
1498.5,1498,0.5
94.0,94,0.0
5.0,5,0.0
7.0,7,0.0
7.0,7,0.0
40.0,40,0.0
7.0,7,0.0
15.0,15,0.0
1155.0,1155,0.0
40.0,40,0.0
7.0,7,0.0
75.0,75,0.0
15.0,15,0.0
7.0,7,0.0
40.0,40,0.0
5.0,5,0.0
70.0,70,0.0
79.0,79,0.0
1496.0,1496,0.0
1368.0,1368,0.0
70.0,70,0.0
70.0,70,0.0
70.0,70,0.0
1460.5,1460,0.5
609.0,609,0.0
540.0,540,0.0
1372.5,1372,0.5
1179.0,1179,0.0
1385.5,1385,0.5
32.0,32,0.0
30.0,30,0.0
30.0,30,0.0
2462.0,2462,0.0
2329.0,2329,0.0
99.0,99,0.0
1170.0,1170,0.0
50.0,50,0.0
24.0,24,0.0
10.0,10,0.0
1344.5,1344,0.5
1174.0,1174,0.0
2312.5,2312,0.5
2447.5,2447,0.5
2342.0,2342,0.0
75.0,75,0.0
75.0,75,0.0
42.0,42,0.0
2312.5,2312,0.5
35.0,35,0.0
1155.0,1155,0.0
1147.0,1147,0.0
60.0,60,0.0
15.0,15,0.0
15.0,15,0.0
50.0,50,0.0
1155.0,1155,0.0
1155.0,1155,0.0
2330.0,2330,0.0
65.0,65,0.0
79.0,79,0.0
100.0,100,0.0
1184.0,1184,0.0
1444.0,1444,0.0
1170.0,1170,0.0
10.0,10,0.0
1149.0,1149,0.0
1155.0,1155,0.0
1155.0,1155,0.0
1174.0,1174,0.0
74.0,74,0.0
57.0,57,0.0
15.0,15,0.0
69.0,69,0.0
1183.0,1183,0.0
1170.0,1170,0.0
1193.0,1193,0.0
1136.0,1136,0.0
561.0,561,0.0
540.0,540,0.0
563.0,563,0.0
7.0,7,0.0
15.0,15,0.0
50.0,50,0.0
23.0,23,0.0
114.0,114,0.0
55.0,55,0.0
22.0,22,0.0
564.0,564,0.0
15.0,15,0.0
60.0,60,0.0
24.0,24,0.0
50.0,50,0.0
37.0,37,0.0
10.0,10,0.0
15.0,15,0.0
104.0,104,0.0
70.0,70,0.0
50.0,50,0.0
15.0,15,0.0
15.0,15,0.0
142.0,142,0.0
50.0,50,0.0
24.0,24,0.0
77.0,77,0.0
575.0,575,0.0
556.0,556,0.0
24.0,24,0.0
65.0,65,0.0
589.0,589,0.0
563.0,563,0.0
32.0,32,0.0
50.0,50,0.0
79.0,79,0.0
45.0,45,0.0
1147.0,1147,0.0
1197.0,1197,0.0
24.0,24,0.0
1155.0,1155,0.0
1149.0,1149,0.0
40.0,40,0.0
10.0,10,0.0
1129.0,1129,0.0
1205.0,1205,0.0
1120.0,1120,0.0
1149.0,1149,0.0
1155.0,1155,0.0
549.0,549,0.0
639.0,639,0.0
7.0,7,0.0
7.0,7,0.0
1174.0,1174,0.0
15.0,15,0.0
69.0,69,0.0
7.0,7,0.0
24.0,24,0.0
15.0,15,0.0
89.0,89,0.0
135.0,135,0.0
100.0,100,0.0
23.0,23,0.0
1330.5,1330,0.5
50.0,50,0.0
50.0,50,0.0
1155.0,1155,0.0
2355.0,2355,0.0
2370.0,2370,0.0
25.0,25,0.0
1576.5,1576,0.5
1559.0,1559,0.0
129.0,129,0.0
32.0,32,0.0
25.0,25,0.0
120.0,120,0.0
70.0,70,0.0
49.0,49,0.0
1551.0,1551,0.0
1586.5,1586,0.5
144.0,144,0.0
70.0,70,0.0
32.0,32,0.0
8.0,8,0.0
124.0,124,0.0
39.0,39,0.0
115.0,115,0.0
32.0,32,0.0
30.0,30,0.0
2295.0,2295,0.0
35.0,35,0.0
30.0,30,0.0
129.0,129,0.0
57.0,57,0.0
2400.0,2400,0.0
40.0,40,0.0
811.0,811,0.0
70.0,70,0.0
79.0,79,0.0
2320.0,2320,0.0
2370.0,2370,0.0
35.0,35,0.0
801.0,801,0.0
150.0,150,0.0
2330.0,2330,0.0
37.0,37,0.0
30.0,30,0.0
815.5,815,0.5
5.0,5,0.0
73.0,73,0.0
37.0,37,0.0
99.0,99,0.0
59.0,59,0.0
30.0,30,0.0
2312.5,2312,0.5
2333.5,2333,0.5
75.0,75,0.0
2358.0,2358,0.0
2465.0,2465,0.0
2443.0,2443,0.0
2459.5,2459,0.5
2450.0,2450,0.0
2351.5,2351,0.5
2473.5,2473,0.5
2316.5,2316,0.5
40.0,40,0.0
75.0,75,0.0
49.0,49,0.0
42.0,42,0.0
2486.5,2486,0.5
2330.0,2330,0.0
2479.5,2479,0.5
2353.0,2353,0.0
2312.5,2312,0.5
2330.0,2330,0.0
62.0,62,0.0
124.0,124,0.0
549.0,549,0.0
549.0,549,0.0
40.0,40,0.0
17.0,17,0.0
15.0,15,0.0
45.0,45,0.0
24.0,24,0.0
1319.0,1319,0.0
1214.0,1214,0.0
1155.0,1155,0.0
1179.0,1179,0.0
1120.0,1120,0.0
1155.0,1155,0.0
1174.0,1174,0.0
1294.5,1294,0.5
1169.0,1169,0.0
70.0,70,0.0
24.0,24,0.0
1155.0,1155,0.0
1169.0,1169,0.0
1324.5,1324,0.5
1155.0,1155,0.0
561.0,561,0.0
1120.0,1120,0.0
1170.0,1170,0.0
563.0,563,0.0
589.0,589,0.0
549.0,549,0.0
567.0,567,0.0
1179.0,1179,0.0
1179.0,1179,0.0
1155.0,1155,0.0
1120.0,1120,0.0
575.0,575,0.0
554.0,554,0.0
549.0,549,0.0
618.0,618,0.0
15.0,15,0.0
1305.0,1305,0.0
1294.5,1294,0.5
1155.0,1155,0.0
69.0,69,0.0
15.0,15,0.0
1305.5,1305,0.5
556.0,556,0.0
1310.0,1310,0.0
1308.0,1308,0.0
1306.0,1306,0.0
10.0,10,0.0
50.0,50,0.0
69.0,69,0.0
135.0,135,0.0
17.0,17,0.0
78.0,78,0.0
1312.0,1312,0.0
15.0,15,0.0
7.0,7,0.0
15.0,15,0.0
65.0,65,0.0
50.0,50,0.0
74.0,74,0.0
15.0,15,0.0
1155.0,1155,0.0
1170.0,1170,0.0
10.0,10,0.0
124.0,124,0.0
1120.0,1120,0.0
1310.0,1310,0.0
1170.0,1170,0.0
1145.0,1145,0.0
1183.0,1183,0.0
563.0,563,0.0
609.0,609,0.0
549.0,549,0.0
554.0,554,0.0
554.0,554,0.0
609.0,609,0.0
1323.0,1323,0.0
589.0,589,0.0
604.0,604,0.0
1324.0,1324,0.0
57.0,57,0.0
15.0,15,0.0
1320.5,1320,0.5
2071.5,2071,0.5
1134.0,1134,0.0
59.0,59,0.0
21.0,21,0.0
40.0,40,0.0
60.0,60,0.0
554.0,554,0.0
828.0,828,0.0
819.0,819,0.0
1259.5,1259,0.5
1242.0,1242,0.0
147.0,147,0.0
629.0,629,0.0
1155.0,1155,0.0
639.0,639,0.0
5.0,5,0.0
99.0,99,0.0
23.0,23,0.0
21.0,21,0.0
43.0,43,0.0
1701.0,1701,0.0
49.0,49,0.0
799.0,799,0.0
7.0,7,0.0
1779.0,1779,0.0
60.0,60,0.0
1205.0,1205,0.0
10.0,10,0.0
24.0,24,0.0
15.0,15,0.0
15.0,15,0.0
94.0,94,0.0
40.0,40,0.0
15.0,15,0.0
45.0,45,0.0
50.0,50,0.0
1169.0,1169,0.0
69.0,69,0.0
15.0,15,0.0
15.0,15,0.0
1158.0,1158,0.0
1174.0,1174,0.0
78.0,78,0.0
46.0,46,0.0
22.0,22,0.0
1151.0,1151,0.0
50.0,50,0.0
100.0,100,0.0
15.0,15,0.0
50.0,50,0.0
1155.0,1155,0.0
2093.5,2093,0.5
1179.0,1179,0.0
69.0,69,0.0
15.0,15,0.0
65.0,65,0.0
15.0,15,0.0
15.0,15,0.0
45.0,45,0.0
23.0,23,0.0
100.0,100,0.0
15.0,15,0.0
15.0,15,0.0
15.0,15,0.0
1205.0,1205,0.0
15.0,15,0.0
5.0,5,0.0
42.0,42,0.0
2066.0,2066,0.0
1205.0,1205,0.0
50.0,50,0.0
17.0,17,0.0
15.0,15,0.0
84.0,84,0.0
15.0,15,0.0
15.0,15,0.0
94.0,94,0.0
95.0,95,0.0
60.0,60,0.0
70.0,70,0.0
37.0,37,0.0
131.0,131,0.0
2063.5,2063,0.5
31.0,31,0.0
50.0,50,0.0
50.0,50,0.0
72.0,72,0.0
1174.0,1174,0.0
540.0,540,0.0
600.0,600,0.0
1155.0,1155,0.0
69.0,69,0.0
50.0,50,0.0
7.0,7,0.0
79.0,79,0.0
15.0,15,0.0
15.0,15,0.0
554.0,554,0.0
74.0,74,0.0
15.0,15,0.0
64.0,64,0.0
50.0,50,0.0
135.0,135,0.0
79.0,79,0.0
50.0,50,0.0
7.0,7,0.0
79.0,79,0.0
540.0,540,0.0
124.0,124,0.0
2059.0,2059,0.0
604.0,604,0.0
24.0,24,0.0
23.0,23,0.0
24.0,24,0.0
15.0,15,0.0
50.0,50,0.0
70.0,70,0.0
24.0,24,0.0
181.0,181,0.0
15.0,15,0.0
15.0,15,0.0
78.0,78,0.0
1174.0,1174,0.0
50.0,50,0.0
50.0,50,0.0
50.0,50,0.0
1155.0,1155,0.0
120.0,120,0.0
17.0,17,0.0
1120.0,1120,0.0
15.0,15,0.0
74.0,74,0.0
575.0,575,0.0
114.0,114,0.0
1155.0,1155,0.0
1179.0,1179,0.0
613.0,613,0.0
60.0,60,0.0
1155.0,1155,0.0
1174.0,1174,0.0
24.0,24,0.0
65.0,65,0.0
45.0,45,0.0
78.0,78,0.0
40.0,40,0.0
15.0,15,0.0
50.0,50,0.0
15.0,15,0.0
1120.0,1120,0.0
1155.0,1155,0.0
50.0,50,0.0
563.0,563,0.0
17.0,17,0.0
1155.0,1155,0.0
2059.0,2059,0.0
15.0,15,0.0
64.0,64,0.0
83.0,83,0.0
791.0,791,0.0
191.0,191,0.0
32.0,32,0.0
39.0,39,0.0
49.0,49,0.0
565.0,565,0.0
5.0,5,0.0
27.0,27,0.0
5.0,5,0.0
13.0,13,0.0
2355.0,2355,0.0
2322.0,2322,0.0
64.0,64,0.0
540.0,540,0.0
35.0,35,0.0
40.0,40,0.0
2295.0,2295,0.0
59.0,59,0.0
2361.0,2361,0.0
5.0,5,0.0
69.0,69,0.0
5.0,5,0.0
93.0,93,0.0
31.0,31,0.0
25.0,25,0.0
49.0,49,0.0
14.0,14,0.0
40.0,40,0.0
5.0,5,0.0
40.0,40,0.0
188.0,188,0.0
565.0,565,0.0
40.0,40,0.0
5.0,5,0.0
5.0,5,0.0
5.0,5,0.0
90.0,90,0.0
25.0,25,0.0
580.0,580,0.0
25.0,25,0.0
2487.0,2487,0.0
2492.0,2492,0.0
5.0,5,0.0
5.0,5,0.0
40.0,40,0.0
14.0,14,0.0
40.0,40,0.0
29.0,29,0.0
149.0,149,0.0
5.0,5,0.0
14.0,14,0.0
5.0,5,0.0
5.0,5,0.0
73.0,73,0.0
30.0,30,0.0
35.0,35,0.0
2331.0,2331,0.0
2319.5,2319,0.5
2460.5,2460,0.5
2331.5,2331,0.5
2312.5,2312,0.5
2332.0,2332,0.0
35.0,35,0.0
40.0,40,0.0
129.0,129,0.0
2443.0,2443,0.0
42.0,42,0.0
75.0,75,0.0
2321.0,2321,0.0
2348.5,2348,0.5
40.0,40,0.0
2462.5,2462,0.5
2312.5,2312,0.5
40.0,40,0.0
2460.5,2460,0.5
2460.5,2460,0.5
2332.0,2332,0.0
2312.5,2312,0.5
2329.0,2329,0.0
75.0,75,0.0
2454.5,2454,0.5
75.0,75,0.0
2332.0,2332,0.0
70.0,70,0.0
15.0,15,0.0
24.0,24,0.0
549.0,549,0.0
76.0,76,0.0
15.0,15,0.0
15.0,15,0.0
15.0,15,0.0
65.0,65,0.0
563.0,563,0.0
1174.0,1174,0.0
27.0,27,0.0
575.0,575,0.0
60.0,60,0.0
40.0,40,0.0
570.0,570,0.0
40.0,40,0.0
70.0,70,0.0
69.0,69,0.0
1120.0,1120,0.0
1184.0,1184,0.0
2071.0,2071,0.0
1120.0,1120,0.0
1120.0,1120,0.0
1120.0,1120,0.0
7.0,7,0.0
1198.0,1198,0.0
1145.0,1145,0.0
1170.0,1170,0.0
1183.0,1183,0.0
1233.0,1233,0.0
1120.0,1120,0.0
1158.0,1158,0.0
50.0,50,0.0
10.0,10,0.0
39.0,39,0.0
100.0,100,0.0
1134.0,1134,0.0
15.0,15,0.0
2081.5,2081,0.5
571.0,571,0.0
1174.0,1174,0.0
575.0,575,0.0
2312.5,2312,0.5
2357.0,2357,0.0
2443.0,2443,0.0
2330.0,2330,0.0
2316.5,2316,0.5
2443.0,2443,0.0
2330.0,2330,0.0
2450.0,2450,0.0
2461.5,2461,0.5
99.0,99,0.0
35.0,35,0.0
35.0,35,0.0
2450.0,2450,0.0
2316.5,2316,0.5
2459.5,2459,0.5
2348.5,2348,0.5
2351.5,2351,0.5
40.0,40,0.0
42.0,42,0.0
35.0,35,0.0
40.0,40,0.0
104.0,104,0.0
99.0,99,0.0
2330.0,2330,0.0
124.0,124,0.0
2361.5,2361,0.5
2380.0,2380,0.0
32.0,32,0.0
32.0,32,0.0
40.0,40,0.0
57.0,57,0.0
2462.0,2462,0.0
86.0,86,0.0
2099.0,2099,0.0
75.0,75,0.0
37.0,37,0.0
1968.5,1968,0.5
2167.0,2167,0.0
76.0,76,0.0
1941.5,1941,0.5
2072.0,2072,0.0
2087.5,2087,0.5
1968.5,1968,0.5
1941.5,1941,0.5
2319.5,2319,0.5
35.0,35,0.0
35.0,35,0.0
99.0,99,0.0
121.0,121,0.0
184.0,184,0.0
75.0,75,0.0
2330.0,2330,0.0
35.0,35,0.0
1973.5,1973,0.5
40.0,40,0.0
57.0,57,0.0
2460.5,2460,0.5
2332.0,2332,0.0
75.0,75,0.0
79.0,79,0.0
57.0,57,0.0
1959.0,1959,0.0
135.0,135,0.0
42.0,42,0.0
45.0,45,0.0
2070.5,2070,0.5
10.0,10,0.0
50.0,50,0.0
69.0,69,0.0
15.0,15,0.0
565.0,565,0.0
40.0,40,0.0
5.0,5,0.0
575.0,575,0.0
70.0,70,0.0
77.0,77,0.0
7.0,7,0.0
57.0,57,0.0
24.0,24,0.0
50.0,50,0.0
79.0,79,0.0
24.0,24,0.0
15.0,15,0.0
40.0,40,0.0
60.0,60,0.0
70.0,70,0.0
31.0,31,0.0
2072.0,2072,0.0
1948.5,1948,0.5
1941.5,1941,0.5
1959.0,1959,0.0
15.0,15,0.0
70.0,70,0.0
1155.0,1155,0.0
45.0,45,0.0
85.0,85,0.0
35.0,35,0.0
37.0,37,0.0
2083.5,2083,0.5
540.0,540,0.0
589.0,589,0.0
608.0,608,0.0
562.0,562,0.0
563.0,563,0.0
24.0,24,0.0
549.0,549,0.0
15.0,15,0.0
2080.0,2080,0.0
50.0,50,0.0
15.0,15,0.0
10.0,10,0.0
563.0,563,0.0
24.0,24,0.0
35.0,35,0.0
70.0,70,0.0
2059.0,2059,0.0
7.0,7,0.0
37.0,37,0.0
1145.0,1145,0.0
1120.0,1120,0.0
79.0,79,0.0
70.0,70,0.0
70.0,70,0.0
540.0,540,0.0
540.0,540,0.0
24.0,24,0.0
23.0,23,0.0
15.0,15,0.0
74.0,74,0.0
618.0,618,0.0
74.0,74,0.0
554.0,554,0.0
144.0,144,0.0
66.0,66,0.0
30.0,30,0.0
563.0,563,0.0
24.0,24,0.0
57.0,57,0.0
30.0,30,0.0
575.0,575,0.0
155.0,155,0.0
70.0,70,0.0
35.0,35,0.0
30.0,30,0.0
94.0,94,0.0
570.0,570,0.0
554.0,554,0.0
32.0,32,0.0
549.0,549,0.0
563.0,563,0.0
589.0,589,0.0
540.0,540,0.0
142.0,142,0.0
134.0,134,0.0
62.0,62,0.0
70.0,70,0.0
563.0,563,0.0
91.0,91,0.0
32.0,32,0.0
85.0,85,0.0
70.0,70,0.0
554.0,554,0.0
45.0,45,0.0
554.0,554,0.0
72.0,72,0.0
85.0,85,0.0
2985.5,2985,0.5
35.0,35,0.0
1174.0,1174,0.0
3023.5,3023,0.5
589.0,589,0.0
2091.5,2091,0.5
625.0,625,0.0
563.0,563,0.0
2079.0,2079,0.0
2079.0,2079,0.0
563.0,563,0.0
2981.0,2981,0.0
2998.5,2998,0.5
94.0,94,0.0
30.0,30,0.0
35.0,35,0.0
35.0,35,0.0
35.0,35,0.0
90.0,90,0.0
2071.0,2071,0.0
575.0,575,0.0
575.0,575,0.0
561.0,561,0.0
563.0,563,0.0
556.0,556,0.0
144.0,144,0.0
575.0,575,0.0
554.0,554,0.0
1184.0,1184,0.0
37.0,37,0.0
549.0,549,0.0
1120.0,1120,0.0
166.0,166,0.0
72.0,72,0.0
40.0,40,0.0
90.0,90,0.0
37.0,37,0.0
37.0,37,0.0
70.0,70,0.0
70.0,70,0.0
124.0,124,0.0
70.0,70,0.0
134.0,134,0.0
1205.0,1205,0.0
549.0,549,0.0
37.0,37,0.0
70.0,70,0.0
70.0,70,0.0
32.0,32,0.0
37.0,37,0.0
32.0,32,0.0
37.0,37,0.0
72.0,72,0.0
70.0,70,0.0
37.0,37,0.0
563.0,563,0.0
191.0,191,0.0
70.0,70,0.0
124.0,124,0.0
1498.5,1498,0.5
79.0,79,0.0
1372.5,1372,0.5
1361.0,1361,0.0
1466.0,1466,0.0
1368.0,1368,0.0
1503.5,1503,0.5
1509.0,1509,0.0
101.0,101,0.0
24.0,24,0.0
2116.5,2116,0.5
22.0,22,0.0
2316.5,2316,0.5
2337.0,2337,0.0
3003.0,3003,0.0
32.0,32,0.0
37.0,37,0.0
39.0,39,0.0
1174.0,1174,0.0
32.0,32,0.0
1179.0,1179,0.0
549.0,549,0.0
37.0,37,0.0
94.0,94,0.0
85.0,85,0.0
2443.0,2443,0.0
2317.0,2317,0.0
2454.5,2454,0.5
2316.5,2316,0.5
2370.5,2370,0.5
2331.0,2331,0.0
2347.0,2347,0.0
2330.0,2330,0.0
2506.0,2506,0.0
2336.0,2336,0.0
2312.5,2312,0.5
42.0,42,0.0
121.0,121,0.0
201.0,201,0.0
2460.5,2460,0.5
42.0,42,0.0
75.0,75,0.0
35.0,35,0.0
37.0,37,0.0
40.0,40,0.0
59.0,59,0.0
42.0,42,0.0
79.0,79,0.0
564.0,564,0.0
61.0,61,0.0
1155.0,1155,0.0
13.0,13,0.0
1179.0,1179,0.0
1155.0,1155,0.0
94.0,94,0.0
35.0,35,0.0
624.0,624,0.0
604.0,604,0.0
35.0,35,0.0
35.0,35,0.0
37.0,37,0.0
1147.0,1147,0.0
2111.5,2111,0.5
609.0,609,0.0
2992.5,2992,0.5
2998.5,2998,0.5
2988.0,2988,0.0
1155.0,1155,0.0
1179.0,1179,0.0
30.0,30,0.0
1155.0,1155,0.0
32.0,32,0.0
32.0,32,0.0
1149.0,1149,0.0
37.0,37,0.0
1170.0,1170,0.0
30.0,30,0.0
1188.0,1188,0.0
1170.0,1170,0.0
2989.0,2989,0.0
1134.0,1134,0.0
540.0,540,0.0
549.0,549,0.0
2985.5,2985,0.5
3023.5,3023,0.5
1174.0,1174,0.0
554.0,554,0.0
599.0,599,0.0
570.0,570,0.0
540.0,540,0.0
549.0,549,0.0
563.0,563,0.0
563.0,563,0.0
561.0,561,0.0
540.0,540,0.0
35.0,35,0.0
90.0,90,0.0
22.0,22,0.0
724.0,724,0.0
2083.5,2083,0.5
3015.5,3015,0.5
94.0,94,0.0
609.0,609,0.0
613.0,613,0.0
571.0,571,0.0
575.0,575,0.0
575.0,575,0.0
615.0,615,0.0
599.0,599,0.0
30.0,30,0.0
7.0,7,0.0
30.0,30,0.0
32.0,32,0.0
540.0,540,0.0
575.0,575,0.0
157.0,157,0.0
600.0,600,0.0
90.0,90,0.0
35.0,35,0.0
540.0,540,0.0
561.0,561,0.0
561.0,561,0.0
600.0,600,0.0
575.0,575,0.0
554.0,554,0.0
561.0,561,0.0
650.0,650,0.0
600.0,600,0.0
133.0,133,0.0
600.0,600,0.0
578.0,578,0.0
2072.5,2072,0.5
549.0,549,0.0
540.0,540,0.0
1764.0,1764,0.0
21.0,21,0.0
37.0,37,0.0
120.0,120,0.0
561.0,561,0.0
804.0,804,0.0
1769.0,1769,0.0
1786.0,1786,0.0
94.0,94,0.0
1739.0,1739,0.0
2478.0,2478,0.0
1736.0,1736,0.0
84.0,84,0.0
40.0,40,0.0
618.0,618,0.0
14.0,14,0.0
1174.0,1174,0.0
554.0,554,0.0
1736.0,1736,0.0
1701.0,1701,0.0
600.0,600,0.0
2443.0,2443,0.0
25.0,25,0.0
14.0,14,0.0
40.0,40,0.0
575.0,575,0.0
549.0,549,0.0
575.0,575,0.0
609.0,609,0.0
15.0,15,0.0
40.0,40,0.0
70.0,70,0.0
549.0,549,0.0
578.0,578,0.0
600.0,600,0.0
50.0,50,0.0
69.0,69,0.0
15.0,15,0.0
15.0,15,0.0
74.0,74,0.0
69.0,69,0.0
2422.0,2422,0.0
2419.0,2419,0.0
74.0,74,0.0
575.0,575,0.0
50.0,50,0.0
15.0,15,0.0
125.0,125,0.0
15.0,15,0.0
70.0,70,0.0
10.0,10,0.0
40.0,40,0.0
40.0,40,0.0
10.0,10,0.0
50.0,50,0.0
50.0,50,0.0
39.0,39,0.0
7.0,7,0.0
59.0,59,0.0
35.0,35,0.0
35.0,35,0.0
57.0,57,0.0
45.0,45,0.0
32.0,32,0.0
57.0,57,0.0
70.0,70,0.0
615.0,615,0.0
70.0,70,0.0
160.0,160,0.0
40.0,40,0.0
575.0,575,0.0
2988.0,2988,0.0
600.0,600,0.0
35.0,35,0.0
30.0,30,0.0
184.0,184,0.0
30.0,30,0.0
27.0,27,0.0
5.0,5,0.0
29.0,29,0.0
5.0,5,0.0
68.0,68,0.0
40.0,40,0.0
59.0,59,0.0
5.0,5,0.0
5.0,5,0.0
69.0,69,0.0
40.0,40,0.0
29.0,29,0.0
1174.0,1174,0.0
643.0,643,0.0
589.0,589,0.0
25.0,25,0.0
571.0,571,0.0
1726.0,1726,0.0
27.0,27,0.0
540.0,540,0.0
1393.0,1393,0.0
1369.0,1369,0.0
1491.5,1491,0.5
1361.0,1361,0.0
70.0,70,0.0
1491.5,1491,0.5
124.0,124,0.0
1509.0,1509,0.0
1378.5,1378,0.5
1385.5,1385,0.5
1373.0,1373,0.0
1491.5,1491,0.5
1385.5,1385,0.5
1509.0,1509,0.0
23.0,23,0.0
575.0,575,0.0
615.0,615,0.0
1765.0,1765,0.0
21.0,21,0.0
1732.0,1732,0.0
60.0,60,0.0
23.0,23,0.0
59.0,59,0.0
1736.0,1736,0.0
584.0,584,0.0
75.0,75,0.0
25.0,25,0.0
554.0,554,0.0
1701.0,1701,0.0
1739.0,1739,0.0
1778.0,1778,0.0
2639.0,2639,0.0
60.0,60,0.0
578.0,578,0.0
1765.0,1765,0.0
1736.0,1736,0.0
23.0,23,0.0
608.0,608,0.0
1739.0,1739,0.0
617.0,617,0.0
1701.0,1701,0.0
554.0,554,0.0
598.0,598,0.0
1710.0,1710,0.0
554.0,554,0.0
828.0,828,0.0
2490.0,2490,0.0
1739.0,1739,0.0
793.0,793,0.0
2480.0,2480,0.0
2515.0,2515,0.0
799.0,799,0.0
1710.0,1710,0.0
1736.0,1736,0.0
40.0,40,0.0
13.0,13,0.0
29.0,29,0.0
1728.0,1728,0.0
5.0,5,0.0
563.0,563,0.0
540.0,540,0.0
1751.0,1751,0.0
1755.0,1755,0.0
554.0,554,0.0
575.0,575,0.0
2443.0,2443,0.0
2492.0,2492,0.0
549.0,549,0.0
1732.0,1732,0.0
1701.0,1701,0.0
563.0,563,0.0
1736.0,1736,0.0
561.0,561,0.0
540.0,540,0.0
608.0,608,0.0
14.0,14,0.0
99.0,99,0.0
59.0,59,0.0
575.0,575,0.0
554.0,554,0.0
600.0,600,0.0
617.0,617,0.0
564.0,564,0.0
40.0,40,0.0
110.0,110,0.0
589.0,589,0.0
23.0,23,0.0
589.0,589,0.0
589.0,589,0.0
5.0,5,0.0
30.0,30,0.0
549.0,549,0.0
5.0,5,0.0
68.0,68,0.0
5.0,5,0.0
5.0,5,0.0
608.0,608,0.0
49.0,49,0.0
59.0,59,0.0
35.0,35,0.0
23.0,23,0.0
2481.0,2481,0.0
2566.0,2566,0.0
1736.0,1736,0.0
1775.0,1775,0.0
1736.0,1736,0.0
1736.0,1736,0.0
561.0,561,0.0
49.0,49,0.0
799.0,799,0.0
804.0,804,0.0
1764.0,1764,0.0
80.0,80,0.0
30.0,30,0.0
23.0,23,0.0
59.0,59,0.0
554.0,554,0.0
5.0,5,0.0
563.0,563,0.0
1736.0,1736,0.0
921.0,921,0.0
1775.0,1775,0.0
5.0,5,0.0
540.0,540,0.0
806.0,806,0.0
2478.0,2478,0.0
575.0,575,0.0
1732.0,1732,0.0
75.0,75,0.0
40.0,40,0.0
23.0,23,0.0
5.0,5,0.0
184.0,184,0.0
5.0,5,0.0
29.0,29,0.0
25.0,25,0.0
1751.0,1751,0.0
1775.0,1775,0.0
14.0,14,0.0
21.0,21,0.0
99.0,99,0.0
29.0,29,0.0
589.0,589,0.0
23.0,23,0.0
563.0,563,0.0
127.0,127,0.0
49.0,49,0.0
30.0,30,0.0
37.0,37,0.0
37.0,37,0.0
35.0,35,0.0
29.0,29,0.0
68.0,68,0.0
21.0,21,0.0
49.0,49,0.0
5.0,5,0.0
143.0,143,0.0
60.0,60,0.0
5.0,5,0.0
5.0,5,0.0
5.0,5,0.0
94.0,94,0.0
25.0,25,0.0
30.0,30,0.0
13.0,13,0.0
59.0,59,0.0
6.0,6,0.0
1701.0,1701,0.0
23.0,23,0.0
4.0,4,0.0
49.0,49,0.0
1736.0,1736,0.0
1417.5,1417,0.5
1498.5,1498,0.5
1361.0,1361,0.0
70.0,70,0.0
1509.0,1509,0.0
1361.0,1361,0.0
1371.5,1371,0.5
1368.0,1368,0.0
1365.5,1365,0.5
1525.5,1525,0.5
1374.5,1374,0.5
1378.5,1378,0.5
1410.5,1410,0.5
34.0,34,0.0
554.0,554,0.0
1739.0,1739,0.0
549.0,549,0.0
49.0,49,0.0
5.0,5,0.0
584.0,584,0.0
567.0,567,0.0
1755.0,1755,0.0
554.0,554,0.0
1710.0,1710,0.0
2520.0,2520,0.0
1751.0,1751,0.0
615.0,615,0.0
598.0,598,0.0
1701.0,1701,0.0
1736.0,1736,0.0
565.0,565,0.0
1755.0,1755,0.0
561.0,561,0.0
1736.0,1736,0.0
1751.0,1751,0.0
589.0,589,0.0
609.0,609,0.0
1745.0,1745,0.0
609.0,609,0.0
575.0,575,0.0
1775.0,1775,0.0
562.0,562,0.0
1183.0,1183,0.0
1155.0,1155,0.0
540.0,540,0.0
1736.0,1736,0.0
806.0,806,0.0
1701.0,1701,0.0
819.0,819,0.0
574.0,574,0.0
590.0,590,0.0
59.0,59,0.0
554.0,554,0.0
34.0,34,0.0
78.0,78,0.0
565.0,565,0.0
589.0,589,0.0
563.0,563,0.0
60.0,60,0.0
1164.0,1164,0.0
1149.0,1149,0.0
2492.0,2492,0.0
565.0,565,0.0
1775.0,1775,0.0
1728.0,1728,0.0
1701.0,1701,0.0
1715.0,1715,0.0
549.0,549,0.0
1155.0,1155,0.0
1149.0,1149,0.0
589.0,589,0.0
1198.0,1198,0.0
1120.0,1120,0.0
604.0,604,0.0
554.0,554,0.0
1155.0,1155,0.0
2443.0,2443,0.0
2476.0,2476,0.0
589.0,589,0.0
575.0,575,0.0
575.0,575,0.0
554.0,554,0.0
1188.0,1188,0.0
563.0,563,0.0
565.0,565,0.0
1169.0,1169,0.0
40.0,40,0.0
29.0,29,0.0
39.0,39,0.0
4.0,4,0.0
69.0,69,0.0
5.0,5,0.0
575.0,575,0.0
2511.0,2511,0.0
587.0,587,0.0
575.0,575,0.0
1170.0,1170,0.0
1174.0,1174,0.0
1120.0,1120,0.0
40.0,40,0.0
1155.0,1155,0.0
29.0,29,0.0
609.0,609,0.0
575.0,575,0.0
629.0,629,0.0
29.0,29,0.0
13.0,13,0.0
654.0,654,0.0
612.0,612,0.0
621.0,621,0.0
132.0,132,0.0
29.0,29,0.0
58.0,58,0.0
549.0,549,0.0
600.0,600,0.0
1243.0,1243,0.0
1155.0,1155,0.0
39.0,39,0.0
549.0,549,0.0
2524.0,2524,0.0
2457.0,2457,0.0
2481.0,2481,0.0
1755.0,1755,0.0
575.0,575,0.0
1174.0,1174,0.0
69.0,69,0.0
84.0,84,0.0
69.0,69,0.0
163.0,163,0.0
6.0,6,0.0
58.0,58,0.0
29.0,29,0.0
69.0,69,0.0
42.0,42,0.0
39.0,39,0.0
67.0,67,0.0
63.0,63,0.0
89.0,89,0.0
29.0,29,0.0
4.0,4,0.0
589.0,589,0.0
575.0,575,0.0
2074.0,2074,0.0
72.0,72,0.0
86.0,86,0.0
554.0,554,0.0
575.0,575,0.0
600.0,600,0.0
567.0,567,0.0
30.0,30,0.0
37.0,37,0.0
563.0,563,0.0
70.0,70,0.0
70.0,70,0.0
39.0,39,0.0
30.0,30,0.0
35.0,35,0.0
150.0,150,0.0
70.0,70,0.0
5.0,5,0.0
70.0,70,0.0
2066.5,2066,0.5
549.0,549,0.0
74.0,74,0.0
35.0,35,0.0
30.0,30,0.0
165.0,165,0.0
120.0,120,0.0
7.0,7,0.0
30.0,30,0.0
35.0,35,0.0
72.0,72,0.0
66.0,66,0.0
54.0,54,0.0
589.0,589,0.0
40.0,40,0.0
32.0,32,0.0
2094.0,2094,0.0
600.0,600,0.0
30.0,30,0.0
134.0,134,0.0
32.0,32,0.0
724.0,724,0.0
194.0,194,0.0
5.0,5,0.0
70.0,70,0.0
94.0,94,0.0
563.0,563,0.0
37.0,37,0.0
549.0,549,0.0
70.0,70,0.0
94.0,94,0.0
70.0,70,0.0
30.0,30,0.0
2989.0,2989,0.0
30.0,30,0.0
70.0,70,0.0
600.0,600,0.0
30.0,30,0.0
540.0,540,0.0
77.0,77,0.0
5.0,5,0.0
216.0,216,0.0
30.0,30,0.0
37.0,37,0.0
70.0,70,0.0
194.0,194,0.0
722.0,722,0.0
30.0,30,0.0
722.0,722,0.0
37.0,37,0.0
567.0,567,0.0
70.0,70,0.0
564.0,564,0.0
3014.5,3014,0.5
37.0,37,0.0
620.0,620,0.0
604.0,604,0.0
575.0,575,0.0
575.0,575,0.0
600.0,600,0.0
70.0,70,0.0
70.0,70,0.0
27.0,27,0.0
68.0,68,0.0
49.0,49,0.0
2310.0,2310,0.0
25.0,25,0.0
35.0,35,0.0
2360.0,2360,0.0
5.0,5,0.0
5.0,5,0.0
2365.0,2365,0.0
54.0,54,0.0
4.0,4,0.0
39.0,39,0.0
72.0,72,0.0
2478.0,2478,0.0
39.0,39,0.0
2355.0,2355,0.0
35.0,35,0.0
32.0,32,0.0
120.0,120,0.0
5.0,5,0.0
13.0,13,0.0
2341.0,2341,0.0
2401.0,2401,0.0
57.0,57,0.0
35.0,35,0.0
29.0,29,0.0
39.0,39,0.0
2476.0,2476,0.0
44.0,44,0.0
2305.0,2305,0.0
79.0,79,0.0
35.0,35,0.0
90.0,90,0.0
2451.0,2451,0.0
5.0,5,0.0
14.0,14,0.0
40.0,40,0.0
14.0,14,0.0
29.0,29,0.0
13.0,13,0.0
39.0,39,0.0
2335.0,2335,0.0
70.0,70,0.0
30.0,30,0.0
39.0,39,0.0
37.0,37,0.0
35.0,35,0.0
86.0,86,0.0
49.0,49,0.0
40.0,40,0.0
2317.0,2317,0.0
75.0,75,0.0
37.0,37,0.0
40.0,40,0.0
50.0,50,0.0
2329.0,2329,0.0
2316.5,2316,0.5
40.0,40,0.0
40.0,40,0.0
2330.0,2330,0.0
71.0,71,0.0
5.0,5,0.0
2443.0,2443,0.0
5.0,5,0.0
5.0,5,0.0
2332.0,2332,0.0
70.0,70,0.0
540.0,540,0.0
30.0,30,0.0
571.0,571,0.0
37.0,37,0.0
6.0,6,0.0
39.0,39,0.0
34.0,34,0.0
40.0,40,0.0
69.0,69,0.0
561.0,561,0.0
540.0,540,0.0
540.0,540,0.0
549.0,549,0.0
556.0,556,0.0
575.0,575,0.0
2981.0,2981,0.0
554.0,554,0.0
563.0,563,0.0
549.0,549,0.0
2998.5,2998,0.5
101.0,101,0.0
30.0,30,0.0
35.0,35,0.0
549.0,549,0.0
599.0,599,0.0
578.0,578,0.0
540.0,540,0.0
2985.5,2985,0.5
70.0,70,0.0
70.0,70,0.0
561.0,561,0.0
3028.0,3028,0.0
32.0,32,0.0
3014.5,3014,0.5
600.0,600,0.0
562.0,562,0.0
540.0,540,0.0
600.0,600,0.0
540.0,540,0.0
2985.5,2985,0.5
32.0,32,0.0
3027.0,3027,0.0
2380.5,2380,0.5
2312.5,2312,0.5
2312.5,2312,0.5
2084.5,2084,0.5
2331.0,2331,0.0
1990.5,1990,0.5
1941.5,1941,0.5
40.0,40,0.0
2330.0,2330,0.0
2342.0,2342,0.0
60.0,60,0.0
14.0,14,0.0
59.0,59,0.0
5.0,5,0.0
5.0,5,0.0
59.0,59,0.0
92.0,92,0.0
2324.0,2324,0.0
69.0,69,0.0
22.0,22,0.0
91.0,91,0.0
135.0,135,0.0
1968.5,1968,0.5
1957.0,1957,0.0
59.0,59,0.0
2337.0,2337,0.0
2450.0,2450,0.0
1941.5,1941,0.5
2084.5,2084,0.5
1959.0,1959,0.0
2086.5,2086,0.5
1976.0,1976,0.0
1973.5,1973,0.5
2089.5,2089,0.5
2086.5,2086,0.5
1980.5,1980,0.5
2103.5,2103,0.5
59.0,59,0.0
1986.0,1986,0.0
2072.0,2072,0.0
64.0,64,0.0
13.0,13,0.0
1956.0,1956,0.0
76.0,76,0.0
40.0,40,0.0
72.0,72,0.0
1959.0,1959,0.0
2121.0,2121,0.0
40.0,40,0.0
1950.0,1950,0.0
2089.5,2089,0.5
14.0,14,0.0
64.0,64,0.0
40.0,40,0.0
2104.0,2104,0.0
1959.0,1959,0.0
5.0,5,0.0
1946.0,1946,0.0
40.0,40,0.0
59.0,59,0.0
124.0,124,0.0
7.0,7,0.0
1959.0,1959,0.0
70.0,70,0.0
32.0,32,0.0
40.0,40,0.0
79.0,79,0.0
3578.0,3578,0.0
540.0,540,0.0
7.0,7,0.0
7.0,7,0.0
3578.0,3578,0.0
2985.5,2985,0.5
70.0,70,0.0
81.0,81,0.0
79.0,79,0.0
30.0,30,0.0
92.0,92,0.0
70.0,70,0.0
7.0,7,0.0
35.0,35,0.0
81.0,81,0.0
1378.5,1378,0.5
1971.0,1971,0.0
2097.0,2097,0.0
70.0,70,0.0
30.0,30,0.0
35.0,35,0.0
608.0,608,0.0
565.0,565,0.0
540.0,540,0.0
3030.0,3030,0.0
3017.5,3017,0.5
608.0,608,0.0
2664.5,2664,0.5
554.0,554,0.0
94.0,94,0.0
37.0,37,0.0
67.0,67,0.0
32.0,32,0.0
57.0,57,0.0
32.0,32,0.0
39.0,39,0.0
15.0,15,0.0
60.0,60,0.0
7.0,7,0.0
64.0,64,0.0
15.0,15,0.0
5.0,5,0.0
13.0,13,0.0
14.0,14,0.0
563.0,563,0.0
561.0,561,0.0
563.0,563,0.0
608.0,608,0.0
613.0,613,0.0
107.0,107,0.0
564.0,564,0.0
7.0,7,0.0
32.0,32,0.0
107.0,107,0.0
30.0,30,0.0
604.0,604,0.0
37.0,37,0.0
600.0,600,0.0
121.0,121,0.0
30.0,30,0.0
70.0,70,0.0
549.0,549,0.0
589.0,589,0.0
540.0,540,0.0
562.0,562,0.0
624.0,624,0.0
32.0,32,0.0
564.0,564,0.0
561.0,561,0.0
565.0,565,0.0
561.0,561,0.0
589.0,589,0.0
30.0,30,0.0
37.0,37,0.0
35.0,35,0.0
37.0,37,0.0
554.0,554,0.0
51.0,51,0.0
35.0,35,0.0
70.0,70,0.0
35.0,35,0.0
30.0,30,0.0
70.0,70,0.0
30.0,30,0.0
70.0,70,0.0
599.0,599,0.0
3010.5,3010,0.5
589.0,589,0.0
600.0,600,0.0
127.0,127,0.0
30.0,30,0.0
120.0,120,0.0
37.0,37,0.0
30.0,30,0.0
70.0,70,0.0
618.0,618,0.0
85.0,85,0.0
37.0,37,0.0
70.0,70,0.0
5.0,5,0.0
32.0,32,0.0
37.0,37,0.0
540.0,540,0.0
3010.5,3010,0.5
563.0,563,0.0
30.0,30,0.0
7.0,7,0.0
15.0,15,0.0
7.0,7,0.0
549.0,549,0.0
609.0,609,0.0
604.0,604,0.0
50.0,50,0.0
40.0,40,0.0
7.0,7,0.0
13.0,13,0.0
40.0,40,0.0
32.0,32,0.0
37.0,37,0.0
37.0,37,0.0
98.0,98,0.0
30.0,30,0.0
70.0,70,0.0
68.0,68,0.0
5.0,5,0.0
7.0,7,0.0
1385.5,1385,0.5
1372.5,1372,0.5
1491.5,1491,0.5
1503.0,1503,0.0
1397.5,1397,0.5
1365.5,1365,0.5
86.0,86,0.0
1745.0,1745,0.0
1680.5,1680,0.5
1978.0,1978,0.0
1948.5,1948,0.5
32.0,32,0.0
37.0,37,0.0
540.0,540,0.0
554.0,554,0.0
561.0,561,0.0
2998.5,2998,0.5
2998.0,2998,0.0
35.0,35,0.0
1968.5,1968,0.5
1966.0,1966,0.0
1957.0,1957,0.0
1973.0,1973,0.0
2072.0,2072,0.0
2072.0,2072,0.0
14.0,14,0.0
40.0,40,0.0
30.0,30,0.0
604.0,604,0.0
45.0,45,0.0
565.0,565,0.0
40.0,40,0.0
5.0,5,0.0
32.0,32,0.0
30.0,30,0.0
160.0,160,0.0
70.0,70,0.0
40.0,40,0.0
554.0,554,0.0
575.0,575,0.0
2657.0,2657,0.0
599.0,599,0.0
554.0,554,0.0
39.0,39,0.0
604.0,604,0.0
557.0,557,0.0
563.0,563,0.0
549.0,549,0.0
575.0,575,0.0
604.0,604,0.0
157.0,157,0.0
540.0,540,0.0
32.0,32,0.0
49.0,49,0.0
608.0,608,0.0
37.0,37,0.0
35.0,35,0.0
563.0,563,0.0
609.0,609,0.0
617.0,617,0.0
70.0,70,0.0
599.0,599,0.0
563.0,563,0.0
674.0,674,0.0
575.0,575,0.0
563.0,563,0.0
600.0,600,0.0
2403.5,2403,0.5
549.0,549,0.0
557.0,557,0.0
540.0,540,0.0
540.0,540,0.0
685.0,685,0.0
575.0,575,0.0
124.0,124,0.0
2404.5,2404,0.5
589.0,589,0.0
554.0,554,0.0
570.0,570,0.0
540.0,540,0.0
554.0,554,0.0
540.0,540,0.0
540.0,540,0.0
152.0,152,0.0
589.0,589,0.0
37.0,37,0.0
549.0,549,0.0
45.0,45,0.0
639.0,639,0.0
549.0,549,0.0
575.0,575,0.0
120.0,120,0.0
600.0,600,0.0
15.0,15,0.0
35.0,35,0.0
32.0,32,0.0
32.0,32,0.0
70.0,70,0.0
639.0,639,0.0
40.0,40,0.0
39.0,39,0.0
35.0,35,0.0
45.0,45,0.0
92.0,92,0.0
30.0,30,0.0
32.0,32,0.0
70.0,70,0.0
563.0,563,0.0
70.0,70,0.0
70.0,70,0.0
30.0,30,0.0
60.0,60,0.0
2401.0,2401,0.0
554.0,554,0.0
584.0,584,0.0
30.0,30,0.0
618.0,618,0.0
629.0,629,0.0
50.0,50,0.0
613.0,613,0.0
563.0,563,0.0
39.0,39,0.0
40.0,40,0.0
1174.0,1174,0.0
39.0,39,0.0
575.0,575,0.0
1155.0,1155,0.0
1183.0,1183,0.0
1184.0,1184,0.0
589.0,589,0.0
598.0,598,0.0
63.0,63,0.0
28.0,28,0.0
1155.0,1155,0.0
598.0,598,0.0
1120.0,1120,0.0
640.0,640,0.0
2478.0,2478,0.0
40.0,40,0.0
7.0,7,0.0
69.0,69,0.0
618.0,618,0.0
540.0,540,0.0
70.0,70,0.0
70.0,70,0.0
554.0,554,0.0
35.0,35,0.0
40.0,40,0.0
40.0,40,0.0
32.0,32,0.0
111.0,111,0.0
50.0,50,0.0
50.0,50,0.0
65.0,65,0.0
45.0,45,0.0
15.0,15,0.0
40.0,40,0.0
10.0,10,0.0
40.0,40,0.0
74.0,74,0.0
540.0,540,0.0
15.0,15,0.0
50.0,50,0.0
93.0,93,0.0
78.0,78,0.0
50.0,50,0.0
24.0,24,0.0
540.0,540,0.0
563.0,563,0.0
604.0,604,0.0
2431.0,2431,0.0
567.0,567,0.0
575.0,575,0.0
618.0,618,0.0
50.0,50,0.0
39.0,39,0.0
39.0,39,0.0
50.0,50,0.0
69.0,69,0.0
2393.0,2393,0.0
23.0,23,0.0
10.0,10,0.0
125.0,125,0.0
15.0,15,0.0
2414.0,2414,0.0
37.0,37,0.0
2414.0,2414,0.0
40.0,40,0.0
70.0,70,0.0
30.0,30,0.0
609.0,609,0.0
39.0,39,0.0
35.0,35,0.0
7.0,7,0.0
43.0,43,0.0
35.0,35,0.0
152.0,152,0.0
37.0,37,0.0
35.0,35,0.0
570.0,570,0.0
37.0,37,0.0
70.0,70,0.0
30.0,30,0.0
134.0,134,0.0
57.0,57,0.0
554.0,554,0.0
37.0,37,0.0
37.0,37,0.0
7.0,7,0.0
2414.0,2414,0.0
68.0,68,0.0
5.0,5,0.0
60.0,60,0.0
1666.5,1666,0.5
1668.5,1668,0.5
14.0,14,0.0
1453.0,1453,0.0
1372.5,1372,0.5
15.0,15,0.0
1417.5,1417,0.5
40.0,40,0.0
561.0,561,0.0
575.0,575,0.0
1365.5,1365,0.5
1530.5,1530,0.5
1521.0,1521,0.0
1372.5,1372,0.5
1365.5,1365,0.5
1498.5,1498,0.5
561.0,561,0.0
74.0,74,0.0
2442.0,2442,0.0
40.0,40,0.0
32.0,32,0.0
2072.0,2072,0.0
2072.0,2072,0.0
120.0,120,0.0
554.0,554,0.0
32.0,32,0.0
32.0,32,0.0
30.0,30,0.0
567.0,567,0.0
575.0,575,0.0
554.0,554,0.0
561.0,561,0.0
556.0,556,0.0
1968.5,1968,0.5
1941.5,1941,0.5
5.0,5,0.0
5.0,5,0.0
5.0,5,0.0
2083.5,2083,0.5
66.0,66,0.0
60.0,60,0.0
2414.0,2414,0.0
540.0,540,0.0
45.0,45,0.0
70.0,70,0.0
604.0,604,0.0
589.0,589,0.0
99.0,99,0.0
562.0,562,0.0
540.0,540,0.0
30.0,30,0.0
32.0,32,0.0
7.0,7,0.0
5.0,5,0.0
32.0,32,0.0
540.0,540,0.0
59.0,59,0.0
70.0,70,0.0
5.0,5,0.0
609.0,609,0.0
563.0,563,0.0
564.0,564,0.0
554.0,554,0.0
561.0,561,0.0
589.0,589,0.0
564.0,564,0.0
2657.0,2657,0.0
557.0,557,0.0
2658.5,2658,0.5
15.0,15,0.0
70.0,70,0.0
37.0,37,0.0
600.0,600,0.0
600.0,600,0.0
549.0,549,0.0
2414.5,2414,0.5
549.0,549,0.0
94.0,94,0.0
70.0,70,0.0
37.0,37,0.0
540.0,540,0.0
613.0,613,0.0
554.0,554,0.0
615.0,615,0.0
540.0,540,0.0
554.0,554,0.0
2446.0,2446,0.0
2414.0,2414,0.0
554.0,554,0.0
561.0,561,0.0
30.0,30,0.0
40.0,40,0.0
30.0,30,0.0
554.0,554,0.0
625.0,625,0.0
70.0,70,0.0
30.0,30,0.0
561.0,561,0.0
2109.0,2109,0.0
1959.0,1959,0.0
2008.5,2008,0.5
1788.5,1788,0.5
1793.0,1793,0.0
1808.5,1808,0.5
1695.5,1695,0.5
1794.0,1794,0.0
1799.0,1799,0.0
1668.5,1668,0.5
1700.0,1700,0.0
40.0,40,0.0
2072.0,2072,0.0
2104.0,2104,0.0
1956.0,1956,0.0
1968.5,1968,0.5
29.0,29,0.0
1976.0,1976,0.0
40.0,40,0.0
5.0,5,0.0
40.0,40,0.0
1968.5,1968,0.5
5.0,5,0.0
2079.0,2079,0.0
2089.5,2089,0.5
1941.5,1941,0.5
1941.5,1941,0.5
1959.0,1959,0.0
1975.5,1975,0.5
5.0,5,0.0
124.0,124,0.0
69.0,69,0.0
34.0,34,0.0
89.0,89,0.0
5.0,5,0.0
722.0,722,0.0
549.0,549,0.0
29.0,29,0.0
6.0,6,0.0
6.0,6,0.0
32.0,32,0.0
7.0,7,0.0
578.0,578,0.0
35.0,35,0.0
32.0,32,0.0
632.0,632,0.0
567.0,567,0.0
13.0,13,0.0
157.0,157,0.0
70.0,70,0.0
42.0,42,0.0
40.0,40,0.0
649.0,649,0.0
35.0,35,0.0
567.0,567,0.0
575.0,575,0.0
30.0,30,0.0
35.0,35,0.0
30.0,30,0.0
30.0,30,0.0
70.0,70,0.0
30.0,30,0.0
107.0,107,0.0
600.0,600,0.0
32.0,32,0.0
133.0,133,0.0
600.0,600,0.0
122.0,122,0.0
5.0,5,0.0
70.0,70,0.0
589.0,589,0.0
589.0,589,0.0
540.0,540,0.0
30.0,30,0.0
30.0,30,0.0
32.0,32,0.0
540.0,540,0.0
90.0,90,0.0
2671.5,2671,0.5
90.0,90,0.0
5.0,5,0.0
35.0,35,0.0
44.0,44,0.0
44.0,44,0.0
589.0,589,0.0
549.0,549,0.0
90.0,90,0.0
70.0,70,0.0
70.0,70,0.0
30.0,30,0.0
5.0,5,0.0
540.0,540,0.0
35.0,35,0.0
37.0,37,0.0
32.0,32,0.0
7.0,7,0.0
32.0,32,0.0
617.0,617,0.0
540.0,540,0.0
575.0,575,0.0
561.0,561,0.0
575.0,575,0.0
554.0,554,0.0
2421.5,2421,0.5
30.0,30,0.0
64.0,64,0.0
70.0,70,0.0
540.0,540,0.0
599.0,599,0.0
79.0,79,0.0
5.0,5,0.0
24.0,24,0.0
549.0,549,0.0
22.0,22,0.0
121.0,121,0.0
1668.5,1668,0.5
1799.0,1799,0.0
1651.0,1651,0.0
1781.5,1781,0.5
57.0,57,0.0
76.0,76,0.0
1808.5,1808,0.5
40.0,40,0.0
1668.5,1668,0.5
1668.5,1668,0.5
1959.0,1959,0.0
2089.5,2089,0.5
5.0,5,0.0
40.0,40,0.0
60.0,60,0.0
2099.0,2099,0.0
2072.0,2072,0.0
1813.0,1813,0.0
1668.5,1668,0.5
1668.5,1668,0.5
13.0,13,0.0
1985.5,1985,0.5
1941.5,1941,0.5
1668.5,1668,0.5
1799.0,1799,0.0
49.0,49,0.0
94.0,94,0.0
112.0,112,0.0
40.0,40,0.0
104.0,104,0.0
5.0,5,0.0
5.0,5,0.0
35.0,35,0.0
30.0,30,0.0
7.0,7,0.0
35.0,35,0.0
64.0,64,0.0
554.0,554,0.0
30.0,30,0.0
5.0,5,0.0
57.0,57,0.0
35.0,35,0.0
35.0,35,0.0
3578.0,3578,0.0
40.0,40,0.0
567.0,567,0.0
40.0,40,0.0
22.0,22,0.0
1781.5,1781,0.5
1808.5,1808,0.5
1668.5,1668,0.5
1668.5,1668,0.5
1651.0,1651,0.0
40.0,40,0.0
94.0,94,0.0
37.0,37,0.0
35.0,35,0.0
70.0,70,0.0
70.0,70,0.0
629.0,629,0.0
2414.5,2414,0.5
575.0,575,0.0
565.0,565,0.0
563.0,563,0.0
565.0,565,0.0
37.0,37,0.0
589.0,589,0.0
70.0,70,0.0
7.0,7,0.0
2639.5,2639,0.5
1995.0,1995,0.0
30.0,30,0.0
68.0,68,0.0
39.0,39,0.0
2482.0,2482,0.0
32.0,32,0.0
43.0,43,0.0
6.0,6,0.0
6.0,6,0.0
39.0,39,0.0
2373.0,2373,0.0
4.0,4,0.0
2345.0,2345,0.0
2544.0,2544,0.0
2451.0,2451,0.0
2511.0,2511,0.0
13.0,13,0.0
39.0,39,0.0
4.0,4,0.0
2396.0,2396,0.0
35.0,35,0.0
144.0,144,0.0
32.0,32,0.0
819.0,819,0.0
35.0,35,0.0
2481.0,2481,0.0
806.0,806,0.0
79.0,79,0.0
2310.0,2310,0.0
572.0,572,0.0
4.0,4,0.0
63.0,63,0.0
79.0,79,0.0
39.0,39,0.0
39.0,39,0.0
70.0,70,0.0
2466.0,2466,0.0
2481.0,2481,0.0
48.0,48,0.0
163.0,163,0.0
39.0,39,0.0
4.0,4,0.0
2452.0,2452,0.0
2480.0,2480,0.0
28.0,28,0.0
30.0,30,0.0
70.0,70,0.0
1968.5,1968,0.5
64.0,64,0.0
14.0,14,0.0
5.0,5,0.0
40.0,40,0.0
2099.0,2099,0.0
14.0,14,0.0
13.0,13,0.0
2072.0,2072,0.0
1973.0,1973,0.0
40.0,40,0.0
1959.0,1959,0.0
1954.0,1954,0.0
1988.0,1988,0.0
60.0,60,0.0
2072.0,2072,0.0
2072.0,2072,0.0
5.0,5,0.0
1968.5,1968,0.5
2089.5,2089,0.5
1959.0,1959,0.0
1980.5,1980,0.5
1959.0,1959,0.0
1941.5,1941,0.5
1971.0,1971,0.0
2103.5,2103,0.5
2453.0,2453,0.0
2398.0,2398,0.0
564.0,564,0.0
30.0,30,0.0
43.0,43,0.0
194.0,194,0.0
30.0,30,0.0
5.0,5,0.0
70.0,70,0.0
30.0,30,0.0
5.0,5,0.0
30.0,30,0.0
30.0,30,0.0
40.0,40,0.0
540.0,540,0.0
14.0,14,0.0
60.0,60,0.0
554.0,554,0.0
35.0,35,0.0
30.0,30,0.0
94.0,94,0.0
30.0,30,0.0
1215.0,1215,0.0
44.0,44,0.0
39.0,39,0.0
30.0,30,0.0
43.0,43,0.0
120.0,120,0.0
70.0,70,0.0
151.0,151,0.0
233.0,233,0.0
70.0,70,0.0
30.0,30,0.0
1274.0,1274,0.0
30.0,30,0.0
589.0,589,0.0
94.0,94,0.0
35.0,35,0.0
600.0,600,0.0
94.0,94,0.0
540.0,540,0.0
565.0,565,0.0
575.0,575,0.0
549.0,549,0.0
30.0,30,0.0
35.0,35,0.0
39.0,39,0.0
35.0,35,0.0
45.0,45,0.0
540.0,540,0.0
27.0,27,0.0
30.0,30,0.0
567.0,567,0.0
40.0,40,0.0
35.0,35,0.0
589.0,589,0.0
32.0,32,0.0
628.0,628,0.0
589.0,589,0.0
2414.0,2414,0.0
563.0,563,0.0
35.0,35,0.0
70.0,70,0.0
72.0,72,0.0
2414.0,2414,0.0
2414.0,2414,0.0
74.0,74,0.0
567.0,567,0.0
70.0,70,0.0
35.0,35,0.0
43.0,43,0.0
35.0,35,0.0
37.0,37,0.0
573.0,573,0.0
37.0,37,0.0
33.0,33,0.0
615.0,615,0.0
40.0,40,0.0
567.0,567,0.0
44.0,44,0.0
540.0,540,0.0
1142.0,1142,0.0
36.0,36,0.0
78.0,78,0.0
1155.0,1155,0.0
1155.0,1155,0.0
1164.0,1164,0.0
1193.0,1193,0.0
69.0,69,0.0
6.0,6,0.0
151.0,151,0.0
39.0,39,0.0
1755.0,1755,0.0
2476.0,2476,0.0
1183.0,1183,0.0
69.0,69,0.0
1164.0,1164,0.0
1736.0,1736,0.0
2457.0,2457,0.0
2535.0,2535,0.0
69.0,69,0.0
14.0,14,0.0
29.0,29,0.0
29.0,29,0.0
5.0,5,0.0
83.0,83,0.0
39.0,39,0.0
89.0,89,0.0
1234.0,1234,0.0
1155.0,1155,0.0
2478.0,2478,0.0
1179.0,1179,0.0
589.0,589,0.0
1147.0,1147,0.0
1751.0,1751,0.0
567.0,567,0.0
70.0,70,0.0
59.0,59,0.0
35.0,35,0.0
37.0,37,0.0
39.0,39,0.0
72.0,72,0.0
1215.0,1215,0.0
1251.0,1251,0.0
47.0,47,0.0
72.0,72,0.0
33.0,33,0.0
39.0,39,0.0
1250.0,1250,0.0
72.0,72,0.0
37.0,37,0.0
68.0,68,0.0
68.0,68,0.0
1229.0,1229,0.0
72.0,72,0.0
83.0,83,0.0
33.0,33,0.0
69.0,69,0.0
72.0,72,0.0
33.0,33,0.0
3578.0,3578,0.0
608.0,608,0.0
30.0,30,0.0
30.0,30,0.0
32.0,32,0.0
549.0,549,0.0
70.0,70,0.0
564.0,564,0.0
30.0,30,0.0
724.0,724,0.0
563.0,563,0.0
30.0,30,0.0
554.0,554,0.0
2401.0,2401,0.0
37.0,37,0.0
639.0,639,0.0
37.0,37,0.0
59.0,59,0.0
70.0,70,0.0
32.0,32,0.0
32.0,32,0.0
14.0,14,0.0
549.0,549,0.0
2401.0,2401,0.0
2401.0,2401,0.0
70.0,70,0.0
687.0,687,0.0
722.0,722,0.0
562.0,562,0.0
604.0,604,0.0
599.0,599,0.0
575.0,575,0.0
540.0,540,0.0
30.0,30,0.0
540.0,540,0.0
659.0,659,0.0
2414.0,2414,0.0
39.0,39,0.0
563.0,563,0.0
608.0,608,0.0
2414.0,2414,0.0
722.0,722,0.0
561.0,561,0.0
600.0,600,0.0
540.0,540,0.0
540.0,540,0.0
589.0,589,0.0
589.0,589,0.0
584.0,584,0.0
624.0,624,0.0
604.0,604,0.0
600.0,600,0.0
2356.0,2356,0.0
2076.5,2076,0.5
549.0,549,0.0
153.0,153,0.0
70.0,70,0.0
70.0,70,0.0
85.0,85,0.0
2446.0,2446,0.0
2414.0,2414,0.0
2401.0,2401,0.0
2414.5,2414,0.5
35.0,35,0.0
624.0,624,0.0
674.0,674,0.0
556.0,556,0.0
629.0,629,0.0
540.0,540,0.0
37.0,37,0.0
37.0,37,0.0
79.0,79,0.0
589.0,589,0.0
64.0,64,0.0
554.0,554,0.0
549.0,549,0.0
604.0,604,0.0
575.0,575,0.0
604.0,604,0.0
540.0,540,0.0
563.0,563,0.0
549.0,549,0.0
35.0,35,0.0
70.0,70,0.0
32.0,32,0.0
30.0,30,0.0
5.0,5,0.0
59.0,59,0.0
70.0,70,0.0
540.0,540,0.0
549.0,549,0.0
39.0,39,0.0
604.0,604,0.0
574.0,574,0.0
540.0,540,0.0
575.0,575,0.0
564.0,564,0.0
540.0,540,0.0
1198.0,1198,0.0
575.0,575,0.0
2443.0,2443,0.0
1120.0,1120,0.0
575.0,575,0.0
549.0,549,0.0
6.0,6,0.0
36.0,36,0.0
4.0,4,0.0
48.0,48,0.0
6.0,6,0.0
28.0,28,0.0
4.0,4,0.0
554.0,554,0.0
69.0,69,0.0
58.0,58,0.0
1736.0,1736,0.0
2465.0,2465,0.0
2466.0,2466,0.0
1174.0,1174,0.0
1129.0,1129,0.0
2457.0,2457,0.0
2443.0,2443,0.0
36.0,36,0.0
36.0,36,0.0
84.0,84,0.0
1243.0,1243,0.0
69.0,69,0.0
589.0,589,0.0
563.0,563,0.0
36.0,36,0.0
5.0,5,0.0
124.0,124,0.0
39.0,39,0.0
1120.0,1120,0.0
1710.0,1710,0.0
1120.0,1120,0.0
39.0,39,0.0
6.0,6,0.0
40.0,40,0.0
1155.0,1155,0.0
5.0,5,0.0
54.0,54,0.0
39.0,39,0.0
69.0,69,0.0
93.0,93,0.0
89.0,89,0.0
36.0,36,0.0
39.0,39,0.0
4.0,4,0.0
1178.0,1178,0.0
44.0,44,0.0
68.0,68,0.0
39.0,39,0.0
663.0,663,0.0
39.0,39,0.0
600.0,600,0.0
685.0,685,0.0
29.0,29,0.0
69.0,69,0.0
36.0,36,0.0
39.0,39,0.0
29.0,29,0.0
5.0,5,0.0
40.0,40,0.0
36.0,36,0.0
36.0,36,0.0
99.0,99,0.0
69.0,69,0.0
34.0,34,0.0
36.0,36,0.0
39.0,39,0.0
5.0,5,0.0
124.0,124,0.0
40.0,40,0.0
6.0,6,0.0
69.0,69,0.0
34.0,34,0.0
549.0,549,0.0
1195.0,1195,0.0
1155.0,1155,0.0
40.0,40,0.0
1184.0,1184,0.0
1147.0,1147,0.0
1179.0,1179,0.0
59.0,59,0.0
549.0,549,0.0
549.0,549,0.0
1583.5,1583,0.5
1536.0,1536,0.0
1395.5,1395,0.5
1491.5,1491,0.5
1372.5,1372,0.5
40.0,40,0.0
1378.5,1378,0.5
1365.5,1365,0.5
1491.5,1491,0.5
1491.5,1491,0.5
1372.5,1372,0.5
1403.5,1403,0.5
1372.5,1372,0.5
1378.5,1378,0.5
1361.0,1361,0.0
1521.0,1521,0.0
1365.5,1365,0.5
1373.0,1373,0.0
565.0,565,0.0
1179.0,1179,0.0
69.0,69,0.0
89.0,89,0.0
39.0,39,0.0
1155.0,1155,0.0
44.0,44,0.0
554.0,554,0.0
575.0,575,0.0
1120.0,1120,0.0
14.0,14,0.0
156.0,156,0.0
561.0,561,0.0
589.0,589,0.0
604.0,604,0.0
578.0,578,0.0
1213.0,1213,0.0
562.0,562,0.0
598.0,598,0.0
563.0,563,0.0
1170.0,1170,0.0
1170.0,1170,0.0
563.0,563,0.0
575.0,575,0.0
1203.0,1203,0.0
14.0,14,0.0
608.0,608,0.0
540.0,540,0.0
570.0,570,0.0
1701.0,1701,0.0
2482.0,2482,0.0
94.0,94,0.0
13.0,13,0.0
31.0,31,0.0
1174.0,1174,0.0
5.0,5,0.0
554.0,554,0.0
1174.0,1174,0.0
1174.0,1174,0.0
575.0,575,0.0
1164.0,1164,0.0
1170.0,1170,0.0
549.0,549,0.0
2443.0,2443,0.0
1174.0,1174,0.0
1170.0,1170,0.0
629.0,629,0.0
575.0,575,0.0
1164.0,1164,0.0
584.0,584,0.0
604.0,604,0.0
2413.0,2413,0.0
29.0,29,0.0
2433.0,2433,0.0
5.0,5,0.0
1170.0,1170,0.0
2515.0,2515,0.0
2492.0,2492,0.0
2457.0,2457,0.0
1174.0,1174,0.0
36.0,36,0.0
13.0,13,0.0
6.0,6,0.0
69.0,69,0.0
39.0,39,0.0
69.0,69,0.0
78.0,78,0.0
589.0,589,0.0
4.0,4,0.0
40.0,40,0.0
54.0,54,0.0
31.0,31,0.0
40.0,40,0.0
2419.0,2419,0.0
2407.0,2407,0.0
40.0,40,0.0
54.0,54,0.0
39.0,39,0.0
6.0,6,0.0
1745.0,1745,0.0
1736.0,1736,0.0
2478.0,2478,0.0
2481.0,2481,0.0
2466.0,2466,0.0
40.0,40,0.0
29.0,29,0.0
7.0,7,0.0
6.0,6,0.0
655.0,655,0.0
563.0,563,0.0
1169.0,1169,0.0
1170.0,1170,0.0
1779.0,1779,0.0
1755.0,1755,0.0
1155.0,1155,0.0
2419.0,2419,0.0
40.0,40,0.0
124.0,124,0.0
4.0,4,0.0
5.0,5,0.0
2393.0,2393,0.0
5.0,5,0.0
1155.0,1155,0.0
40.0,40,0.0
1179.0,1179,0.0
1164.0,1164,0.0
1701.0,1701,0.0
13.0,13,0.0
7.0,7,0.0
14.0,14,0.0
4.0,4,0.0
540.0,540,0.0
5.0,5,0.0
7.0,7,0.0
60.0,60,0.0
14.0,14,0.0
29.0,29,0.0
549.0,549,0.0
94.0,94,0.0
4.0,4,0.0
48.0,48,0.0
14.0,14,0.0
5.0,5,0.0
49.0,49,0.0
5.0,5,0.0
2419.0,2419,0.0
2413.0,2413,0.0
6.0,6,0.0
1194.0,1194,0.0
39.0,39,0.0
2419.0,2419,0.0
15.0,15,0.0
7.0,7,0.0
6.0,6,0.0
40.0,40,0.0
14.0,14,0.0
60.0,60,0.0
39.0,39,0.0
12.0,12,0.0
7.0,7,0.0
4.0,4,0.0
59.0,59,0.0
5.0,5,0.0
2418.0,2418,0.0
29.0,29,0.0
540.0,540,0.0
6.0,6,0.0
2419.0,2419,0.0
2398.0,2398,0.0
1378.5,1378,0.5
1523.5,1523,0.5
1491.5,1491,0.5
1502.0,1502,0.0
1378.5,1378,0.5
1380.0,1380,0.0
1523.5,1523,0.5
1395.0,1395,0.0
1491.5,1491,0.5
1395.5,1395,0.5
1368.0,1368,0.0
1509.0,1509,0.0
1503.0,1503,0.0
1368.0,1368,0.0
1385.5,1385,0.5
1491.5,1491,0.5
1371.5,1371,0.5
1521.0,1521,0.0
1361.0,1361,0.0
1405.5,1405,0.5
1526.0,1526,0.0
39.0,39,0.0
6.0,6,0.0
563.0,563,0.0
2462.0,2462,0.0
1155.0,1155,0.0
7.0,7,0.0
1147.0,1147,0.0
1155.0,1155,0.0
13.0,13,0.0
1174.0,1174,0.0
2428.0,2428,0.0
540.0,540,0.0
1155.0,1155,0.0
1199.0,1199,0.0
2418.0,2418,0.0
60.0,60,0.0
40.0,40,0.0
1155.0,1155,0.0
2433.0,2433,0.0
1155.0,1155,0.0
1120.0,1120,0.0
2428.0,2428,0.0
1120.0,1120,0.0
2469.0,2469,0.0
598.0,598,0.0
615.0,615,0.0
1755.0,1755,0.0
5.0,5,0.0
1710.0,1710,0.0
1736.0,1736,0.0
1730.0,1730,0.0
1170.0,1170,0.0
1155.0,1155,0.0
1214.0,1214,0.0
584.0,584,0.0
89.0,89,0.0
49.0,49,0.0
1209.0,1209,0.0
5.0,5,0.0
2433.0,2433,0.0
68.0,68,0.0
554.0,554,0.0
37.0,37,0.0
32.0,32,0.0
540.0,540,0.0
94.0,94,0.0
70.0,70,0.0
35.0,35,0.0
15.0,15,0.0
7.0,7,0.0
14.0,14,0.0
563.0,563,0.0
554.0,554,0.0
554.0,554,0.0
563.0,563,0.0
2414.5,2414,0.5
122.0,122,0.0
72.0,72,0.0
609.0,609,0.0
589.0,589,0.0
5.0,5,0.0
1498.5,1498,0.5
1378.5,1378,0.5
49.0,49,0.0
1808.5,1808,0.5
17.0,17,0.0
10.0,10,0.0
1361.0,1361,0.0
1385.5,1385,0.5
1378.5,1378,0.5
1369.5,1369,0.5
1491.5,1491,0.5
1372.5,1372,0.5
10.0,10,0.0
604.0,604,0.0
14.0,14,0.0
40.0,40,0.0
1385.5,1385,0.5
5.0,5,0.0
30.0,30,0.0
45.0,45,0.0
72.0,72,0.0
39.0,39,0.0
35.0,35,0.0
72.0,72,0.0
96.0,96,0.0
1374.5,1374,0.5
23.0,23,0.0
50.0,50,0.0
15.0,15,0.0
1422.5,1422,0.5
1372.5,1372,0.5
1368.0,1368,0.0
1361.0,1361,0.0
1509.0,1509,0.0
831.0,831,0.0
24.0,24,0.0
10.0,10,0.0
184.0,184,0.0
79.0,79,0.0
27.0,27,0.0
1651.0,1651,0.0
1959.0,1959,0.0
1973.5,1973,0.5
2418.5,2418,0.5
33.0,33,0.0
575.0,575,0.0
101.0,101,0.0
72.0,72,0.0
33.0,33,0.0
33.0,33,0.0
540.0,540,0.0
39.0,39,0.0
35.0,35,0.0
46.0,46,0.0
609.0,609,0.0
575.0,575,0.0
39.0,39,0.0
87.0,87,0.0
39.0,39,0.0
2072.0,2072,0.0
2072.0,2072,0.0
1941.5,1941,0.5
2103.5,2103,0.5
1973.5,1973,0.5
1973.0,1973,0.0
7.0,7,0.0
2079.0,2079,0.0
613.0,613,0.0
2396.5,2396,0.5
2414.5,2414,0.5
625.0,625,0.0
37.0,37,0.0
46.0,46,0.0
57.0,57,0.0
33.0,33,0.0
39.0,39,0.0
35.0,35,0.0
72.0,72,0.0
37.0,37,0.0
39.0,39,0.0
549.0,549,0.0
69.0,69,0.0
600.0,600,0.0
600.0,600,0.0
567.0,567,0.0
556.0,556,0.0
549.0,549,0.0
575.0,575,0.0
604.0,604,0.0
575.0,575,0.0
549.0,549,0.0
2408.0,2408,0.0
617.0,617,0.0
575.0,575,0.0
575.0,575,0.0
549.0,549,0.0
600.0,600,0.0
554.0,554,0.0
2384.0,2384,0.0
2393.0,2393,0.0
2453.0,2453,0.0
2414.0,2414,0.0
2443.0,2443,0.0
2164.5,2164,0.5
2398.0,2398,0.0
2473.0,2473,0.0
2419.0,2419,0.0
2443.0,2443,0.0
2419.0,2419,0.0
72.0,72,0.0
2393.0,2393,0.0
2393.0,2393,0.0
2398.0,2398,0.0
2418.0,2418,0.0
37.0,37,0.0
615.0,615,0.0
2443.0,2443,0.0
2418.0,2418,0.0
2420.0,2420,0.0
1813.0,1813,0.0
1695.5,1695,0.5
1800.0,1800,0.0
14.0,14,0.0
1983.0,1983,0.0
1665.5,1665,0.5
2072.0,2072,0.0
2089.5,2089,0.5
1973.5,1973,0.5
5.0,5,0.0
68.0,68,0.0
2096.5,2096,0.5
1678.0,1678,0.0
27.0,27,0.0
21.0,21,0.0
31.0,31,0.0
5.0,5,0.0
1973.0,1973,0.0
2086.5,2086,0.5
14.0,14,0.0
5.0,5,0.0
1985.5,1985,0.5
143.0,143,0.0
2384.0,2384,0.0
2428.0,2428,0.0
563.0,563,0.0
2071.5,2071,0.5
540.0,540,0.0
589.0,589,0.0
46.0,46,0.0
33.0,33,0.0
43.0,43,0.0
2164.5,2164,0.5
37.0,37,0.0
37.0,37,0.0
37.0,37,0.0
39.0,39,0.0
39.0,39,0.0
43.0,43,0.0
133.0,133,0.0
609.0,609,0.0
46.0,46,0.0
575.0,575,0.0
2393.0,2393,0.0
2384.0,2384,0.0
2419.0,2419,0.0
196.0,196,0.0
72.0,72,0.0
96.0,96,0.0
72.0,72,0.0
194.0,194,0.0
72.0,72,0.0
39.0,39,0.0
2407.0,2407,0.0
2398.0,2398,0.0
5.0,5,0.0
96.0,96,0.0
2467.0,2467,0.0
2164.5,2164,0.5
72.0,72,0.0
2393.0,2393,0.0
2447.0,2447,0.0
153.0,153,0.0
33.0,33,0.0
250.0,250,0.0
2419.0,2419,0.0
72.0,72,0.0
2400.0,2400,0.0
153.0,153,0.0
146.0,146,0.0
131.0,131,0.0
2167.0,2167,0.0
2438.0,2438,0.0
2442.0,2442,0.0
2398.0,2398,0.0
47.0,47,0.0
2438.0,2438,0.0
2427.0,2427,0.0
96.0,96,0.0
72.0,72,0.0
61.0,61,0.0
2419.0,2419,0.0
83.0,83,0.0
35.0,35,0.0
2443.0,2443,0.0
2419.0,2419,0.0
2447.0,2447,0.0
751.0,751,0.0
72.0,72,0.0
39.0,39,0.0
68.0,68,0.0
39.0,39,0.0
33.0,33,0.0
60.0,60,0.0
21.0,21,0.0
75.0,75,0.0
21.0,21,0.0
1678.0,1678,0.0
2072.0,2072,0.0
1980.5,1980,0.5
1651.0,1651,0.0
1651.0,1651,0.0
1808.5,1808,0.5
1959.0,1959,0.0
5.0,5,0.0
1678.0,1678,0.0
1668.5,1668,0.5
1668.5,1668,0.5
2072.0,2072,0.0
64.0,64,0.0
40.0,40,0.0
5.0,5,0.0
13.0,13,0.0
14.0,14,0.0
1941.5,1941,0.5
1973.0,1973,0.0
1781.5,1781,0.5
1651.0,1651,0.0
1668.5,1668,0.5
7.0,7,0.0
2087.5,2087,0.5
2089.5,2089,0.5
1941.5,1941,0.5
24.0,24,0.0
1781.5,1781,0.5
1678.0,1678,0.0
37.0,37,0.0
5.0,5,0.0
14.0,14,0.0
5.0,5,0.0
37.0,37,0.0
3578.0,3578,0.0
791.0,791,0.0
3578.0,3578,0.0
10.0,10,0.0
15.0,15,0.0
2174.5,2174,0.5
72.0,72,0.0
2407.0,2407,0.0
33.0,33,0.0
72.0,72,0.0
3578.0,3578,0.0
1811.0,1811,0.0
1808.5,1808,0.5
1781.5,1781,0.5
1651.0,1651,0.0
1781.5,1781,0.5
33.0,33,0.0
122.0,122,0.0
35.0,35,0.0
61.0,61,0.0
37.0,37,0.0
33.0,33,0.0
39.0,39,0.0
37.0,37,0.0
72.0,72,0.0
39.0,39,0.0
87.0,87,0.0
37.0,37,0.0
39.0,39,0.0
2462.0,2462,0.0
2419.0,2419,0.0
2483.0,2483,0.0
2492.0,2492,0.0
35.0,35,0.0
7.0,7,0.0
2419.0,2419,0.0
2419.0,2419,0.0
2420.0,2420,0.0
2398.0,2398,0.0
37.0,37,0.0
68.0,68,0.0
39.0,39,0.0
32.0,32,0.0
2534.0,2534,0.0
4.0,4,0.0
587.0,587,0.0
2511.0,2511,0.0
4.0,4,0.0
39.0,39,0.0
70.0,70,0.0
37.0,37,0.0
124.0,124,0.0
54.0,54,0.0
6.0,6,0.0
70.0,70,0.0
37.0,37,0.0
39.0,39,0.0
39.0,39,0.0
2515.0,2515,0.0
37.0,37,0.0
142.0,142,0.0
39.0,39,0.0
4.0,4,0.0
70.0,70,0.0
59.0,59,0.0
6.0,6,0.0
70.0,70,0.0
2487.0,2487,0.0
6.0,6,0.0
2405.0,2405,0.0
4.0,4,0.0
4.0,4,0.0
6.0,6,0.0
39.0,39,0.0
575.0,575,0.0
5.0,5,0.0
6.0,6,0.0
14.0,14,0.0
2480.0,2480,0.0
59.0,59,0.0
27.0,27,0.0
4.0,4,0.0
2563.0,2563,0.0
99.0,99,0.0
5.0,5,0.0
90.0,90,0.0
2487.0,2487,0.0
27.0,27,0.0
39.0,39,0.0
597.0,597,0.0
40.0,40,0.0
2466.0,2466,0.0
2487.0,2487,0.0
30.0,30,0.0
1683.0,1683,0.0
2072.0,2072,0.0
1941.5,1941,0.5
14.0,14,0.0
69.0,69,0.0
1956.0,1956,0.0
59.0,59,0.0
1948.5,1948,0.5
5.0,5,0.0
40.0,40,0.0
62.0,62,0.0
2084.0,2084,0.0
2005.0,2005,0.0
2114.0,2114,0.0
27.0,27,0.0
5.0,5,0.0
1941.5,1941,0.5
1941.5,1941,0.5
40.0,40,0.0
1840.5,1840,0.5
1813.5,1813,0.5
1077.5,1077,0.5
5.0,5,0.0
1060.0,1060,0.0
1060.0,1060,0.0
40.0,40,0.0
1109.5,1109,0.5
1075.5,1075,0.5
1073.5,1073,0.5
1060.0,1060,0.0
1077.5,1077,0.5
72.0,72,0.0
35.0,35,0.0
33.0,33,0.0
33.0,33,0.0
196.0,196,0.0
13.0,13,0.0
96.0,96,0.0
33.0,33,0.0
39.0,39,0.0
14.0,14,0.0
39.0,39,0.0
69.0,69,0.0
33.0,33,0.0
101.0,101,0.0
5.0,5,0.0
146.0,146,0.0
2483.0,2483,0.0
2447.0,2447,0.0
131.0,131,0.0
72.0,72,0.0
33.0,33,0.0
14.0,14,0.0
57.0,57,0.0
40.0,40,0.0
2419.0,2419,0.0
2384.0,2384,0.0
39.0,39,0.0
35.0,35,0.0
2393.0,2393,0.0
2438.0,2438,0.0
3578.0,3578,0.0
40.0,40,0.0
791.0,791,0.0
5.0,5,0.0
37.0,37,0.0
72.0,72,0.0
92.0,92,0.0
2393.0,2393,0.0
2453.0,2453,0.0
33.0,33,0.0
35.0,35,0.0
101.0,101,0.0
39.0,39,0.0
15.0,15,0.0
2419.0,2419,0.0
2091.0,2091,0.0
2493.0,2493,0.0
59.0,59,0.0
2184.0,2184,0.0
110.0,110,0.0
2185.0,2185,0.0
37.0,37,0.0
2473.0,2473,0.0
2419.0,2419,0.0
2419.0,2419,0.0
2177.0,2177,0.0
72.0,72,0.0
2428.0,2428,0.0
2384.0,2384,0.0
2419.0,2419,0.0
2462.0,2462,0.0
33.0,33,0.0
101.0,101,0.0
72.0,72,0.0
2418.0,2418,0.0
2453.0,2453,0.0
60.0,60,0.0
2393.0,2393,0.0
2393.0,2393,0.0
2393.0,2393,0.0
39.0,39,0.0
92.0,92,0.0
2393.0,2393,0.0
1155.0,1155,0.0
609.0,609,0.0
4.0,4,0.0
39.0,39,0.0
7.0,7,0.0
58.0,58,0.0
166.0,166,0.0
23.0,23,0.0
1170.0,1170,0.0
575.0,575,0.0
29.0,29,0.0
2452.0,2452,0.0
1745.0,1745,0.0
1174.0,1174,0.0
5.0,5,0.0
21.0,21,0.0
1155.0,1155,0.0
578.0,578,0.0
2393.0,2393,0.0
2419.0,2419,0.0
1736.0,1736,0.0
1732.0,1732,0.0
1751.0,1751,0.0
1120.0,1120,0.0
7.0,7,0.0
68.0,68,0.0
29.0,29,0.0
562.0,562,0.0
540.0,540,0.0
1751.0,1751,0.0
69.0,69,0.0
15.0,15,0.0
90.0,90,0.0
34.0,34,0.0
1794.0,1794,0.0
29.0,29,0.0
39.0,39,0.0
72.0,72,0.0
72.0,72,0.0
57.0,57,0.0
59.0,59,0.0
40.0,40,0.0
5.0,5,0.0
100.0,100,0.0
7.0,7,0.0
2492.0,2492,0.0
2478.0,2478,0.0
72.0,72,0.0
47.0,47,0.0
2433.0,2433,0.0
2453.0,2453,0.0
96.0,96,0.0
33.0,33,0.0
37.0,37,0.0
38.0,38,0.0
5.0,5,0.0
30.0,30,0.0
14.0,14,0.0
65.0,65,0.0
40.0,40,0.0
65.0,65,0.0
30.0,30,0.0
147.0,147,0.0
756.0,756,0.0
791.0,791,0.0
2440.0,2440,0.0
40.0,40,0.0
2398.0,2398,0.0
2171.5,2171,0.5
35.0,35,0.0
2184.5,2184,0.5
2419.0,2419,0.0
2419.0,2419,0.0
2393.0,2393,0.0
5.0,5,0.0
2398.0,2398,0.0
100.0,100,0.0
72.0,72,0.0
87.0,87,0.0
33.0,33,0.0
35.0,35,0.0
2398.0,2398,0.0
60.0,60,0.0
196.0,196,0.0
7.0,7,0.0
33.0,33,0.0
37.0,37,0.0
92.0,92,0.0
72.0,72,0.0
1429.5,1429,0.5
2419.0,2419,0.0
2384.0,2384,0.0
2182.0,2182,0.0
2420.0,2420,0.0
2420.0,2420,0.0
2393.0,2393,0.0
2406.0,2406,0.0
2443.0,2443,0.0
2393.0,2393,0.0
2418.0,2418,0.0
2419.0,2419,0.0
2433.0,2433,0.0
2419.0,2419,0.0
2419.0,2419,0.0
2419.0,2419,0.0
2448.0,2448,0.0
2507.0,2507,0.0
2398.0,2398,0.0
2393.0,2393,0.0
2407.0,2407,0.0
2452.0,2452,0.0
2419.0,2419,0.0
2419.0,2419,0.0
2407.0,2407,0.0
33.0,33,0.0
2384.0,2384,0.0
5.0,5,0.0
2413.0,2413,0.0
2469.0,2469,0.0
2407.0,2407,0.0
2419.0,2419,0.0
2419.0,2419,0.0
2438.0,2438,0.0
83.0,83,0.0
72.0,72,0.0
2419.0,2419,0.0
2438.0,2438,0.0
5.0,5,0.0
2182.0,2182,0.0
2438.0,2438,0.0
2393.0,2393,0.0
39.0,39,0.0
43.0,43,0.0
196.0,196,0.0
96.0,96,0.0
2182.0,2182,0.0
5.0,5,0.0
96.0,96,0.0
35.0,35,0.0
2419.0,2419,0.0
35.0,35,0.0
96.0,96,0.0
2398.0,2398,0.0
2182.0,2182,0.0
1755.0,1755,0.0
1745.0,1745,0.0
1170.0,1170,0.0
29.0,29,0.0
588.0,588,0.0
23.0,23,0.0
33.0,33,0.0
29.0,29,0.0
2319.0,2319,0.0
23.0,23,0.0
89.0,89,0.0
25.0,25,0.0
69.0,69,0.0
23.0,23,0.0
2552.0,2552,0.0
21.0,21,0.0
27.0,27,0.0
625.0,625,0.0
29.0,29,0.0
2457.0,2457,0.0
40.0,40,0.0
23.0,23,0.0
25.0,25,0.0
27.0,27,0.0
5.0,5,0.0
40.0,40,0.0
40.0,40,0.0
2520.0,2520,0.0
75.0,75,0.0
75.0,75,0.0
27.0,27,0.0
155.0,155,0.0
2478.0,2478,0.0
27.0,27,0.0
21.0,21,0.0
2501.0,2501,0.0
40.0,40,0.0
2457.0,2457,0.0
35.0,35,0.0
23.0,23,0.0
549.0,549,0.0
21.0,21,0.0
27.0,27,0.0
49.0,49,0.0
34.0,34,0.0
23.0,23,0.0
21.0,21,0.0
40.0,40,0.0
5.0,5,0.0
23.0,23,0.0
2487.0,2487,0.0
23.0,23,0.0
31.0,31,0.0
80.0,80,0.0
1109.0,1109,0.0
1087.0,1087,0.0
1134.5,1134,0.5
40.0,40,0.0
5.0,5,0.0
7.0,7,0.0
23.0,23,0.0
5.0,5,0.0
5.0,5,0.0
15.0,15,0.0
5.0,5,0.0
7.0,7,0.0
106.0,106,0.0
1077.5,1077,0.5
1087.0,1087,0.0
1060.0,1060,0.0
1082.0,1082,0.0
1099.5,1099,0.5
1097.5,1097,0.5
62.0,62,0.0
1091.5,1091,0.5
1077.5,1077,0.5
1074.5,1074,0.5
1091.5,1091,0.5
103.0,103,0.0
1060.0,1060,0.0
1077.5,1077,0.5
1074.5,1074,0.5
1072.5,1072,0.5
1084.5,1084,0.5
1089.5,1089,0.5
1060.0,1060,0.0
1106.0,1106,0.0
1077.5,1077,0.5
1089.5,1089,0.5
1072.5,1072,0.5
1079.0,1079,0.0
1071.5,1071,0.5
32.0,32,0.0
65.0,65,0.0
191.0,191,0.0
27.0,27,0.0
65.0,65,0.0
65.0,65,0.0
37.0,37,0.0
72.0,72,0.0
33.0,33,0.0
33.0,33,0.0
39.0,39,0.0
39.0,39,0.0
33.0,33,0.0
39.0,39,0.0
7.0,7,0.0
35.0,35,0.0
33.0,33,0.0
2419.0,2419,0.0
72.0,72,0.0
126.0,126,0.0
153.0,153,0.0
39.0,39,0.0
40.0,40,0.0
37.0,37,0.0
33.0,33,0.0
39.0,39,0.0
33.0,33,0.0
72.0,72,0.0
27.0,27,0.0
72.0,72,0.0
742.0,742,0.0
751.0,751,0.0
777.0,777,0.0
2384.0,2384,0.0
2419.0,2419,0.0
1504.0,1504,0.0
72.0,72,0.0
33.0,33,0.0
33.0,33,0.0
122.0,122,0.0
72.0,72,0.0
2419.0,2419,0.0
5.0,5,0.0
45.0,45,0.0
35.0,35,0.0
39.0,39,0.0
153.0,153,0.0
2398.0,2398,0.0
72.0,72,0.0
101.0,101,0.0
68.0,68,0.0
2182.0,2182,0.0
2182.0,2182,0.0
156.0,156,0.0
2419.0,2419,0.0
33.0,33,0.0
33.0,33,0.0
35.0,35,0.0
39.0,39,0.0
37.0,37,0.0
96.0,96,0.0
5.0,5,0.0
2413.0,2413,0.0
2419.0,2419,0.0
37.0,37,0.0
2468.0,2468,0.0
35.0,35,0.0
43.0,43,0.0
61.0,61,0.0
35.0,35,0.0
5.0,5,0.0
2418.0,2418,0.0
2438.0,2438,0.0
2438.0,2438,0.0
33.0,33,0.0
2418.0,2418,0.0
50.0,50,0.0
5.0,5,0.0
49.0,49,0.0
25.0,25,0.0
65.0,65,0.0
30.0,30,0.0
27.0,27,0.0
2438.0,2438,0.0
15.0,15,0.0
770.0,770,0.0
794.5,794,0.5
74.0,74,0.0
70.0,70,0.0
2419.0,2419,0.0
2462.0,2462,0.0
5.0,5,0.0
15.0,15,0.0
198.0,198,0.0
24.0,24,0.0
774.5,774,0.5
777.0,777,0.0
782.0,782,0.0
39.0,39,0.0
33.0,33,0.0
2469.0,2469,0.0
6.0,6,0.0
60.0,60,0.0
23.0,23,0.0
1135.5,1135,0.5
1089.5,1089,0.5
25.0,25,0.0
1092.0,1092,0.0
1060.0,1060,0.0
1082.0,1082,0.0
1091.5,1091,0.5
1060.0,1060,0.0
1087.0,1087,0.0
2438.0,2438,0.0
33.0,33,0.0
2420.0,2420,0.0
33.0,33,0.0
2419.0,2419,0.0
162.0,162,0.0
37.0,37,0.0
39.0,39,0.0
2182.0,2182,0.0
2448.0,2448,0.0
1523.5,1523,0.5
2393.0,2393,0.0
2419.0,2419,0.0
1087.0,1087,0.0
1077.5,1077,0.5
1091.5,1091,0.5
104.0,104,0.0
7.0,7,0.0
7.0,7,0.0
1060.0,1060,0.0
7.0,7,0.0
2462.0,2462,0.0
2419.0,2419,0.0
2443.0,2443,0.0
14.0,14,0.0
2419.0,2419,0.0
2447.0,2447,0.0
72.0,72,0.0
15.0,15,0.0
72.0,72,0.0
33.0,33,0.0
72.0,72,0.0
69.0,69,0.0
39.0,39,0.0
2469.0,2469,0.0
2473.0,2473,0.0
2393.0,2393,0.0
2469.0,2469,0.0
2469.0,2469,0.0
2419.0,2419,0.0
2473.0,2473,0.0
2419.0,2419,0.0
2433.0,2433,0.0
777.0,777,0.0
35.0,35,0.0
37.0,37,0.0
2393.0,2393,0.0
1229.0,1229,0.0
1308.0,1308,0.0
1250.0,1250,0.0
1250.0,1250,0.0
35.0,35,0.0
68.0,68,0.0
37.0,37,0.0
1258.0,1258,0.0
2182.0,2182,0.0
2443.0,2443,0.0
2443.0,2443,0.0
1237.0,1237,0.0
1269.0,1269,0.0
1251.0,1251,0.0
1250.0,1250,0.0
2443.0,2443,0.0
69.0,69,0.0
72.0,72,0.0
91.0,91,0.0
1509.0,1509,0.0
2433.0,2433,0.0
1085.0,1085,0.0
1071.5,1071,0.5
1099.0,1099,0.0
5.0,5,0.0
40.0,40,0.0
1072.5,1072,0.5
1077.5,1077,0.5
1089.5,1089,0.5
1077.5,1077,0.5
1077.5,1077,0.5
40.0,40,0.0
7.0,7,0.0
7.0,7,0.0
1073.5,1073,0.5
1077.5,1077,0.5
1077.5,1077,0.5
40.0,40,0.0
40.0,40,0.0
64.0,64,0.0
69.0,69,0.0
1087.0,1087,0.0
1087.0,1087,0.0
60.0,60,0.0
60.0,60,0.0
7.0,7,0.0
5.0,5,0.0
5.0,5,0.0
1077.5,1077,0.5
40.0,40,0.0
7.0,7,0.0
40.0,40,0.0
7.0,7,0.0
1060.0,1060,0.0
60.0,60,0.0
21.0,21,0.0
5.0,5,0.0
14.0,14,0.0
40.0,40,0.0
25.0,25,0.0
23.0,23,0.0
1224.0,1224,0.0
40.0,40,0.0
1250.0,1250,0.0
46.0,46,0.0
2419.0,2419,0.0
37.0,37,0.0
35.0,35,0.0
96.0,96,0.0
46.0,46,0.0
2419.0,2419,0.0
37.0,37,0.0
7.0,7,0.0
72.0,72,0.0
72.0,72,0.0
47.0,47,0.0
2438.0,2438,0.0
2384.0,2384,0.0
2433.0,2433,0.0
35.0,35,0.0
92.0,92,0.0
135.0,135,0.0
72.0,72,0.0
39.0,39,0.0
2384.0,2384,0.0
33.0,33,0.0
37.0,37,0.0
96.0,96,0.0
37.0,37,0.0
92.0,92,0.0
2384.0,2384,0.0
37.0,37,0.0
37.0,37,0.0
37.0,37,0.0
72.0,72,0.0
2447.0,2447,0.0
33.0,33,0.0
68.0,68,0.0
83.0,83,0.0
2438.0,2438,0.0
2453.0,2453,0.0
2462.0,2462,0.0
72.0,72,0.0
14.0,14,0.0
153.0,153,0.0
37.0,37,0.0
2419.0,2419,0.0
2481.0,2481,0.0
2419.0,2419,0.0
33.0,33,0.0
37.0,37,0.0
55.0,55,0.0
37.0,37,0.0
1250.0,1250,0.0
1250.0,1250,0.0
101.0,101,0.0
96.0,96,0.0
37.0,37,0.0
1224.0,1224,0.0
1250.0,1250,0.0
32.0,32,0.0
25.0,25,0.0
87.0,87,0.0
27.0,27,0.0
99.0,99,0.0
23.0,23,0.0
79.0,79,0.0
27.0,27,0.0
1092.0,1092,0.0
1074.5,1074,0.5
1077.5,1077,0.5
79.0,79,0.0
40.0,40,0.0
1092.0,1092,0.0
40.0,40,0.0
23.0,23,0.0
1071.5,1071,0.5
1060.0,1060,0.0
103.0,103,0.0
7.0,7,0.0
1064.5,1064,0.5
1079.0,1079,0.0
40.0,40,0.0
1060.0,1060,0.0
1077.5,1077,0.5
81.0,81,0.0
1094.5,1094,0.5
13.0,13,0.0
7.0,7,0.0
1087.0,1087,0.0
1077.5,1077,0.5
40.0,40,0.0
118.0,118,0.0
7.0,7,0.0
7.0,7,0.0
1060.0,1060,0.0
5.0,5,0.0
1060.0,1060,0.0
1077.5,1077,0.5
22.0,22,0.0
59.0,59,0.0
27.0,27,0.0
5.0,5,0.0
40.0,40,0.0
934.0,934,0.0
941.5,941,0.5
40.0,40,0.0
946.0,946,0.0
74.0,74,0.0
52.0,52,0.0
33.0,33,0.0
68.0,68,0.0
147.0,147,0.0
49.0,49,0.0
32.0,32,0.0
35.0,35,0.0
72.0,72,0.0
35.0,35,0.0
60.0,60,0.0
81.0,81,0.0
55.0,55,0.0
58.0,58,0.0
25.0,25,0.0
60.0,60,0.0
23.0,23,0.0
927.0,927,0.0
927.0,927,0.0
936.5,936,0.5
948.5,948,0.5
72.0,72,0.0
35.0,35,0.0
39.0,39,0.0
96.0,96,0.0
37.0,37,0.0
33.0,33,0.0
39.0,39,0.0
1250.0,1250,0.0
33.0,33,0.0
39.0,39,0.0
2419.0,2419,0.0
2438.0,2438,0.0
2393.0,2393,0.0
1491.5,1491,0.5
1361.0,1361,0.0
2453.0,2453,0.0
2419.0,2419,0.0
39.0,39,0.0
159.0,159,0.0
68.0,68,0.0
941.0,941,0.0
40.0,40,0.0
25.0,25,0.0
23.0,23,0.0
5.0,5,0.0
5.0,5,0.0
75.0,75,0.0
1170.0,1170,0.0
69.0,69,0.0
575.0,575,0.0
68.0,68,0.0
1726.0,1726,0.0
1770.0,1770,0.0
1760.0,1760,0.0
1120.0,1120,0.0
563.0,563,0.0
60.0,60,0.0
1736.0,1736,0.0
1198.0,1198,0.0
4.0,4,0.0
7.0,7,0.0
6.0,6,0.0
5.0,5,0.0
89.0,89,0.0
25.0,25,0.0
2420.0,2420,0.0
2419.0,2419,0.0
1736.0,1736,0.0
7.0,7,0.0
1715.0,1715,0.0
40.0,40,0.0
6.0,6,0.0
79.0,79,0.0
5.0,5,0.0
90.0,90,0.0
101.0,101,0.0
101.0,101,0.0
7.0,7,0.0
40.0,40,0.0
101.0,101,0.0
2398.0,2398,0.0
60.0,60,0.0
25.0,25,0.0
30.0,30,0.0
27.0,27,0.0
1224.0,1224,0.0
5.0,5,0.0
65.0,65,0.0
25.0,25,0.0
25.0,25,0.0
801.0,801,0.0
25.0,25,0.0
115.0,115,0.0
60.0,60,0.0
65.0,65,0.0
5.0,5,0.0
32.0,32,0.0
49.0,49,0.0
30.0,30,0.0
27.0,27,0.0
25.0,25,0.0
60.0,60,0.0
27.0,27,0.0
147.0,147,0.0
27.0,27,0.0
25.0,25,0.0
32.0,32,0.0
2443.0,2443,0.0
751.0,751,0.0
2443.0,2443,0.0
751.0,751,0.0
780.0,780,0.0
1244.0,1244,0.0
5.0,5,0.0
1284.0,1284,0.0
157.0,157,0.0
1264.0,1264,0.0
2182.0,2182,0.0
33.0,33,0.0
72.0,72,0.0
72.0,72,0.0
33.0,33,0.0
33.0,33,0.0
33.0,33,0.0
39.0,39,0.0
1215.0,1215,0.0
1250.0,1250,0.0
1229.0,1229,0.0
1284.0,1284,0.0
1229.0,1229,0.0
1250.0,1250,0.0
1250.0,1250,0.0
1250.0,1250,0.0
1250.0,1250,0.0
1250.0,1250,0.0
1304.0,1304,0.0
1274.0,1274,0.0
1257.0,1257,0.0
1250.0,1250,0.0
2443.0,2443,0.0
1250.0,1250,0.0
1224.0,1224,0.0
2398.0,2398,0.0
2427.0,2427,0.0
2419.0,2419,0.0
2393.0,2393,0.0
2469.0,2469,0.0
2393.0,2393,0.0
1250.0,1250,0.0
1284.0,1284,0.0
2433.0,2433,0.0
2433.0,2433,0.0
2433.0,2433,0.0
2398.0,2398,0.0
1368.0,1368,0.0
2384.0,2384,0.0
2384.0,2384,0.0
1215.0,1215,0.0
1224.0,1224,0.0
1229.0,1229,0.0
2453.0,2453,0.0
2433.0,2433,0.0
40.0,40,0.0
1308.0,1308,0.0
1224.0,1224,0.0
1250.0,1250,0.0
1269.0,1269,0.0
1250.0,1250,0.0
72.0,72,0.0
2478.0,2478,0.0
72.0,72,0.0
2438.0,2438,0.0
2419.0,2419,0.0
2393.0,2393,0.0
37.0,37,0.0
2393.0,2393,0.0
2419.0,2419,0.0
72.0,72,0.0
1250.0,1250,0.0
5.0,5,0.0
39.0,39,0.0
37.0,37,0.0
1244.0,1244,0.0
14.0,14,0.0
96.0,96,0.0
72.0,72,0.0
57.0,57,0.0
72.0,72,0.0
1736.0,1736,0.0
1751.0,1751,0.0
1755.0,1755,0.0
1736.0,1736,0.0
1151.0,1151,0.0
1164.0,1164,0.0
1174.0,1174,0.0
609.0,609,0.0
567.0,567,0.0
575.0,575,0.0
2384.0,2384,0.0
1170.0,1170,0.0
1155.0,1155,0.0
565.0,565,0.0
5.0,5,0.0
2420.0,2420,0.0
2413.0,2413,0.0
554.0,554,0.0
554.0,554,0.0
1776.0,1776,0.0
1765.0,1765,0.0
2384.0,2384,0.0
2453.0,2453,0.0
1155.0,1155,0.0
5.0,5,0.0
1151.0,1151,0.0
549.0,549,0.0
40.0,40,0.0
163.0,163,0.0
40.0,40,0.0
27.0,27,0.0
5.0,5,0.0
39.0,39,0.0
40.0,40,0.0
5.0,5,0.0
4.0,4,0.0
1736.0,1736,0.0
1800.0,1800,0.0
1120.0,1120,0.0
2478.0,2478,0.0
163.0,163,0.0
7.0,7,0.0
2469.0,2469,0.0
1224.0,1224,0.0
549.0,549,0.0
31.0,31,0.0
1120.0,1120,0.0
1147.0,1147,0.0
7.0,7,0.0
7.0,7,0.0
1765.0,1765,0.0
1243.0,1243,0.0
40.0,40,0.0
40.0,40,0.0
14.0,14,0.0
1701.0,1701,0.0
1786.0,1786,0.0
39.0,39,0.0
1170.0,1170,0.0
1155.0,1155,0.0
1174.0,1174,0.0
49.0,49,0.0
578.0,578,0.0
39.0,39,0.0
1155.0,1155,0.0
5.0,5,0.0
540.0,540,0.0
21.0,21,0.0
1212.0,1212,0.0
1134.0,1134,0.0
39.0,39,0.0
7.0,7,0.0
7.0,7,0.0
40.0,40,0.0
21.0,21,0.0
40.0,40,0.0
40.0,40,0.0
40.0,40,0.0
114.0,114,0.0
30.0,30,0.0
629.0,629,0.0
39.0,39,0.0
25.0,25,0.0
663.0,663,0.0
60.0,60,0.0
7.0,7,0.0
565.0,565,0.0
21.0,21,0.0
23.0,23,0.0
1188.0,1188,0.0
1224.0,1224,0.0
27.0,27,0.0
5.0,5,0.0
40.0,40,0.0
21.0,21,0.0
39.0,39,0.0
1229.0,1229,0.0
1278.0,1278,0.0
1224.0,1224,0.0
21.0,21,0.0
14.0,14,0.0
49.0,49,0.0
4.0,4,0.0
39.0,39,0.0
1179.0,1179,0.0
4.0,4,0.0
604.0,604,0.0
7.0,7,0.0
575.0,575,0.0
143.0,143,0.0
554.0,554,0.0
1120.0,1120,0.0
7.0,7,0.0
638.5,638,0.5
626.5,626,0.5
631.0,631,0.0
653.5,653,0.5
626.5,626,0.5
644.0,644,0.0
644.0,644,0.0
619.5,619,0.5
619.5,619,0.5
626.5,626,0.5
619.5,619,0.5
626.5,626,0.5
619.5,619,0.5
626.5,626,0.5
90.0,90,0.0
29.0,29,0.0
589.0,589,0.0
1169.0,1169,0.0
1155.0,1155,0.0
1274.0,1274,0.0
540.0,540,0.0
1170.0,1170,0.0
1155.0,1155,0.0
1155.0,1155,0.0
40.0,40,0.0
40.0,40,0.0
34.0,34,0.0
1164.0,1164,0.0
584.0,584,0.0
1169.0,1169,0.0
1188.0,1188,0.0
1224.0,1224,0.0
540.0,540,0.0
1224.0,1224,0.0
540.0,540,0.0
584.0,584,0.0
549.0,549,0.0
39.0,39,0.0
1265.0,1265,0.0
1215.0,1215,0.0
554.0,554,0.0
540.0,540,0.0
540.0,540,0.0
1151.0,1151,0.0
1174.0,1174,0.0
1269.0,1269,0.0
584.0,584,0.0
1764.0,1764,0.0
1169.0,1169,0.0
1174.0,1174,0.0
600.0,600,0.0
1250.0,1250,0.0
1253.0,1253,0.0
540.0,540,0.0
565.0,565,0.0
575.0,575,0.0
564.0,564,0.0
575.0,575,0.0
1250.0,1250,0.0
1229.0,1229,0.0
575.0,575,0.0
540.0,540,0.0
1250.0,1250,0.0
2398.0,2398,0.0
1274.0,1274,0.0
40.0,40,0.0
90.0,90,0.0
2398.0,2398,0.0
2398.0,2398,0.0
39.0,39,0.0
2433.0,2433,0.0
549.0,549,0.0
48.0,48,0.0
6.0,6,0.0
23.0,23,0.0
40.0,40,0.0
39.0,39,0.0
54.0,54,0.0
110.0,110,0.0
1751.0,1751,0.0
1755.0,1755,0.0
1174.0,1174,0.0
2511.0,2511,0.0
40.0,40,0.0
1229.0,1229,0.0
2428.0,2428,0.0
561.0,561,0.0
584.0,584,0.0
40.0,40,0.0
19.0,19,0.0
21.0,21,0.0
540.0,540,0.0
563.0,563,0.0
5.0,5,0.0
1265.0,1265,0.0
60.0,60,0.0
1786.0,1786,0.0
40.0,40,0.0
30.0,30,0.0
40.0,40,0.0
571.0,571,0.0
540.0,540,0.0
609.0,609,0.0
1736.0,1736,0.0
567.0,567,0.0
1736.0,1736,0.0
1736.0,1736,0.0
95.0,95,0.0
95.0,95,0.0
27.0,27,0.0
5.0,5,0.0
40.0,40,0.0
23.0,23,0.0
89.0,89,0.0
39.0,39,0.0
49.0,49,0.0
30.0,30,0.0
7.0,7,0.0
7.0,7,0.0
2419.0,2419,0.0
549.0,549,0.0
67.0,67,0.0
60.0,60,0.0
60.0,60,0.0
40.0,40,0.0
27.0,27,0.0
2398.0,2398,0.0
39.0,39,0.0
1251.0,1251,0.0
23.0,23,0.0
21.0,21,0.0
6.0,6,0.0
13.0,13,0.0
69.0,69,0.0
6.0,6,0.0
39.0,39,0.0
27.0,27,0.0
67.0,67,0.0
1237.0,1237,0.0
1224.0,1224,0.0
34.0,34,0.0
43.0,43,0.0
69.0,69,0.0
69.0,69,0.0
48.0,48,0.0
1269.0,1269,0.0
600.0,600,0.0
2419.0,2419,0.0
608.0,608,0.0
619.5,619,0.5
637.0,637,0.0
619.5,619,0.5
631.0,631,0.0
626.5,626,0.5
654.0,654,0.0
619.5,619,0.5
637.0,637,0.0
631.0,631,0.0
644.0,644,0.0
654.0,654,0.0
637.0,637,0.0
651.5,651,0.5
637.0,637,0.0
637.0,637,0.0
60.0,60,0.0
2433.0,2433,0.0
584.0,584,0.0
777.0,777,0.0
777.0,777,0.0
2442.0,2442,0.0
2419.0,2419,0.0
663.0,663,0.0
540.0,540,0.0
575.0,575,0.0
2433.0,2433,0.0
2469.0,2469,0.0
549.0,549,0.0
639.0,639,0.0
77.0,77,0.0
2384.0,2384,0.0
2407.0,2407,0.0
2453.0,2453,0.0
1765.0,1765,0.0
2398.0,2398,0.0
540.0,540,0.0
54.0,54,0.0
567.0,567,0.0
2462.0,2462,0.0
786.0,786,0.0
2428.0,2428,0.0
2473.0,2473,0.0
561.0,561,0.0
540.0,540,0.0
540.0,540,0.0
742.0,742,0.0
554.0,554,0.0
1760.0,1760,0.0
756.0,756,0.0
4.0,4,0.0
23.0,23,0.0
6.0,6,0.0
2493.0,2493,0.0
629.0,629,0.0
2428.0,2428,0.0
742.0,742,0.0
567.0,567,0.0
563.0,563,0.0
2517.0,2517,0.0
39.0,39,0.0
72.0,72,0.0
2438.0,2438,0.0
33.0,33,0.0
2453.0,2453,0.0
75.0,75,0.0
2515.0,2515,0.0
2295.0,2295,0.0
25.0,25,0.0
75.0,75,0.0
60.0,60,0.0
2537.0,2537,0.0
2451.0,2451,0.0
2514.0,2514,0.0
2310.0,2310,0.0
2443.0,2443,0.0
2480.0,2480,0.0
2480.0,2480,0.0
40.0,40,0.0
59.0,59,0.0
5.0,5,0.0
5.0,5,0.0
5.0,5,0.0
2330.0,2330,0.0
27.0,27,0.0
60.0,60,0.0
25.0,25,0.0
69.0,69,0.0
60.0,60,0.0
75.0,75,0.0
2480.0,2480,0.0
23.0,23,0.0
2482.0,2482,0.0
2476.0,2476,0.0
21.0,21,0.0
2452.0,2452,0.0
14.0,14,0.0
40.0,40,0.0
5.0,5,0.0
60.0,60,0.0
30.0,30,0.0
5.0,5,0.0
2501.0,2501,0.0
23.0,23,0.0
89.0,89,0.0
78.0,78,0.0
21.0,21,0.0
114.0,114,0.0
86.0,86,0.0
114.0,114,0.0
27.0,27,0.0
62.0,62,0.0
40.0,40,0.0
7.0,7,0.0
7.0,7,0.0
36.0,36,0.0
936.5,936,0.5
49.0,49,0.0
939.0,939,0.0
909.5,909,0.5
943.5,943,0.5
40.0,40,0.0
5.0,5,0.0
927.0,927,0.0
936.5,936,0.5
936.5,936,0.5
946.5,946,0.5
916.5,916,0.5
941.0,941,0.0
925.0,925,0.0
37.0,37,0.0
27.0,27,0.0
27.0,27,0.0
35.0,35,0.0
25.0,25,0.0
65.0,65,0.0
108.0,108,0.0
1250.0,1250,0.0
65.0,65,0.0
27.0,27,0.0
27.0,27,0.0
25.0,25,0.0
14.0,14,0.0
65.0,65,0.0
25.0,25,0.0
27.0,27,0.0
35.0,35,0.0
64.0,64,0.0
25.0,25,0.0
30.0,30,0.0
27.0,27,0.0
27.0,27,0.0
40.0,40,0.0
750.0,750,0.0
3400.0,3400,0.0
32.0,32,0.0
65.0,65,0.0
27.0,27,0.0
3400.0,3400,0.0
65.0,65,0.0
2315.5,2315,0.5
2443.0,2443,0.0
2322.0,2322,0.0
2302.0,2302,0.0
2892.0,2892,0.0
2899.0,2899,0.0
80.0,80,0.0
38.0,38,0.0
65.0,65,0.0
2909.5,2909,0.5
40.0,40,0.0
35.0,35,0.0
2443.0,2443,0.0
2314.5,2314,0.5
80.0,80,0.0
2325.0,2325,0.0
2329.5,2329,0.5
32.0,32,0.0
25.0,25,0.0
65.0,65,0.0
2443.0,2443,0.0
40.0,40,0.0
60.0,60,0.0
2336.5,2336,0.5
2336.5,2336,0.5
2312.0,2312,0.0
2325.5,2325,0.5
25.0,25,0.0
2879.5,2879,0.5
2443.0,2443,0.0
25.0,25,0.0
49.0,49,0.0
2325.0,2325,0.0
122.0,122,0.0
33.0,33,0.0
39.0,39,0.0
72.0,72,0.0
42.0,42,0.0
2896.5,2896,0.5
65.0,65,0.0
2886.5,2886,0.5
89.0,89,0.0
2299.5,2299,0.5
6.0,6,0.0
6.0,6,0.0
27.0,27,0.0
2329.5,2329,0.5
2312.0,2312,0.0
2182.0,2182,0.0
63.0,63,0.0
6.0,6,0.0
38.0,38,0.0
43.0,43,0.0
2325.0,2325,0.0
2350.0,2350,0.0
630.0,630,0.0
624.0,624,0.0
909.5,909,0.5
626.5,626,0.5
637.0,637,0.0
6.0,6,0.0
2909.5,2909,0.5
14.0,14,0.0
654.0,654,0.0
636.0,636,0.0
658.0,658,0.0
27.0,27,0.0
30.0,30,0.0
27.0,27,0.0
49.0,49,0.0
49.0,49,0.0
65.0,65,0.0
628.0,628,0.0
624.0,624,0.0
649.5,649,0.5
654.0,654,0.0
632.0,632,0.0
638.5,638,0.5
627.5,627,0.5
2299.5,2299,0.5
2904.0,2904,0.0
637.0,637,0.0
624.0,624,0.0
936.5,936,0.5
927.0,927,0.0
909.5,909,0.5
941.0,941,0.0
54.0,54,0.0
2351.5,2351,0.5
2299.5,2299,0.5
60.0,60,0.0
27.0,27,0.0
2322.0,2322,0.0
25.0,25,0.0
89.0,89,0.0
951.5,951,0.5
27.0,27,0.0
978.5,978,0.5
969.0,969,0.0
2909.5,2909,0.5
25.0,25,0.0
2325.0,2325,0.0
32.0,32,0.0
27.0,27,0.0
30.0,30,0.0
25.0,25,0.0
2325.0,2325,0.0
2302.0,2302,0.0
1374.5,1374,0.5
2890.5,2890,0.5
2896.5,2896,0.5
2909.5,2909,0.5
2903.5,2903,0.5
2879.5,2879,0.5
2312.5,2312,0.5
2906.5,2906,0.5
2892.0,2892,0.0
2909.5,2909,0.5
1509.0,1509,0.0
2909.5,2909,0.5
30.0,30,0.0
2312.5,2312,0.5
2329.5,2329,0.5
2312.5,2312,0.5
2320.0,2320,0.0
40.0,40,0.0
1372.5,1372,0.5
2923.5,2923,0.5
1423.0,1423,0.0
1361.0,1361,0.0
2324.0,2324,0.0
2313.0,2313,0.0
2443.0,2443,0.0
2299.5,2299,0.5
2312.0,2312,0.0
2325.0,2325,0.0
2182.0,2182,0.0
32.0,32,0.0
2336.5,2336,0.5
2349.5,2349,0.5
2324.0,2324,0.0
2349.5,2349,0.5
2312.0,2312,0.0
25.0,25,0.0
25.0,25,0.0
49.0,49,0.0
40.0,40,0.0
25.0,25,0.0
2884.0,2884,0.0
2897.0,2897,0.0
2443.0,2443,0.0
2357.0,2357,0.0
2307.5,2307,0.5
2341.5,2341,0.5
89.0,89,0.0
2934.5,2934,0.5
978.5,978,0.5
966.0,966,0.0
958.5,958,0.5
969.0,969,0.0
958.5,958,0.5
976.0,976,0.0
958.5,958,0.5
5.0,5,0.0
969.0,969,0.0
969.0,969,0.0
965.0,965,0.0
21.0,21,0.0
23.0,23,0.0
7.0,7,0.0
951.5,951,0.5
21.0,21,0.0
89.0,89,0.0
89.0,89,0.0
39.0,39,0.0
2503.0,2503,0.0
27.0,27,0.0
1509.0,1509,0.0
2930.5,2930,0.5
2879.5,2879,0.5
191.0,191,0.0
87.0,87,0.0
27.0,27,0.0
291.0,291,0.0
65.0,65,0.0
191.0,191,0.0
2182.0,2182,0.0
2312.5,2312,0.5
5.0,5,0.0
25.0,25,0.0
27.0,27,0.0
25.0,25,0.0
2892.0,2892,0.0
2919.0,2919,0.0
2963.5,2963,0.5
2919.0,2919,0.0
119.0,119,0.0
2897.0,2897,0.0
2919.0,2919,0.0
49.0,49,0.0
30.0,30,0.0
49.0,49,0.0
49.0,49,0.0
2916.0,2916,0.0
65.0,65,0.0
25.0,25,0.0
51.0,51,0.0
2884.0,2884,0.0
89.0,89,0.0
25.0,25,0.0
60.0,60,0.0
7.0,7,0.0
2884.0,2884,0.0
77.0,77,0.0
7.0,7,0.0
65.0,65,0.0
65.0,65,0.0
25.0,25,0.0
65.0,65,0.0
2884.0,2884,0.0
2897.0,2897,0.0
2884.0,2884,0.0
64.0,64,0.0
150.0,150,0.0
65.0,65,0.0
49.0,49,0.0
2899.0,2899,0.0
2909.5,2909,0.5
2914.0,2914,0.0
65.0,65,0.0
2329.0,2329,0.0
2324.0,2324,0.0
15.0,15,0.0
2921.5,2921,0.5
2886.5,2886,0.5
2896.5,2896,0.5
40.0,40,0.0
7.0,7,0.0
25.0,25,0.0
147.0,147,0.0
32.0,32,0.0
115.0,115,0.0
40.0,40,0.0
2884.0,2884,0.0
2900.0,2900,0.0
32.0,32,0.0
65.0,65,0.0
2879.5,2879,0.5
2897.0,2897,0.0
2897.0,2897,0.0
1365.5,1365,0.5
2926.5,2926,0.5
1526.0,1526,0.0
2897.0,2897,0.0
32.0,32,0.0
35.0,35,0.0
65.0,65,0.0
1667.5,1667,0.5
1650.0,1650,0.0
65.0,65,0.0
65.0,65,0.0
65.0,65,0.0
30.0,30,0.0
29.0,29,0.0
2049.0,2049,0.0
69.0,69,0.0
21.0,21,0.0
21.0,21,0.0
976.0,976,0.0
40.0,40,0.0
969.0,969,0.0
963.0,963,0.0
983.5,983,0.5
40.0,40,0.0
70.0,70,0.0
978.5,978,0.5
34.0,34,0.0
958.5,958,0.5
79.0,79,0.0
976.0,976,0.0
124.0,124,0.0
27.0,27,0.0
79.0,79,0.0
70.0,70,0.0
79.0,79,0.0
958.5,958,0.5
79.0,79,0.0
996.0,996,0.0
70.0,70,0.0
969.0,969,0.0
978.5,978,0.5
969.0,969,0.0
129.0,129,0.0
79.0,79,0.0
70.0,70,0.0
94.0,94,0.0
70.0,70,0.0
969.0,969,0.0
951.5,951,0.5
951.5,951,0.5
124.0,124,0.0
70.0,70,0.0
978.5,978,0.5
129.0,129,0.0
951.5,951,0.5
31.0,31,0.0
36.0,36,0.0
29.0,29,0.0
27.0,27,0.0
27.0,27,0.0
5.0,5,0.0
2071.0,2071,0.0
89.0,89,0.0
5.0,5,0.0
29.0,29,0.0
102.0,102,0.0
39.0,39,0.0
5.0,5,0.0
32.0,32,0.0
6.0,6,0.0
2071.0,2071,0.0
36.0,36,0.0
68.0,68,0.0
39.0,39,0.0
966.0,966,0.0
969.0,969,0.0
963.0,963,0.0
966.0,966,0.0
969.0,969,0.0
951.5,951,0.5
35.0,35,0.0
67.0,67,0.0
27.0,27,0.0
30.0,30,0.0
65.0,65,0.0
27.0,27,0.0
25.0,25,0.0
1378.5,1378,0.5
2249.0,2249,0.0
1374.5,1374,0.5
189.0,189,0.0
983.5,983,0.5
2451.0,2451,0.0
2478.0,2478,0.0
2443.0,2443,0.0
49.0,49,0.0
2384.0,2384,0.0
554.0,554,0.0
565.0,565,0.0
23.0,23,0.0
63.0,63,0.0
554.0,554,0.0
14.0,14,0.0
93.0,93,0.0
39.0,39,0.0
6.0,6,0.0
570.0,570,0.0
540.0,540,0.0
2419.0,2419,0.0
561.0,561,0.0
2407.0,2407,0.0
777.0,777,0.0
742.0,742,0.0
5.0,5,0.0
1710.0,1710,0.0
1701.0,1701,0.0
2419.0,2419,0.0
2398.0,2398,0.0
1765.0,1765,0.0
5.0,5,0.0
49.0,49,0.0
1646.5,1646,0.5
2182.0,2182,0.0
60.0,60,0.0
27.0,27,0.0
1649.5,1649,0.5
52.0,52,0.0
30.0,30,0.0
1660.0,1660,0.0
68.0,68,0.0
27.0,27,0.0
49.0,49,0.0
2245.0,2245,0.0
27.0,27,0.0
2234.0,2234,0.0
69.0,69,0.0
2071.0,2071,0.0
156.0,156,0.0
69.0,69,0.0
1650.0,1650,0.0
34.0,34,0.0
34.0,34,0.0
36.0,36,0.0
93.0,93,0.0
83.0,83,0.0
36.0,36,0.0
69.0,69,0.0
93.0,93,0.0
195.0,195,0.0
69.0,69,0.0
29.0,29,0.0
31.0,31,0.0
36.0,36,0.0
93.0,93,0.0
21.0,21,0.0
60.0,60,0.0
14.0,14,0.0
5.0,5,0.0
23.0,23,0.0
60.0,60,0.0
60.0,60,0.0
21.0,21,0.0
27.0,27,0.0
1681.0,1681,0.0
1660.5,1660,0.5
30.0,30,0.0
2182.0,2182,0.0
1649.5,1649,0.5
1667.5,1667,0.5
124.0,124,0.0
1685.5,1685,0.5
27.0,27,0.0
1654.5,1654,0.5
1654.0,1654,0.0
35.0,35,0.0
27.0,27,0.0
30.0,30,0.0
1647.5,1647,0.5
35.0,35,0.0
2228.0,2228,0.0
2227.5,2227,0.5
2443.0,2443,0.0
1649.5,1649,0.5
1677.5,1677,0.5
1643.5,1643,0.5
1670.0,1670,0.0
1698.5,1698,0.5
1649.5,1649,0.5
2242.0,2242,0.0
1678.5,1678,0.5
1660.5,1660,0.5
1632.0,1632,0.0
1636.5,1636,0.5
1400.0,1400,0.0
1424.0,1424,0.0
1433.5,1433,0.5
1400.0,1400,0.0
2182.0,2182,0.0
1411.0,1411,0.0
1440.5,1440,0.5
2243.5,2243,0.5
89.0,89,0.0
1412.5,1412,0.5
1000.0,1000,0.0
1431.0,1431,0.0
14.0,14,0.0
2228.0,2228,0.0
2232.0,2232,0.0
777.0,777,0.0
1456.0,1456,0.0
27.0,27,0.0
2232.0,2232,0.0
2239.0,2239,0.0
2221.0,2221,0.0
2216.5,2216,0.5
2259.0,2259,0.0
1430.0,1430,0.0
1410.5,1410,0.5
1400.0,1400,0.0
49.0,49,0.0
32.0,32,0.0
27.0,27,0.0
89.0,89,0.0
27.0,27,0.0
30.0,30,0.0
2234.0,2234,0.0
2227.5,2227,0.5
65.0,65,0.0
25.0,25,0.0
2244.5,2244,0.5
1400.0,1400,0.0
1395.5,1395,0.5
49.0,49,0.0
65.0,65,0.0
25.0,25,0.0
90.0,90,0.0
27.0,27,0.0
5.0,5,0.0
1400.0,1400,0.0
1764.0,1764,0.0
1774.0,1774,0.0
1751.0,1751,0.0
63.0,63,0.0
575.0,575,0.0
777.0,777,0.0
23.0,23,0.0
600.0,600,0.0
540.0,540,0.0
54.0,54,0.0
2420.0,2420,0.0
1745.0,1745,0.0
39.0,39,0.0
63.0,63,0.0
49.0,49,0.0
78.0,78,0.0
54.0,54,0.0
54.0,54,0.0
23.0,23,0.0
34.0,34,0.0
549.0,549,0.0
782.5,782,0.5
124.0,124,0.0
985.5,985,0.5
122.0,122,0.0
40.0,40,0.0
60.0,60,0.0
1784.0,1784,0.0
34.0,34,0.0
2521.0,2521,0.0
2443.0,2443,0.0
34.0,34,0.0
34.0,34,0.0
23.0,23,0.0
1775.0,1775,0.0
5.0,5,0.0
2355.0,2355,0.0
36.0,36,0.0
1726.0,1726,0.0
69.0,69,0.0
60.0,60,0.0
21.0,21,0.0
34.0,34,0.0
25.0,25,0.0
119.0,119,0.0
40.0,40,0.0
1759.0,1759,0.0
2544.0,2544,0.0
133.0,133,0.0
39.0,39,0.0
29.0,29,0.0
42.0,42,0.0
1775.0,1775,0.0
36.0,36,0.0
2334.0,2334,0.0
126.0,126,0.0
39.0,39,0.0
68.0,68,0.0
29.0,29,0.0
59.0,59,0.0
56.0,56,0.0
58.0,58,0.0
58.0,58,0.0
69.0,69,0.0
89.0,89,0.0
6.0,6,0.0
36.0,36,0.0
34.0,34,0.0
2443.0,2443,0.0
60.0,60,0.0
990.5,990,0.5
1001.0,1001,0.0
79.0,79,0.0
70.0,70,0.0
70.0,70,0.0
124.0,124,0.0
70.0,70,0.0
969.0,969,0.0
70.0,70,0.0
23.0,23,0.0
124.0,124,0.0
951.5,951,0.5
70.0,70,0.0
978.5,978,0.5
978.5,978,0.5
976.5,976,0.5
969.0,969,0.0
969.0,969,0.0
978.5,978,0.5
79.0,79,0.0
959.5,959,0.5
969.0,969,0.0
969.0,969,0.0
969.0,969,0.0
79.0,79,0.0
969.0,969,0.0
21.0,21,0.0
5.0,5,0.0
30.0,30,0.0
27.0,27,0.0
60.0,60,0.0
54.0,54,0.0
27.0,27,0.0
30.0,30,0.0
40.0,40,0.0
89.0,89,0.0
32.0,32,0.0
65.0,65,0.0
25.0,25,0.0
59.0,59,0.0
27.0,27,0.0
27.0,27,0.0
60.0,60,0.0
27.0,27,0.0
25.0,25,0.0
32.0,32,0.0
27.0,27,0.0
65.0,65,0.0
35.0,35,0.0
25.0,25,0.0
115.0,115,0.0
89.0,89,0.0
14.0,14,0.0
30.0,30,0.0
30.0,30,0.0
49.0,49,0.0
49.0,49,0.0
32.0,32,0.0
23.0,23,0.0
2071.0,2071,0.0
1000.0,1000,0.0
25.0,25,0.0
1406.5,1406,0.5
1406.5,1406,0.5
1400.0,1400,0.0
2228.0,2228,0.0
5.0,5,0.0
25.0,25,0.0
2234.0,2234,0.0
2234.5,2234,0.5
30.0,30,0.0
65.0,65,0.0
27.0,27,0.0
59.0,59,0.0
1000.0,1000,0.0
65.0,65,0.0
89.0,89,0.0
1424.0,1424,0.0
25.0,25,0.0
99.0,99,0.0
27.0,27,0.0
1000.0,1000,0.0
1000.0,1000,0.0
60.0,60,0.0
65.0,65,0.0
27.0,27,0.0
49.0,49,0.0
1400.0,1400,0.0
1406.5,1406,0.5
2232.0,2232,0.0
1000.0,1000,0.0
1424.0,1424,0.0
30.0,30,0.0
89.0,89,0.0
32.0,32,0.0
25.0,25,0.0
32.0,32,0.0
30.0,30,0.0
1413.5,1413,0.5
1410.5,1410,0.5
25.0,25,0.0
49.0,49,0.0
27.0,27,0.0
49.0,49,0.0
38.0,38,0.0
29.0,29,0.0
129.0,129,0.0
774.5,774,0.5
2234.0,2234,0.0
27.0,27,0.0
2234.5,2234,0.5
814.5,814,0.5
2245.0,2245,0.0
65.0,65,0.0
2257.0,2257,0.0
2234.0,2234,0.0
2232.0,2232,0.0
2234.5,2234,0.5
2234.0,2234,0.0
25.0,25,0.0
27.0,27,0.0
14.0,14,0.0
21.0,21,0.0
1411.0,1411,0.0
1423.5,1423,0.5
704.0,704,0.0
661.5,661,0.5
680.5,680,0.5
94.0,94,0.0
29.0,29,0.0
48.0,48,0.0
69.0,69,0.0
69.0,69,0.0
27.0,27,0.0
36.0,36,0.0
44.0,44,0.0
6.0,6,0.0
39.0,39,0.0
698.0,698,0.0
668.5,668,0.5
962.5,962,0.5
978.5,978,0.5
49.0,49,0.0
23.0,23,0.0
1008.0,1008,0.0
978.5,978,0.5
978.5,978,0.5
969.0,969,0.0
978.5,978,0.5
969.0,969,0.0
1000.0,1000,0.0
69.0,69,0.0
29.0,29,0.0
1445.0,1445,0.0
29.0,29,0.0
69.0,69,0.0
58.0,58,0.0
1420.0,1420,0.0
69.0,69,0.0
1411.0,1411,0.0
1000.0,1000,0.0
36.0,36,0.0
34.0,34,0.0
951.5,951,0.5
29.0,29,0.0
960.0,960,0.0
969.0,969,0.0
983.0,983,0.0
70.0,70,0.0
978.5,978,0.5
79.0,79,0.0
27.0,27,0.0
30.0,30,0.0
25.0,25,0.0
36.0,36,0.0
69.0,69,0.0
34.0,34,0.0
29.0,29,0.0
1400.0,1400,0.0
1431.0,1431,0.0
2234.0,2234,0.0
2243.5,2243,0.5
2221.0,2221,0.0
27.0,27,0.0
1445.0,1445,0.0
1406.5,1406,0.5
1440.5,1440,0.5
2254.5,2254,0.5
2254.5,2254,0.5
2245.0,2245,0.0
58.0,58,0.0
139.0,139,0.0
1395.5,1395,0.5
1000.0,1000,0.0
1400.0,1400,0.0
1440.5,1440,0.5
1413.0,1413,0.0
1486.0,1486,0.0
699.0,699,0.0
29.0,29,0.0
1410.0,1410,0.0
1420.5,1420,0.5
1413.0,1413,0.0
1413.5,1413,0.5
1445.5,1445,0.5
1395.5,1395,0.5
36.0,36,0.0
699.0,699,0.0
699.0,699,0.0
1406.5,1406,0.5
1424.0,1424,0.0
1441.5,1441,0.5
1448.0,1448,0.0
1420.0,1420,0.0
36.0,36,0.0
58.0,58,0.0
2259.0,2259,0.0
49.0,49,0.0
644.0,644,0.0
2232.0,2232,0.0
2245.0,2245,0.0
699.0,699,0.0
1402.5,1402,0.5
1400.0,1400,0.0
1486.0,1486,0.0
1445.0,1445,0.0
27.0,27,0.0
2216.5,2216,0.5
2227.5,2227,0.5
978.5,978,0.5
969.0,969,0.0
969.0,969,0.0
673.0,673,0.0
661.5,661,0.5
673.0,673,0.0
679.0,679,0.0
695.5,695,0.5
70.0,70,0.0
978.5,978,0.5
956.0,956,0.0
969.0,969,0.0
988.0,988,0.0
124.0,124,0.0
79.0,79,0.0
668.5,668,0.5
695.5,695,0.5
120.0,120,0.0
124.0,124,0.0
70.0,70,0.0
70.0,70,0.0
124.0,124,0.0
752.5,752,0.5
69.0,69,0.0
69.0,69,0.0
1402.5,1402,0.5
30.0,30,0.0
5.0,5,0.0
30.0,30,0.0
32.0,32,0.0
1406.5,1406,0.5
64.0,64,0.0
635.0,635,0.0
2234.0,2234,0.0
25.0,25,0.0
40.0,40,0.0
25.0,25,0.0
65.0,65,0.0
97.0,97,0.0
133.0,133,0.0
29.0,29,0.0
633.0,633,0.0
7.0,7,0.0
2228.0,2228,0.0
2262.0,2262,0.0
69.0,69,0.0
29.0,29,0.0
2221.0,2221,0.0
64.0,64,0.0
7.0,7,0.0
40.0,40,0.0
69.0,69,0.0
2234.0,2234,0.0
34.0,34,0.0
2227.5,2227,0.5
7.0,7,0.0
34.0,34,0.0
2252.0,2252,0.0
69.0,69,0.0
2071.0,2071,0.0
2049.0,2049,0.0
43.0,43,0.0
58.0,58,0.0
36.0,36,0.0
69.0,69,0.0
69.0,69,0.0
2071.0,2071,0.0
2239.0,2239,0.0
128.0,128,0.0
69.0,69,0.0
58.0,58,0.0
34.0,34,0.0
2233.5,2233,0.5
2049.0,2049,0.0
2049.0,2049,0.0
2071.0,2071,0.0
2241.0,2241,0.0
2227.5,2227,0.5
2221.0,2221,0.0
5.0,5,0.0
2049.0,2049,0.0
89.0,89,0.0
93.0,93,0.0
2049.0,2049,0.0
2071.0,2071,0.0
25.0,25,0.0
69.0,69,0.0
34.0,34,0.0
62.0,62,0.0
969.0,969,0.0
70.0,70,0.0
70.0,70,0.0
686.0,686,0.0
969.0,969,0.0
966.0,966,0.0
1000.5,1000,0.5
969.0,969,0.0
679.0,679,0.0
661.5,661,0.5
969.0,969,0.0
951.5,951,0.5
958.5,958,0.5
978.5,978,0.5
969.0,969,0.0
124.0,124,0.0
79.0,79,0.0
672.0,672,0.0
661.5,661,0.5
124.0,124,0.0
661.5,661,0.5
969.0,969,0.0
134.0,134,0.0
978.5,978,0.5
969.0,969,0.0
79.0,79,0.0
79.0,79,0.0
666.0,666,0.0
686.0,686,0.0
37.0,37,0.0
70.0,70,0.0
70.0,70,0.0
124.0,124,0.0
70.0,70,0.0
666.0,666,0.0
89.0,89,0.0
25.0,25,0.0
69.0,69,0.0
34.0,34,0.0
25.0,25,0.0
79.0,79,0.0
110.0,110,0.0
699.0,699,0.0
89.0,89,0.0
89.0,89,0.0
75.0,75,0.0
2071.0,2071,0.0
60.0,60,0.0
36.0,36,0.0
699.0,699,0.0
27.0,27,0.0
4.0,4,0.0
184.0,184,0.0
89.0,89,0.0
44.0,44,0.0
996.0,996,0.0
978.5,978,0.5
978.5,978,0.5
29.0,29,0.0
29.0,29,0.0
69.0,69,0.0
2049.0,2049,0.0
5.0,5,0.0
89.0,89,0.0
44.0,44,0.0
2071.0,2071,0.0
5.0,5,0.0
69.0,69,0.0
34.0,34,0.0
119.0,119,0.0
68.0,68,0.0
2071.0,2071,0.0
58.0,58,0.0
58.0,58,0.0
2049.0,2049,0.0
2049.0,2049,0.0
1736.0,1736,0.0
554.0,554,0.0
2407.0,2407,0.0
69.0,69,0.0
4.0,4,0.0
27.0,27,0.0
2442.0,2442,0.0
2419.0,2419,0.0
567.0,567,0.0
1229.0,1229,0.0
1238.0,1238,0.0
1751.0,1751,0.0
1732.0,1732,0.0
1728.0,1728,0.0
554.0,554,0.0
1265.0,1265,0.0
80.0,80,0.0
6.0,6,0.0
6.0,6,0.0
69.0,69,0.0
39.0,39,0.0
549.0,549,0.0
36.0,36,0.0
78.0,78,0.0
34.0,34,0.0
78.0,78,0.0
540.0,540,0.0
184.0,184,0.0
13.0,13,0.0
27.0,27,0.0
28.0,28,0.0
60.0,60,0.0
608.0,608,0.0
39.0,39,0.0
54.0,54,0.0
23.0,23,0.0
114.0,114,0.0
786.0,786,0.0
1715.0,1715,0.0
1701.0,1701,0.0
810.0,810,0.0
21.0,21,0.0
554.0,554,0.0
34.0,34,0.0
540.0,540,0.0
36.0,36,0.0
1250.0,1250,0.0
4.0,4,0.0
1269.0,1269,0.0
124.0,124,0.0
615.0,615,0.0
1728.0,1728,0.0
540.0,540,0.0
554.0,554,0.0
549.0,549,0.0
89.0,89,0.0
23.0,23,0.0
1250.0,1250,0.0
23.0,23,0.0
60.0,60,0.0
589.0,589,0.0
39.0,39,0.0
21.0,21,0.0
75.0,75,0.0
23.0,23,0.0
43.0,43,0.0
91.0,91,0.0
69.0,69,0.0
1274.0,1274,0.0
575.0,575,0.0
554.0,554,0.0
6.0,6,0.0
39.0,39,0.0
30.0,30,0.0
589.0,589,0.0
40.0,40,0.0
554.0,554,0.0
60.0,60,0.0
23.0,23,0.0
554.0,554,0.0
13.0,13,0.0
39.0,39,0.0
174.0,174,0.0
23.0,23,0.0
48.0,48,0.0
4.0,4,0.0
777.0,777,0.0
800.0,800,0.0
29.0,29,0.0
6.0,6,0.0
68.0,68,0.0
108.0,108,0.0
36.0,36,0.0
78.0,78,0.0
589.0,589,0.0
4.0,4,0.0
27.0,27,0.0
608.0,608,0.0
589.0,589,0.0
59.0,59,0.0
661.5,661,0.5
669.5,669,0.5
700.0,700,0.0
675.0,675,0.0
668.5,668,0.5
668.5,668,0.5
661.5,661,0.5
661.5,661,0.5
675.0,675,0.0
36.0,36,0.0
29.0,29,0.0
36.0,36,0.0
598.0,598,0.0
589.0,589,0.0
1264.0,1264,0.0
561.0,561,0.0
575.0,575,0.0
1224.0,1224,0.0
554.0,554,0.0
29.0,29,0.0
1250.0,1250,0.0
619.0,619,0.0
722.0,722,0.0
777.0,777,0.0
1274.0,1274,0.0
777.0,777,0.0
589.0,589,0.0
69.0,69,0.0
554.0,554,0.0
777.0,777,0.0
1215.0,1215,0.0
625.0,625,0.0
1293.0,1293,0.0
565.0,565,0.0
777.0,777,0.0
60.0,60,0.0
751.0,751,0.0
786.0,786,0.0
1224.0,1224,0.0
565.0,565,0.0
608.0,608,0.0
1760.0,1760,0.0
1732.0,1732,0.0
563.0,563,0.0
575.0,575,0.0
1269.0,1269,0.0
554.0,554,0.0
1238.0,1238,0.0
751.0,751,0.0
776.0,776,0.0
589.0,589,0.0
668.5,668,0.5
79.0,79,0.0
23.0,23,0.0
39.0,39,0.0
6.0,6,0.0
84.0,84,0.0
39.0,39,0.0
1293.0,1293,0.0
765.0,765,0.0
791.0,791,0.0
1284.0,1284,0.0
554.0,554,0.0
589.0,589,0.0
23.0,23,0.0
21.0,21,0.0
29.0,29,0.0
1745.0,1745,0.0
1765.0,1765,0.0
1164.0,1164,0.0
1155.0,1155,0.0
1155.0,1155,0.0
1179.0,1179,0.0
25.0,25,0.0
23.0,23,0.0
1265.0,1265,0.0
584.0,584,0.0
39.0,39,0.0
1134.0,1134,0.0
1145.0,1145,0.0
15.0,15,0.0
1149.0,1149,0.0
75.0,75,0.0
58.0,58,0.0
30.0,30,0.0
30.0,30,0.0
39.0,39,0.0
21.0,21,0.0
1265.0,1265,0.0
777.0,777,0.0
750.0,750,0.0
114.0,114,0.0
617.0,617,0.0
575.0,575,0.0
42.0,42,0.0
36.0,36,0.0
36.0,36,0.0
36.0,36,0.0
637.0,637,0.0
69.0,69,0.0
42.0,42,0.0
2251.0,2251,0.0
34.0,34,0.0
5.0,5,0.0
2071.0,2071,0.0
2071.0,2071,0.0
5.0,5,0.0
60.0,60,0.0
7.0,7,0.0
23.0,23,0.0
699.0,699,0.0
783.0,783,0.0
60.0,60,0.0
31.0,31,0.0
21.0,21,0.0
5.0,5,0.0
7.0,7,0.0
29.0,29,0.0
5.0,5,0.0
7.0,7,0.0
7.0,7,0.0
13.0,13,0.0
7.0,7,0.0
7.0,7,0.0
7.0,7,0.0
69.0,69,0.0
783.0,783,0.0
2049.0,2049,0.0
2049.0,2049,0.0
36.0,36,0.0
2049.0,2049,0.0
36.0,36,0.0
5.0,5,0.0
2071.0,2071,0.0
2049.0,2049,0.0
36.0,36,0.0
783.0,783,0.0
2071.0,2071,0.0
34.0,34,0.0
2071.0,2071,0.0
29.0,29,0.0
2049.0,2049,0.0
119.0,119,0.0
783.0,783,0.0
5.0,5,0.0
783.0,783,0.0
2071.0,2071,0.0
2071.0,2071,0.0
69.0,69,0.0
34.0,34,0.0
2049.0,2049,0.0
2049.0,2049,0.0
2049.0,2049,0.0
69.0,69,0.0
783.0,783,0.0
31.0,31,0.0
2216.5,2216,0.5
2216.5,2216,0.5
686.0,686,0.0
2071.0,2071,0.0
2071.0,2071,0.0
2071.0,2071,0.0
2071.0,2071,0.0
2071.0,2071,0.0
2049.0,2049,0.0
783.0,783,0.0
2049.0,2049,0.0
783.0,783,0.0
783.0,783,0.0
2049.0,2049,0.0
2071.0,2071,0.0
2071.0,2071,0.0
2049.0,2049,0.0
2049.0,2049,0.0
2071.0,2071,0.0
2259.5,2259,0.5
2254.5,2254,0.5
2071.0,2071,0.0
2049.0,2049,0.0
2245.0,2245,0.0
2232.0,2232,0.0
69.0,69,0.0
783.0,783,0.0
7.0,7,0.0
783.0,783,0.0
783.0,783,0.0
2234.0,2234,0.0
2234.0,2234,0.0
2223.5,2223,0.5
2227.5,2227,0.5
2227.5,2227,0.5
2071.0,2071,0.0
89.0,89,0.0
5.0,5,0.0
7.0,7,0.0
114.0,114,0.0
78.0,78,0.0
2232.0,2232,0.0
58.0,58,0.0
2232.0,2232,0.0
2245.0,2245,0.0
777.0,777,0.0
1229.0,1229,0.0
1265.0,1265,0.0
540.0,540,0.0
786.0,786,0.0
777.0,777,0.0
811.0,811,0.0
608.0,608,0.0
1155.0,1155,0.0
1120.0,1120,0.0
1155.0,1155,0.0
1134.0,1134,0.0
540.0,540,0.0
604.0,604,0.0
571.0,571,0.0
777.0,777,0.0
777.0,777,0.0
43.0,43,0.0
1224.0,1224,0.0
618.0,618,0.0
777.0,777,0.0
1283.0,1283,0.0
575.0,575,0.0
575.0,575,0.0
791.0,791,0.0
1169.0,1169,0.0
40.0,40,0.0
35.0,35,0.0
75.0,75,0.0
124.0,124,0.0
79.0,79,0.0
42.0,42,0.0
201.0,201,0.0
6.0,6,0.0
39.0,39,0.0
43.0,43,0.0
1229.0,1229,0.0
69.0,69,0.0
6.0,6,0.0
60.0,60,0.0
6.0,6,0.0
791.0,791,0.0
31.0,31,0.0
1237.0,1237,0.0
540.0,540,0.0
7.0,7,0.0
4.0,4,0.0
4.0,4,0.0
827.0,827,0.0
1203.0,1203,0.0
68.0,68,0.0
1215.0,1215,0.0
756.0,756,0.0
589.0,589,0.0
23.0,23,0.0
60.0,60,0.0
7.0,7,0.0
565.0,565,0.0
21.0,21,0.0
28.0,28,0.0
25.0,25,0.0
549.0,549,0.0
1269.0,1269,0.0
1155.0,1155,0.0
1174.0,1174,0.0
1147.0,1147,0.0
90.0,90,0.0
589.0,589,0.0
600.0,600,0.0
7.0,7,0.0
5.0,5,0.0
58.0,58,0.0
36.0,36,0.0
29.0,29,0.0
34.0,34,0.0
2049.0,2049,0.0
78.0,78,0.0
2227.5,2227,0.5
69.0,69,0.0
36.0,36,0.0
148.0,148,0.0
2234.0,2234,0.0
36.0,36,0.0
2246.0,2246,0.0
97.0,97,0.0
19.0,19,0.0
5.0,5,0.0
2049.0,2049,0.0
2071.0,2071,0.0
5.0,5,0.0
40.0,40,0.0
14.0,14,0.0
7.0,7,0.0
2071.0,2071,0.0
2071.0,2071,0.0
7.0,7,0.0
188.0,188,0.0
64.0,64,0.0
38.0,38,0.0
29.0,29,0.0
6.0,6,0.0
68.0,68,0.0
39.0,39,0.0
4.0,4,0.0
12.0,12,0.0
6.0,6,0.0
6.0,6,0.0
28.0,28,0.0
2049.0,2049,0.0
2071.0,2071,0.0
2071.0,2071,0.0
93.0,93,0.0
14.0,14,0.0
2049.0,2049,0.0
2049.0,2049,0.0
58.0,58,0.0
2071.0,2071,0.0
2049.0,2049,0.0
34.0,34,0.0
29.0,29,0.0
69.0,69,0.0
2071.0,2071,0.0
2049.0,2049,0.0
29.0,29,0.0
783.0,783,0.0
55.0,55,0.0
36.0,36,0.0
34.0,34,0.0
29.0,29,0.0
69.0,69,0.0
36.0,36,0.0
29.0,29,0.0
2294.0,2294,0.0
2049.0,2049,0.0
783.0,783,0.0
783.0,783,0.0
2049.0,2049,0.0
2049.0,2049,0.0
2071.0,2071,0.0
2071.0,2071,0.0
2071.0,2071,0.0
783.0,783,0.0
2049.0,2049,0.0
2049.0,2049,0.0
2049.0,2049,0.0
2049.0,2049,0.0
2071.0,2071,0.0
783.0,783,0.0
2071.0,2071,0.0
783.0,783,0.0
2049.0,2049,0.0
2049.0,2049,0.0
783.0,783,0.0
2071.0,2071,0.0
2049.0,2049,0.0
2245.0,2245,0.0
2234.0,2234,0.0
2049.0,2049,0.0
2049.0,2049,0.0
2071.0,2071,0.0
29.0,29,0.0
2245.0,2245,0.0
2223.5,2223,0.5
2270.0,2270,0.0
70.0,70,0.0
120.0,120,0.0
123.0,123,0.0
783.0,783,0.0
2071.0,2071,0.0
2242.0,2242,0.0
2221.0,2221,0.0
2071.0,2071,0.0
29.0,29,0.0
2227.5,2227,0.5
2049.0,2049,0.0
89.0,89,0.0
2270.0,2270,0.0
2221.0,2221,0.0
2259.0,2259,0.0
783.0,783,0.0
783.0,783,0.0
661.5,661,0.5
7.0,7,0.0
69.0,69,0.0
36.0,36,0.0
29.0,29,0.0
43.0,43,0.0
1715.0,1715,0.0
29.0,29,0.0
69.0,69,0.0
6.0,6,0.0
2457.0,2457,0.0
69.0,69,0.0
34.0,34,0.0
34.0,34,0.0
34.0,34,0.0
69.0,69,0.0
69.0,69,0.0
2443.0,2443,0.0
6.0,6,0.0
43.0,43,0.0
1775.0,1775,0.0
34.0,34,0.0
29.0,29,0.0
36.0,36,0.0
84.0,84,0.0
2365.0,2365,0.0
201.0,201,0.0
84.0,84,0.0
34.0,34,0.0
69.0,69,0.0
40.0,40,0.0
43.0,43,0.0
4.0,4,0.0
7.0,7,0.0
29.0,29,0.0
5.0,5,0.0
40.0,40,0.0
36.0,36,0.0
12.0,12,0.0
670.0,670,0.0
668.5,668,0.5
675.0,675,0.0
661.5,661,0.5
674.0,674,0.0
133.0,133,0.0
70.0,70,0.0
70.0,70,0.0
695.5,695,0.5
79.0,79,0.0
691.0,691,0.0
124.0,124,0.0
70.0,70,0.0
124.0,124,0.0
679.0,679,0.0
686.0,686,0.0
661.5,661,0.5
691.5,691,0.5
668.5,668,0.5
70.0,70,0.0
79.0,79,0.0
672.0,672,0.0
70.0,70,0.0
70.0,70,0.0
703.5,703,0.5
133.0,133,0.0
79.0,79,0.0
686.0,686,0.0
661.5,661,0.5
70.0,70,0.0
133.0,133,0.0
79.0,79,0.0
661.5,661,0.5
675.0,675,0.0
39.0,39,0.0
39.0,39,0.0
6.0,6,0.0
6.0,6,0.0
6.0,6,0.0
129.0,129,0.0
79.0,79,0.0
153.0,153,0.0
70.0,70,0.0
69.0,69,0.0
36.0,36,0.0
69.0,69,0.0
79.0,79,0.0
69.0,69,0.0
36.0,36,0.0
34.0,34,0.0
84.0,84,0.0
29.0,29,0.0
48.0,48,0.0
34.0,34,0.0
23.0,23,0.0
124.0,124,0.0
30.0,30,0.0
75.0,75,0.0
89.0,89,0.0
33.0,33,0.0
27.0,27,0.0
84.0,84,0.0
70.0,70,0.0
70.0,70,0.0
129.0,129,0.0
133.0,133,0.0
783.0,783,0.0
2071.0,2071,0.0
679.0,679,0.0
2245.0,2245,0.0
78.0,78,0.0
60.0,60,0.0
23.0,23,0.0
23.0,23,0.0
69.0,69,0.0
104.0,104,0.0
5.0,5,0.0
70.0,70,0.0
2049.0,2049,0.0
21.0,21,0.0
2245.0,2245,0.0
70.0,70,0.0
70.0,70,0.0
2049.0,2049,0.0
60.0,60,0.0
2071.0,2071,0.0
2049.0,2049,0.0
2049.0,2049,0.0
23.0,23,0.0
2245.0,2245,0.0
94.0,94,0.0
783.0,783,0.0
33.0,33,0.0
2049.0,2049,0.0
27.0,27,0.0
27.0,27,0.0
36.0,36,0.0
89.0,89,0.0
94.0,94,0.0
79.0,79,0.0
27.0,27,0.0
2231.0,2231,0.0
2223.5,2223,0.5
79.0,79,0.0
27.0,27,0.0
23.0,23,0.0
31.0,31,0.0
34.0,34,0.0
2234.0,2234,0.0
2245.0,2245,0.0
2071.0,2071,0.0
2241.0,2241,0.0
2257.0,2257,0.0
37.0,37,0.0
2272.0,2272,0.0
2234.0,2234,0.0
7.0,7,0.0
2266.5,2266,0.5
58.0,58,0.0
58.0,58,0.0
69.0,69,0.0
2276.0,2276,0.0
2245.0,2245,0.0
110.0,110,0.0
35.0,35,0.0
23.0,23,0.0
6.0,6,0.0
12.0,12,0.0
67.0,67,0.0
2049.0,2049,0.0
2071.0,2071,0.0
666.0,666,0.0
686.0,686,0.0
693.5,693,0.5
673.0,673,0.0
699.0,699,0.0
60.0,60,0.0
33.0,33,0.0
25.0,25,0.0
23.0,23,0.0
27.0,27,0.0
23.0,23,0.0
119.0,119,0.0
58.0,58,0.0
39.0,39,0.0
691.0,691,0.0
661.5,661,0.5
677.0,677,0.0
686.0,686,0.0
661.5,661,0.5
661.5,661,0.5
691.5,691,0.5
666.0,666,0.0
39.0,39,0.0
672.5,672,0.5
676.5,676,0.5
976.0,976,0.0
35.0,35,0.0
42.0,42,0.0
37.0,37,0.0
675.0,675,0.0
666.0,666,0.0
686.0,686,0.0
578.0,578,0.0
70.0,70,0.0
21.0,21,0.0
2071.0,2071,0.0
25.0,25,0.0
33.0,33,0.0
27.0,27,0.0
2071.0,2071,0.0
60.0,60,0.0
31.0,31,0.0
549.0,549,0.0
540.0,540,0.0
563.0,563,0.0
540.0,540,0.0
540.0,540,0.0
124.0,124,0.0
540.0,540,0.0
124.0,124,0.0
79.0,79,0.0
79.0,79,0.0
2231.0,2231,0.0
70.0,70,0.0
2049.0,2049,0.0
2049.0,2049,0.0
182.0,182,0.0
23.0,23,0.0
2257.0,2257,0.0
89.0,89,0.0
58.0,58,0.0
48.0,48,0.0
2071.0,2071,0.0
23.0,23,0.0
25.0,25,0.0
2071.0,2071,0.0
2049.0,2049,0.0
783.0,783,0.0
2234.5,2234,0.5
84.0,84,0.0
2234.0,2234,0.0
2252.0,2252,0.0
2245.0,2245,0.0
2266.5,2266,0.5
2234.0,2234,0.0
2071.0,2071,0.0
783.0,783,0.0
2049.0,2049,0.0
2071.0,2071,0.0
27.0,27,0.0
2071.0,2071,0.0
783.0,783,0.0
2049.0,2049,0.0
2071.0,2071,0.0
2049.0,2049,0.0
2071.0,2071,0.0
2049.0,2049,0.0
2049.0,2049,0.0
783.0,783,0.0
2049.0,2049,0.0
2049.0,2049,0.0
783.0,783,0.0
84.0,84,0.0
94.0,94,0.0
84.0,84,0.0
60.0,60,0.0
33.0,33,0.0
27.0,27,0.0
21.0,21,0.0
2245.0,2245,0.0
2232.0,2232,0.0
2259.0,2259,0.0
2242.0,2242,0.0
2245.0,2245,0.0
2245.0,2245,0.0
2228.0,2228,0.0
2071.0,2071,0.0
2071.0,2071,0.0
3578.0,3578,0.0
3578.0,3578,0.0
69.0,69,0.0
40.0,40,0.0
540.0,540,0.0
562.0,562,0.0
554.0,554,0.0
599.0,599,0.0
563.0,563,0.0
1120.0,1120,0.0
1145.0,1145,0.0
15.0,15,0.0
1183.0,1183,0.0
1189.0,1189,0.0
5.0,5,0.0
5.0,5,0.0
14.0,14,0.0
40.0,40,0.0
64.0,64,0.0
64.0,64,0.0
564.0,564,0.0
556.0,556,0.0
604.0,604,0.0
23.0,23,0.0
3578.0,3578,0.0
783.0,783,0.0
93.0,93,0.0
3578.0,3578,0.0
3578.0,3578,0.0
2998.5,2998,0.5
7.0,7,0.0
34.0,34,0.0
36.0,36,0.0
43.0,43,0.0
3578.0,3578,0.0
3578.0,3578,0.0
783.0,783,0.0
3578.0,3578,0.0
2999.0,2999,0.0
2999.0,2999,0.0
2988.0,2988,0.0
69.0,69,0.0
34.0,34,0.0
89.0,89,0.0
2985.5,2985,0.5
29.0,29,0.0
2992.0,2992,0.0
29.0,29,0.0
2985.5,2985,0.5
34.0,34,0.0
36.0,36,0.0
5.0,5,0.0
36.0,36,0.0
43.0,43,0.0
34.0,34,0.0
40.0,40,0.0
22.0,22,0.0
567.0,567,0.0
93.0,93,0.0
3005.5,3005,0.5
69.0,69,0.0
36.0,36,0.0
21.0,21,0.0
60.0,60,0.0
2981.0,2981,0.0
30.0,30,0.0
55.0,55,0.0
23.0,23,0.0
3025.5,3025,0.5
2998.5,2998,0.5
21.0,21,0.0
23.0,23,0.0
3578.0,3578,0.0
23.0,23,0.0
3010.5,3010,0.5
75.0,75,0.0
129.0,129,0.0
21.0,21,0.0
21.0,21,0.0
70.0,70,0.0
84.0,84,0.0
27.0,27,0.0
75.0,75,0.0
21.0,21,0.0
23.0,23,0.0
2998.5,2998,0.5
3023.5,3023,0.5
60.0,60,0.0
21.0,21,0.0
3578.0,3578,0.0
2998.5,2998,0.5
3003.0,3003,0.0
2998.5,2998,0.5
2988.0,2988,0.0
2998.5,2998,0.5
3578.0,3578,0.0
3578.0,3578,0.0
21.0,21,0.0
27.0,27,0.0
34.0,34,0.0
84.0,84,0.0
3578.0,3578,0.0
31.0,31,0.0
35.0,35,0.0
3578.0,3578,0.0
23.0,23,0.0
39.0,39,0.0
60.0,60,0.0
75.0,75,0.0
75.0,75,0.0
1183.0,1183,0.0
166.0,166,0.0
540.0,540,0.0
575.0,575,0.0
604.0,604,0.0
604.0,604,0.0
540.0,540,0.0
1184.0,1184,0.0
1120.0,1120,0.0
1183.0,1183,0.0
1120.0,1120,0.0
1179.0,1179,0.0
1155.0,1155,0.0
40.0,40,0.0
1155.0,1155,0.0
1155.0,1155,0.0
5.0,5,0.0
42.0,42,0.0
40.0,40,0.0
554.0,554,0.0
561.0,561,0.0
64.0,64,0.0
629.0,629,0.0
563.0,563,0.0
618.0,618,0.0
1174.0,1174,0.0
1158.0,1158,0.0
1155.0,1155,0.0
1147.0,1147,0.0
7.0,7,0.0
13.0,13,0.0
59.0,59,0.0
599.0,599,0.0
40.0,40,0.0
166.0,166,0.0
564.0,564,0.0
1155.0,1155,0.0
70.0,70,0.0
120.0,120,0.0
3578.0,3578,0.0
6.0,6,0.0
68.0,68,0.0
13.0,13,0.0
4.0,4,0.0
70.0,70,0.0
30.0,30,0.0
157.0,157,0.0
120.0,120,0.0
84.0,84,0.0
60.0,60,0.0
23.0,23,0.0
79.0,79,0.0
70.0,70,0.0
25.0,25,0.0
23.0,23,0.0
21.0,21,0.0
1155.0,1155,0.0
643.0,643,0.0
618.0,618,0.0
629.0,629,0.0
84.0,84,0.0
23.0,23,0.0
21.0,21,0.0
23.0,23,0.0
75.0,75,0.0
3578.0,3578,0.0
25.0,25,0.0
23.0,23,0.0
60.0,60,0.0
70.0,70,0.0
133.0,133,0.0
70.0,70,0.0
3578.0,3578,0.0
1169.0,1169,0.0
1155.0,1155,0.0
575.0,575,0.0
785.0,785,0.0
776.0,776,0.0
742.0,742,0.0
827.0,827,0.0
776.0,776,0.0
742.0,742,0.0
776.0,776,0.0
751.0,751,0.0
777.0,777,0.0
124.0,124,0.0
777.0,777,0.0
771.0,771,0.0
1120.0,1120,0.0
751.0,751,0.0
778.0,778,0.0
540.0,540,0.0
40.0,40,0.0
777.0,777,0.0
575.0,575,0.0
48.0,48,0.0
165.0,165,0.0
751.0,751,0.0
39.0,39,0.0
575.0,575,0.0
69.0,69,0.0
6.0,6,0.0
554.0,554,0.0
563.0,563,0.0
777.0,777,0.0
751.0,751,0.0
55.0,55,0.0
25.0,25,0.0
1174.0,1174,0.0
1134.0,1134,0.0
1120.0,1120,0.0
1174.0,1174,0.0
1174.0,1174,0.0
1120.0,1120,0.0
777.0,777,0.0
561.0,561,0.0
40.0,40,0.0
54.0,54,0.0
49.0,49,0.0
4.0,4,0.0
5.0,5,0.0
866.0,866,0.0
1164.0,1164,0.0
578.0,578,0.0
1155.0,1155,0.0
40.0,40,0.0
23.0,23,0.0
182.0,182,0.0
110.0,110,0.0
49.0,49,0.0
563.0,563,0.0
608.0,608,0.0
2419.0,2419,0.0
2419.0,2419,0.0
2428.0,2428,0.0
34.0,34,0.0
1164.0,1164,0.0
786.0,786,0.0
901.0,901,0.0
23.0,23,0.0
25.0,25,0.0
27.0,27,0.0
40.0,40,0.0
60.0,60,0.0
27.0,27,0.0
21.0,21,0.0
21.0,21,0.0
14.0,14,0.0
43.0,43,0.0
5.0,5,0.0
60.0,60,0.0
30.0,30,0.0
2419.0,2419,0.0
49.0,49,0.0
60.0,60,0.0
23.0,23,0.0
27.0,27,0.0
90.0,90,0.0
751.0,751,0.0
791.0,791,0.0
23.0,23,0.0
27.0,27,0.0
40.0,40,0.0
73.0,73,0.0
40.0,40,0.0
575.0,575,0.0
19.0,19,0.0
750.0,750,0.0
23.0,23,0.0
578.0,578,0.0
40.0,40,0.0
75.0,75,0.0
777.0,777,0.0
615.0,615,0.0
540.0,540,0.0
549.0,549,0.0
565.0,565,0.0
2447.0,2447,0.0
2419.0,2419,0.0
2398.0,2398,0.0
2443.0,2443,0.0
2419.0,2419,0.0
2462.0,2462,0.0
2419.0,2419,0.0
2384.0,2384,0.0
2393.0,2393,0.0
1250.0,1250,0.0
1288.0,1288,0.0
1269.0,1269,0.0
1215.0,1215,0.0
1229.0,1229,0.0
1284.0,1284,0.0
1314.0,1314,0.0
2393.0,2393,0.0
777.0,777,0.0
791.0,791,0.0
778.0,778,0.0
756.0,756,0.0
604.0,604,0.0
40.0,40,0.0
39.0,39,0.0
23.0,23,0.0
72.0,72,0.0
561.0,561,0.0
598.0,598,0.0
649.0,649,0.0
35.0,35,0.0
549.0,549,0.0
811.0,811,0.0
540.0,540,0.0
750.0,750,0.0
751.0,751,0.0
777.0,777,0.0
777.0,777,0.0
2433.0,2433,0.0
1174.0,1174,0.0
39.0,39,0.0
156.0,156,0.0
21.0,21,0.0
540.0,540,0.0
578.0,578,0.0
786.0,786,0.0
549.0,549,0.0
575.0,575,0.0
25.0,25,0.0
60.0,60,0.0
5.0,5,0.0
40.0,40,0.0
40.0,40,0.0
40.0,40,0.0
3578.0,3578,0.0
2999.0,2999,0.0
3008.0,3008,0.0
2998.5,2998,0.5
7.0,7,0.0
60.0,60,0.0
29.0,29,0.0
2526.0,2526,0.0
39.0,39,0.0
5.0,5,0.0
4.0,4,0.0
1120.0,1120,0.0
4.0,4,0.0
36.0,36,0.0
7.0,7,0.0
124.0,124,0.0
13.0,13,0.0
5.0,5,0.0
114.0,114,0.0
25.0,25,0.0
2641.0,2641,0.0
39.0,39,0.0
93.0,93,0.0
39.0,39,0.0
15.0,15,0.0
29.0,29,0.0
2443.0,2443,0.0
2579.0,2579,0.0
13.0,13,0.0
1143.0,1143,0.0
5.0,5,0.0
2457.0,2457,0.0
574.0,574,0.0
5.0,5,0.0
2335.0,2335,0.0
2480.0,2480,0.0
549.0,549,0.0
40.0,40,0.0
39.0,39,0.0
554.0,554,0.0
6.0,6,0.0
39.0,39,0.0
55.0,55,0.0
7.0,7,0.0
29.0,29,0.0
7.0,7,0.0
7.0,7,0.0
6.0,6,0.0
565.0,565,0.0
40.0,40,0.0
554.0,554,0.0
40.0,40,0.0
599.0,599,0.0
64.0,64,0.0
59.0,59,0.0
68.0,68,0.0
540.0,540,0.0
554.0,554,0.0
83.0,83,0.0
59.0,59,0.0
554.0,554,0.0
29.0,29,0.0
5.0,5,0.0
29.0,29,0.0
40.0,40,0.0
604.0,604,0.0
540.0,540,0.0
561.0,561,0.0
540.0,540,0.0
554.0,554,0.0
554.0,554,0.0
7.0,7,0.0
4.0,4,0.0
39.0,39,0.0
2.0,2,0.0
2.0,2,0.0
2.0,2,0.0
7.0,7,0.0
5.0,5,0.0
68.0,68,0.0
5.0,5,0.0
144.0,144,0.0
103.0,103,0.0
94.0,94,0.0
40.0,40,0.0
40.0,40,0.0
5.0,5,0.0
7.0,7,0.0
7.0,7,0.0
7.0,7,0.0
40.0,40,0.0
7.0,7,0.0
7.0,7,0.0
64.0,64,0.0
7.0,7,0.0
7.0,7,0.0
3578.0,3578,0.0
3578.0,3578,0.0
29.0,29,0.0
2.0,2,0.0
3578.0,3578,0.0
3578.0,3578,0.0
7.0,7,0.0
40.0,40,0.0
79.0,79,0.0
3578.0,3578,0.0
40.0,40,0.0
194.0,194,0.0
70.0,70,0.0
7.0,7,0.0
120.0,120,0.0
64.0,64,0.0
40.0,40,0.0
2985.5,2985,0.5
3023.5,3023,0.5
75.0,75,0.0
25.0,25,0.0
70.0,70,0.0
70.0,70,0.0
3578.0,3578,0.0
34.0,34,0.0
2992.5,2992,0.5
3578.0,3578,0.0
3578.0,3578,0.0
3578.0,3578,0.0
3578.0,3578,0.0
40.0,40,0.0
3578.0,3578,0.0
120.0,120,0.0
70.0,70,0.0
3578.0,3578,0.0
84.0,84,0.0
27.0,27,0.0
21.0,21,0.0
3578.0,3578,0.0
68.0,68,0.0
69.0,69,0.0
25.0,25,0.0
75.0,75,0.0
30.0,30,0.0
21.0,21,0.0
21.0,21,0.0
83.0,83,0.0
40.0,40,0.0
3003.0,3003,0.0
2981.0,2981,0.0
3013.0,3013,0.0
2981.0,2981,0.0
2998.5,2998,0.5
2998.5,2998,0.5
2998.5,2998,0.5
3010.5,3010,0.5
554.0,554,0.0
2998.5,2998,0.5
2985.5,2985,0.5
549.0,549,0.0
7.0,7,0.0
13.0,13,0.0
88.0,88,0.0
2998.5,2998,0.5
21.0,21,0.0
3005.5,3005,0.5
40.0,40,0.0
40.0,40,0.0
25.0,25,0.0
60.0,60,0.0
2981.0,2981,0.0
60.0,60,0.0
5.0,5,0.0
166.0,166,0.0
7.0,7,0.0
3578.0,3578,0.0
15.0,15,0.0
40.0,40,0.0
1250.0,1250,0.0
3578.0,3578,0.0
2.0,2,0.0
2.0,2,0.0
2.0,2,0.0
3578.0,3578,0.0
3578.0,3578,0.0
1250.0,1250,0.0
3010.5,3010,0.5
49.0,49,0.0
79.0,79,0.0
1300.0,1300,0.0
1215.0,1215,0.0
7.0,7,0.0
7.0,7,0.0
13.0,13,0.0
810.0,810,0.0
751.0,751,0.0
778.0,778,0.0
845.0,845,0.0
865.0,865,0.0
3578.0,3578,0.0
901.0,901,0.0
570.0,570,0.0
563.0,563,0.0
618.0,618,0.0
565.0,565,0.0
589.0,589,0.0
575.0,575,0.0
540.0,540,0.0
120.0,120,0.0
40.0,40,0.0
5.0,5,0.0
21.0,21,0.0
5.0,5,0.0
14.0,14,0.0
5.0,5,0.0
13.0,13,0.0
3578.0,3578,0.0
3578.0,3578,0.0
3005.5,3005,0.5
549.0,549,0.0
575.0,575,0.0
575.0,575,0.0
549.0,549,0.0
2384.0,2384,0.0
7.0,7,0.0
7.0,7,0.0
127.0,127,0.0
40.0,40,0.0
94.0,94,0.0
3578.0,3578,0.0
14.0,14,0.0
15.0,15,0.0
3578.0,3578,0.0
60.0,60,0.0
3578.0,3578,0.0
3578.0,3578,0.0
3578.0,3578,0.0
3578.0,3578,0.0
5.0,5,0.0
3012.5,3012,0.5
570.0,570,0.0
2985.5,2985,0.5
2981.0,2981,0.0
2998.5,2998,0.5
7.0,7,0.0
2998.5,2998,0.5
2989.0,2989,0.0
575.0,575,0.0
3578.0,3578,0.0
3578.0,3578,0.0
3578.0,3578,0.0
3578.0,3578,0.0
3578.0,3578,0.0
3578.0,3578,0.0
3578.0,3578,0.0
3578.0,3578,0.0
3578.0,3578,0.0
3578.0,3578,0.0
3578.0,3578,0.0
3578.0,3578,0.0
3578.0,3578,0.0
40.0,40,0.0
7.0,7,0.0
3578.0,3578,0.0
3578.0,3578,0.0
3578.0,3578,0.0
3578.0,3578,0.0
3578.0,3578,0.0
3578.0,3578,0.0
3578.0,3578,0.0
3578.0,3578,0.0
3578.0,3578,0.0
3578.0,3578,0.0
3578.0,3578,0.0
40.0,40,0.0
29.0,29,0.0
567.0,567,0.0
2998.5,2998,0.5
2998.5,2998,0.5
30.0,30,0.0
3008.0,3008,0.0
3057.5,3057,0.5
575.0,575,0.0
2992.5,2992,0.5
3578.0,3578,0.0
3578.0,3578,0.0
3578.0,3578,0.0
3578.0,3578,0.0
2419.0,2419,0.0
2419.0,2419,0.0
2384.0,2384,0.0
2419.0,2419,0.0
604.0,604,0.0
2398.0,2398,0.0
2462.0,2462,0.0
2398.0,2398,0.0
575.0,575,0.0
564.0,564,0.0
540.0,540,0.0
619.0,619,0.0
40.0,40,0.0
60.0,60,0.0
589.0,589,0.0
7.0,7,0.0
2408.0,2408,0.0
19.0,19,0.0
40.0,40,0.0
14.0,14,0.0
3578.0,3578,0.0
3578.0,3578,0.0
3578.0,3578,0.0
3008.0,3008,0.0
60.0,60,0.0
60.0,60,0.0
60.0,60,0.0
21.0,21,0.0
27.0,27,0.0
25.0,25,0.0
23.0,23,0.0
143.0,143,0.0
21.0,21,0.0
2988.0,2988,0.0
30.0,30,0.0
60.0,60,0.0
33.0,33,0.0
21.0,21,0.0
7.0,7,0.0
2999.0,2999,0.0
130.0,130,0.0
7.0,7,0.0
3030.5,3030,0.5
3013.0,3013,0.0
7.0,7,0.0
2988.0,2988,0.0
2981.0,2981,0.0
5.0,5,0.0
28.0,28,0.0
3008.0,3008,0.0
5.0,5,0.0
5.0,5,0.0
14.0,14,0.0
166.0,166,0.0
3025.5,3025,0.5
29.0,29,0.0
2988.0,2988,0.0
7.0,7,0.0
3059.0,3059,0.0
7.0,7,0.0
28.0,28,0.0
7.0,7,0.0
40.0,40,0.0
2998.5,2998,0.5
40.0,40,0.0
5.0,5,0.0
64.0,64,0.0
2998.5,2998,0.5
14.0,14,0.0
3578.0,3578,0.0
3578.0,3578,0.0
112.0,112,0.0
2981.0,2981,0.0
5.0,5,0.0
40.0,40,0.0
64.0,64,0.0
5.0,5,0.0
40.0,40,0.0
7.0,7,0.0
5.0,5,0.0
7.0,7,0.0
5.0,5,0.0
40.0,40,0.0
563.0,563,0.0
2998.5,2998,0.5
5.0,5,0.0
104.0,104,0.0
3019.5,3019,0.5
55.0,55,0.0
64.0,64,0.0
40.0,40,0.0
62.0,62,0.0
3578.0,3578,0.0
3578.0,3578,0.0
3578.0,3578,0.0
2998.5,2998,0.5
2985.5,2985,0.5
2414.0,2414,0.0
3578.0,3578,0.0
2.0,2,0.0
161.0,161,0.0
79.0,79,0.0
75.0,75,0.0
92.0,92,0.0
29.0,29,0.0
5.0,5,0.0
561.0,561,0.0
589.0,589,0.0
2419.0,2419,0.0
5.0,5,0.0
2393.0,2393,0.0
575.0,575,0.0
648.0,648,0.0
554.0,554,0.0
557.0,557,0.0
540.0,540,0.0
540.0,540,0.0
575.0,575,0.0
557.0,557,0.0
540.0,540,0.0
599.0,599,0.0
29.0,29,0.0
2384.0,2384,0.0
549.0,549,0.0
575.0,575,0.0
2442.0,2442,0.0
2407.0,2407,0.0
5.0,5,0.0
6.0,6,0.0
10.0,10,0.0
54.0,54,0.0
94.0,94,0.0
54.0,54,0.0
54.0,54,0.0
63.0,63,0.0
130.0,130,0.0
60.0,60,0.0
48.0,48,0.0
3578.0,3578,0.0
3578.0,3578,0.0
129.0,129,0.0
70.0,70,0.0
54.0,54,0.0
54.0,54,0.0
5.0,5,0.0
94.0,94,0.0
74.0,74,0.0
69.0,69,0.0
40.0,40,0.0
14.0,14,0.0
575.0,575,0.0
563.0,563,0.0
549.0,549,0.0
3578.0,3578,0.0
3578.0,3578,0.0
60.0,60,0.0
134.0,134,0.0
5.0,5,0.0
79.0,79,0.0
7.0,7,0.0
14.0,14,0.0
3578.0,3578,0.0
3578.0,3578,0.0
1170.0,1170,0.0
2433.0,2433,0.0
578.0,578,0.0
600.0,600,0.0
791.0,791,0.0
777.0,777,0.0
639.0,639,0.0
540.0,540,0.0
608.0,608,0.0
39.0,39,0.0
69.0,69,0.0
567.0,567,0.0
1134.0,1134,0.0
2433.0,2433,0.0
39.0,39,0.0
61.0,61,0.0
35.0,35,0.0
93.0,93,0.0
786.0,786,0.0
742.0,742,0.0
68.0,68,0.0
72.0,72,0.0
600.0,600,0.0
584.0,584,0.0
751.0,751,0.0
3400.0,3400,0.0
3375.0,3375,0.0
33.0,33,0.0
23.0,23,0.0
2269.5,2269,0.5
2277.5,2277,0.5
2277.0,2277,0.0
1155.0,1155,0.0
2419.0,2419,0.0
72.0,72,0.0
554.0,554,0.0
777.0,777,0.0
3375.0,3375,0.0
72.0,72,0.0
2419.0,2419,0.0
57.0,57,0.0
1155.0,1155,0.0
101.0,101,0.0
3375.0,3375,0.0
23.0,23,0.0
29.0,29,0.0
60.0,60,0.0
134.0,134,0.0
46.0,46,0.0
23.0,23,0.0
3400.0,3400,0.0
2428.0,2428,0.0
2442.0,2442,0.0
2426.0,2426,0.0
2269.5,2269,0.5
2282.0,2282,0.0
2267.0,2267,0.0
776.0,776,0.0
35.0,35,0.0
34.0,34,0.0
564.0,564,0.0
589.0,589,0.0
60.0,60,0.0
540.0,540,0.0
604.0,604,0.0
35.0,35,0.0
43.0,43,0.0
198.0,198,0.0
29.0,29,0.0
33.0,33,0.0
751.0,751,0.0
43.0,43,0.0
618.0,618,0.0
567.0,567,0.0
575.0,575,0.0
60.0,60,0.0
39.0,39,0.0
37.0,37,0.0
70.0,70,0.0
3375.0,3375,0.0
124.0,124,0.0
34.0,34,0.0
2398.0,2398,0.0
70.0,70,0.0
21.0,21,0.0
3375.0,3375,0.0
69.0,69,0.0
30.0,30,0.0
70.0,70,0.0
36.0,36,0.0
89.0,89,0.0
43.0,43,0.0
70.0,70,0.0
70.0,70,0.0
3375.0,3375,0.0
21.0,21,0.0
120.0,120,0.0
34.0,34,0.0
70.0,70,0.0
21.0,21,0.0
70.0,70,0.0
69.0,69,0.0
120.0,120,0.0
36.0,36,0.0
60.0,60,0.0
60.0,60,0.0
3400.0,3400,0.0
3375.0,3375,0.0
750.0,750,0.0
21.0,21,0.0
565.0,565,0.0
124.0,124,0.0
120.0,120,0.0
549.0,549,0.0
3375.0,3375,0.0
831.0,831,0.0
742.0,742,0.0
778.0,778,0.0
777.0,777,0.0
765.0,765,0.0
778.0,778,0.0
751.0,751,0.0
776.0,776,0.0
805.0,805,0.0
742.0,742,0.0
786.0,786,0.0
778.0,778,0.0
3375.0,3375,0.0
3375.0,3375,0.0
814.0,814,0.0
751.0,751,0.0
120.0,120,0.0
70.0,70,0.0
776.0,776,0.0
79.0,79,0.0
778.0,778,0.0
777.0,777,0.0
786.0,786,0.0
777.0,777,0.0
578.0,578,0.0
3375.0,3375,0.0
827.0,827,0.0
1606.5,1606,0.5
777.0,777,0.0
575.0,575,0.0
777.0,777,0.0
2071.0,2071,0.0
563.0,563,0.0
2049.0,2049,0.0
811.0,811,0.0
79.0,79,0.0
565.0,565,0.0
563.0,563,0.0
578.0,578,0.0
750.0,750,0.0
2049.0,2049,0.0
1613.0,1613,0.0
1164.0,1164,0.0
1198.0,1198,0.0
2433.0,2433,0.0
2398.0,2398,0.0
575.0,575,0.0
60.0,60,0.0
563.0,563,0.0
751.0,751,0.0
2049.0,2049,0.0
589.0,589,0.0
751.0,751,0.0
2071.0,2071,0.0
5.0,5,0.0
604.0,604,0.0
2433.0,2433,0.0
14.0,14,0.0
40.0,40,0.0
36.0,36,0.0
120.0,120,0.0
2049.0,2049,0.0
2049.0,2049,0.0
79.0,79,0.0
108.0,108,0.0
34.0,34,0.0
133.0,133,0.0
120.0,120,0.0
2049.0,2049,0.0
751.0,751,0.0
2418.0,2418,0.0
124.0,124,0.0
70.0,70,0.0
21.0,21,0.0
1608.0,1608,0.0
1155.0,1155,0.0
1134.0,1134,0.0
1155.0,1155,0.0
2419.0,2419,0.0
69.0,69,0.0
2049.0,2049,0.0
2071.0,2071,0.0
23.0,23,0.0
1609.0,1609,0.0
1198.0,1198,0.0
1174.0,1174,0.0
58.0,58,0.0
58.0,58,0.0
70.0,70,0.0
1145.0,1145,0.0
1602.0,1602,0.0
68.0,68,0.0
29.0,29,0.0
31.0,31,0.0
3578.0,3578,0.0
3578.0,3578,0.0
70.0,70,0.0
40.0,40,0.0
7.0,7,0.0
40.0,40,0.0
7.0,7,0.0
2396.5,2396,0.5
120.0,120,0.0
35.0,35,0.0
3578.0,3578,0.0
3578.0,3578,0.0
35.0,35,0.0
3578.0,3578,0.0
3578.0,3578,0.0
3578.0,3578,0.0
70.0,70,0.0
59.0,59,0.0
35.0,35,0.0
35.0,35,0.0
35.0,35,0.0
50.0,50,0.0
50.0,50,0.0
8.0,8,0.0
8.0,8,0.0
3578.0,3578,0.0
8.0,8,0.0
120.0,120,0.0
8.0,8,0.0
144.0,144,0.0
8.0,8,0.0
8.0,8,0.0
8.0,8,0.0
8.0,8,0.0
8.0,8,0.0
79.0,79,0.0
64.0,64,0.0
9.0,9,0.0
9.0,9,0.0
9.0,9,0.0
9.0,9,0.0
9.0,9,0.0
9.0,9,0.0
120.0,120,0.0
179.0,179,0.0
3578.0,3578,0.0
3578.0,3578,0.0
3578.0,3578,0.0
3578.0,3578,0.0
88.0,88,0.0
27.0,27,0.0
3578.0,3578,0.0
3578.0,3578,0.0
3578.0,3578,0.0
3578.0,3578,0.0
3578.0,3578,0.0
3578.0,3578,0.0
3578.0,3578,0.0
144.0,144,0.0
75.0,75,0.0
188.0,188,0.0
127.0,127,0.0
3578.0,3578,0.0
79.0,79,0.0
31.0,31,0.0
38.0,38,0.0
190.0,190,0.0
70.0,70,0.0
84.0,84,0.0
27.0,27,0.0
3578.0,3578,0.0
3578.0,3578,0.0
3578.0,3578,0.0
3578.0,3578,0.0
3578.0,3578,0.0
3578.0,3578,0.0
3578.0,3578,0.0
3578.0,3578,0.0
3578.0,3578,0.0
3578.0,3578,0.0
3578.0,3578,0.0
3578.0,3578,0.0
3578.0,3578,0.0
3578.0,3578,0.0
3578.0,3578,0.0
3578.0,3578,0.0
2443.0,2443,0.0
3578.0,3578,0.0
3578.0,3578,0.0
2413.5,2413,0.5
2443.0,2443,0.0
2396.5,2396,0.5
2426.0,2426,0.0
2411.0,2411,0.0
2185.0,2185,0.0
79.0,79,0.0
2182.0,2182,0.0
3578.0,3578,0.0
2160.0,2160,0.0
2177.5,2177,0.5
2189.5,2189,0.5
2214.5,2214,0.5
3578.0,3578,0.0
3578.0,3578,0.0
49.0,49,0.0
2168.5,2168,0.5
27.0,27,0.0
31.0,31,0.0
25.0,25,0.0
64.0,64,0.0
2049.0,2049,0.0
777.0,777,0.0
2049.0,2049,0.0
800.0,800,0.0
29.0,29,0.0
901.0,901,0.0
2049.0,2049,0.0
2049.0,2049,0.0
777.0,777,0.0
540.0,540,0.0
575.0,575,0.0
2393.0,2393,0.0
2419.0,2419,0.0
2428.0,2428,0.0
2452.0,2452,0.0
765.0,765,0.0
777.0,777,0.0
1170.0,1170,0.0
1155.0,1155,0.0
1193.0,1193,0.0
2419.0,2419,0.0
2419.0,2419,0.0
777.0,777,0.0
773.0,773,0.0
2071.0,2071,0.0
2071.0,2071,0.0
2419.0,2419,0.0
34.0,34,0.0
2071.0,2071,0.0
2393.0,2393,0.0
1602.0,1602,0.0
2433.0,2433,0.0
589.0,589,0.0
29.0,29,0.0
29.0,29,0.0
68.0,68,0.0
2384.0,2384,0.0
2419.0,2419,0.0
40.0,40,0.0
120.0,120,0.0
2419.0,2419,0.0
2049.0,2049,0.0
79.0,79,0.0
778.0,778,0.0
2071.0,2071,0.0
2049.0,2049,0.0
2452.0,2452,0.0
23.0,23,0.0
2452.0,2452,0.0
2419.0,2419,0.0
2407.0,2407,0.0
2419.0,2419,0.0
2420.0,2420,0.0
2071.0,2071,0.0
70.0,70,0.0
60.0,60,0.0
2049.0,2049,0.0
1595.5,1595,0.5
1169.0,1169,0.0
2428.0,2428,0.0
79.0,79,0.0
776.0,776,0.0
27.0,27,0.0
23.0,23,0.0
2398.0,2398,0.0
23.0,23,0.0
2049.0,2049,0.0
1606.5,1606,0.5
1620.0,1620,0.0
1155.0,1155,0.0
23.0,23,0.0
69.0,69,0.0
2407.0,2407,0.0
1609.0,1609,0.0
1305.5,1305,0.5
1301.5,1301,0.5
70.0,70,0.0
29.0,29,0.0
3578.0,3578,0.0
27.0,27,0.0
3578.0,3578,0.0
27.0,27,0.0
3578.0,3578,0.0
2443.0,2443,0.0
70.0,70,0.0
5.0,5,0.0
2164.5,2164,0.5
2177.5,2177,0.5
70.0,70,0.0
3578.0,3578,0.0
128.0,128,0.0
3578.0,3578,0.0
3578.0,3578,0.0
2.0,2,0.0
54.0,54,0.0
3578.0,3578,0.0
24.0,24,0.0
8.0,8,0.0
2.0,2,0.0
54.0,54,0.0
35.0,35,0.0
44.0,44,0.0
35.0,35,0.0
128.0,128,0.0
14.0,14,0.0
9.0,9,0.0
8.0,8,0.0
3578.0,3578,0.0
31.0,31,0.0
3578.0,3578,0.0
25.0,25,0.0
3578.0,3578,0.0
3578.0,3578,0.0
64.0,64,0.0
3578.0,3578,0.0
2443.0,2443,0.0
3578.0,3578,0.0
25.0,25,0.0
27.0,27,0.0
2443.0,2443,0.0
27.0,27,0.0
3578.0,3578,0.0
3578.0,3578,0.0
64.0,64,0.0
3578.0,3578,0.0
25.0,25,0.0
25.0,25,0.0
79.0,79,0.0
64.0,64,0.0
25.0,25,0.0
38.0,38,0.0
31.0,31,0.0
31.0,31,0.0
27.0,27,0.0
70.0,70,0.0
2182.0,2182,0.0
2182.0,2182,0.0
3578.0,3578,0.0
3578.0,3578,0.0
3578.0,3578,0.0
3578.0,3578,0.0
3578.0,3578,0.0
3578.0,3578,0.0
3578.0,3578,0.0
3578.0,3578,0.0
2164.5,2164,0.5
3578.0,3578,0.0
3578.0,3578,0.0
3578.0,3578,0.0
2182.0,2182,0.0
3578.0,3578,0.0
2443.0,2443,0.0
3578.0,3578,0.0
2443.0,2443,0.0
2182.0,2182,0.0
3578.0,3578,0.0
3578.0,3578,0.0
2199.0,2199,0.0
2167.0,2167,0.0
2196.5,2196,0.5
3578.0,3578,0.0
2168.5,2168,0.5
2160.0,2160,0.0
2160.0,2160,0.0
2177.5,2177,0.5
2182.0,2182,0.0
3578.0,3578,0.0
2443.0,2443,0.0
3578.0,3578,0.0
3578.0,3578,0.0
3578.0,3578,0.0
2177.5,2177,0.5
103.0,103,0.0
3578.0,3578,0.0
3578.0,3578,0.0
13.0,13,0.0
2177.5,2177,0.5
29.0,29,0.0
29.0,29,0.0
25.0,25,0.0
64.0,64,0.0
29.0,29,0.0
31.0,31,0.0
118.0,118,0.0
64.0,64,0.0
29.0,29,0.0
2177.5,2177,0.5
2167.0,2167,0.0
2207.0,2207,0.0
60.0,60,0.0
40.0,40,0.0
5.0,5,0.0
40.0,40,0.0
2476.0,2476,0.0
13.0,13,0.0
6.0,6,0.0
103.0,103,0.0
638.0,638,0.0
40.0,40,0.0
7.0,7,0.0
39.0,39,0.0
12.0,12,0.0
2235.0,2235,0.0
49.0,49,0.0
40.0,40,0.0
40.0,40,0.0
13.0,13,0.0
110.0,110,0.0
39.0,39,0.0
21.0,21,0.0
15.0,15,0.0
60.0,60,0.0
14.0,14,0.0
21.0,21,0.0
40.0,40,0.0
69.0,69,0.0
60.0,60,0.0
29.0,29,0.0
2443.0,2443,0.0
2530.0,2530,0.0
23.0,23,0.0
1424.0,1424,0.0
14.0,14,0.0
5.0,5,0.0
23.0,23,0.0
33.0,33,0.0
7.0,7,0.0
49.0,49,0.0
5.0,5,0.0
55.0,55,0.0
23.0,23,0.0
27.0,27,0.0
40.0,40,0.0
562.0,562,0.0
84.0,84,0.0
23.0,23,0.0
5.0,5,0.0
7.0,7,0.0
184.0,184,0.0
29.0,29,0.0
2393.0,2393,0.0
5.0,5,0.0
7.0,7,0.0
7.0,7,0.0
2419.0,2419,0.0
2473.0,2473,0.0
7.0,7,0.0
15.0,15,0.0
166.0,166,0.0
94.0,94,0.0
29.0,29,0.0
64.0,64,0.0
2419.0,2419,0.0
7.0,7,0.0
7.0,7,0.0
10.0,10,0.0
15.0,15,0.0
2393.0,2393,0.0
70.0,70,0.0
10.0,10,0.0
50.0,50,0.0
24.0,24,0.0
69.0,69,0.0
24.0,24,0.0
15.0,15,0.0
2419.0,2419,0.0
2473.0,2473,0.0
45.0,45,0.0
10.0,10,0.0
2473.0,2473,0.0
2462.0,2462,0.0
2393.0,2393,0.0
15.0,15,0.0
15.0,15,0.0
2419.0,2419,0.0
15.0,15,0.0
15.0,15,0.0
50.0,50,0.0
2478.0,2478,0.0
2477.0,2477,0.0
2398.0,2398,0.0
70.0,70,0.0
64.0,64,0.0
3578.0,3578,0.0
9.0,9,0.0
2.0,2,0.0
63.0,63,0.0
64.0,64,0.0
27.0,27,0.0
64.0,64,0.0
25.0,25,0.0
25.0,25,0.0
38.0,38,0.0
94.0,94,0.0
75.0,75,0.0
64.0,64,0.0
38.0,38,0.0
37.0,37,0.0
27.0,27,0.0
27.0,27,0.0
64.0,64,0.0
29.0,29,0.0
53.0,53,0.0
79.0,79,0.0
31.0,31,0.0
3578.0,3578,0.0
3578.0,3578,0.0
3578.0,3578,0.0
64.0,64,0.0
79.0,79,0.0
3578.0,3578,0.0
25.0,25,0.0
31.0,31,0.0
79.0,79,0.0
3578.0,3578,0.0
29.0,29,0.0
5.0,5,0.0
7.0,7,0.0
625.0,625,0.0
68.0,68,0.0
5.0,5,0.0
2160.0,2160,0.0
70.0,70,0.0
151.0,151,0.0
25.0,25,0.0
3578.0,3578,0.0
29.0,29,0.0
3578.0,3578,0.0
2167.0,2167,0.0
79.0,79,0.0
2182.0,2182,0.0
64.0,64,0.0
25.0,25,0.0
3578.0,3578,0.0
3578.0,3578,0.0
64.0,64,0.0
2177.5,2177,0.5
14.0,14,0.0
70.0,70,0.0
64.0,64,0.0
35.0,35,0.0
31.0,31,0.0
27.0,27,0.0
25.0,25,0.0
575.0,575,0.0
7.0,7,0.0
29.0,29,0.0
40.0,40,0.0
64.0,64,0.0
2194.5,2194,0.5
31.0,31,0.0
190.0,190,0.0
29.0,29,0.0
75.0,75,0.0
70.0,70,0.0
6.0,6,0.0
5.0,5,0.0
40.0,40,0.0
628.0,628,0.0
2420.0,2420,0.0
2447.0,2447,0.0
2160.0,2160,0.0
90.0,90,0.0
31.0,31,0.0
51.0,51,0.0
2177.5,2177,0.5
113.0,113,0.0
63.0,63,0.0
4.0,4,0.0
39.0,39,0.0
39.0,39,0.0
751.0,751,0.0
765.0,765,0.0
3578.0,3578,0.0
9.0,9,0.0
3578.0,3578,0.0
3578.0,3578,0.0
3578.0,3578,0.0
4.0,4,0.0
742.0,742,0.0
801.0,801,0.0
815.0,815,0.0
777.0,777,0.0
540.0,540,0.0
540.0,540,0.0
751.0,751,0.0
756.0,756,0.0
3578.0,3578,0.0
70.0,70,0.0
129.0,129,0.0
39.0,39,0.0
68.0,68,0.0
68.0,68,0.0
4.0,4,0.0
64.0,64,0.0
64.0,64,0.0
103.0,103,0.0
777.0,777,0.0
742.0,742,0.0
742.0,742,0.0
4.0,4,0.0
742.0,742,0.0
777.0,777,0.0
805.0,805,0.0
810.0,810,0.0
756.0,756,0.0
6.0,6,0.0
778.0,778,0.0
756.0,756,0.0
6.0,6,0.0
28.0,28,0.0
796.0,796,0.0
777.0,777,0.0
575.0,575,0.0
549.0,549,0.0
629.0,629,0.0
549.0,549,0.0
103.0,103,0.0
7.0,7,0.0
2384.0,2384,0.0
2419.0,2419,0.0
79.0,79,0.0
6.0,6,0.0
3578.0,3578,0.0
163.0,163,0.0
3578.0,3578,0.0
6.0,6,0.0
3578.0,3578,0.0
2194.5,2194,0.5
6.0,6,0.0
2453.0,2453,0.0
2384.0,2384,0.0
2407.0,2407,0.0
17.0,17,0.0
10.0,10,0.0
74.0,74,0.0
70.0,70,0.0
50.0,50,0.0
70.0,70,0.0
50.0,50,0.0
24.0,24,0.0
70.0,70,0.0
14.0,14,0.0
3578.0,3578,0.0
29.0,29,0.0
2174.5,2174,0.5
25.0,25,0.0
7.0,7,0.0
4.0,4,0.0
3578.0,3578,0.0
89.0,89,0.0
6.0,6,0.0
2182.0,2182,0.0
3578.0,3578,0.0
2419.0,2419,0.0
2187.0,2187,0.0
3578.0,3578,0.0
3578.0,3578,0.0
3578.0,3578,0.0
3578.0,3578,0.0
3578.0,3578,0.0
3578.0,3578,0.0
3578.0,3578,0.0
3578.0,3578,0.0
3578.0,3578,0.0
3578.0,3578,0.0
2443.0,2443,0.0
3578.0,3578,0.0
3578.0,3578,0.0
2182.0,2182,0.0
4.0,4,0.0
2182.0,2182,0.0
3578.0,3578,0.0
3578.0,3578,0.0
3578.0,3578,0.0
3578.0,3578,0.0
2443.0,2443,0.0
12.0,12,0.0
39.0,39,0.0
54.0,54,0.0
3578.0,3578,0.0
68.0,68,0.0
2407.0,2407,0.0
2167.0,2167,0.0
2182.0,2182,0.0
2171.5,2171,0.5
3578.0,3578,0.0
3578.0,3578,0.0
25.0,25,0.0
27.0,27,0.0
27.0,27,0.0
2167.0,2167,0.0
2167.0,2167,0.0
15.0,15,0.0
29.0,29,0.0
2452.0,2452,0.0
2393.0,2393,0.0
2452.0,2452,0.0
554.0,554,0.0
540.0,540,0.0
2393.0,2393,0.0
2420.0,2420,0.0
563.0,563,0.0
604.0,604,0.0
589.0,589,0.0
70.0,70,0.0
24.0,24,0.0
2447.0,2447,0.0
2393.0,2393,0.0
2419.0,2419,0.0
50.0,50,0.0
2419.0,2419,0.0
2419.0,2419,0.0
2438.0,2438,0.0
79.0,79,0.0
3578.0,3578,0.0
39.0,39,0.0
6.0,6,0.0
2167.0,2167,0.0
2160.0,2160,0.0
2167.0,2167,0.0
2160.0,2160,0.0
29.0,29,0.0
149.0,149,0.0
3578.0,3578,0.0
3578.0,3578,0.0
40.0,40,0.0
27.0,27,0.0
31.0,31,0.0
190.0,190,0.0
69.0,69,0.0
60.0,60,0.0
64.0,64,0.0
93.0,93,0.0
64.0,64,0.0
38.0,38,0.0
27.0,27,0.0
25.0,25,0.0
2160.0,2160,0.0
2187.0,2187,0.0
2177.5,2177,0.5
27.0,27,0.0
2160.0,2160,0.0
39.0,39,0.0
64.0,64,0.0
25.0,25,0.0
40.0,40,0.0
5.0,5,0.0
40.0,40,0.0
173.0,173,0.0
64.0,64,0.0
29.0,29,0.0
27.0,27,0.0
2164.5,2164,0.5
2177.5,2177,0.5
2199.0,2199,0.0
2171.5,2171,0.5
69.0,69,0.0
25.0,25,0.0
2177.5,2177,0.5
123.0,123,0.0
31.0,31,0.0
27.0,27,0.0
88.0,88,0.0
2447.0,2447,0.0
27.0,27,0.0
25.0,25,0.0
38.0,38,0.0
13.0,13,0.0
2194.5,2194,0.5
63.0,63,0.0
3578.0,3578,0.0
2194.5,2194,0.5
2393.0,2393,0.0
165.0,165,0.0
2164.5,2164,0.5
14.0,14,0.0
98.0,98,0.0
2160.0,2160,0.0
63.0,63,0.0
39.0,39,0.0
2192.0,2192,0.0
2160.0,2160,0.0
40.0,40,0.0
5.0,5,0.0
39.0,39,0.0
4.0,4,0.0
12.0,12,0.0
39.0,39,0.0
39.0,39,0.0
63.0,63,0.0
2239.5,2239,0.5
2164.5,2164,0.5
2164.5,2164,0.5
2419.0,2419,0.0
2177.5,2177,0.5
2198.5,2198,0.5
3578.0,3578,0.0
2443.0,2443,0.0
24.0,24,0.0
54.0,54,0.0
50.0,50,0.0
3578.0,3578,0.0
14.0,14,0.0
5.0,5,0.0
55.0,55,0.0
2433.0,2433,0.0
5.0,5,0.0
564.0,564,0.0
2393.0,2393,0.0
2384.0,2384,0.0
554.0,554,0.0
2384.0,2384,0.0
50.0,50,0.0
613.0,613,0.0
549.0,549,0.0
549.0,549,0.0
2419.0,2419,0.0
135.0,135,0.0
23.0,23,0.0
2419.0,2419,0.0
24.0,24,0.0
15.0,15,0.0
2384.0,2384,0.0
15.0,15,0.0
2438.0,2438,0.0
2419.0,2419,0.0
2419.0,2419,0.0
604.0,604,0.0
70.0,70,0.0
540.0,540,0.0
564.0,564,0.0
104.0,104,0.0
2433.0,2433,0.0
2438.0,2438,0.0
2384.0,2384,0.0
2447.0,2447,0.0
24.0,24,0.0
50.0,50,0.0
50.0,50,0.0
79.0,79,0.0
39.0,39,0.0
63.0,63,0.0
3578.0,3578,0.0
54.0,54,0.0
50.0,50,0.0
54.0,54,0.0
39.0,39,0.0
48.0,48,0.0
165.0,165,0.0
55.0,55,0.0
3578.0,3578,0.0
3578.0,3578,0.0
2182.0,2182,0.0
50.0,50,0.0
40.0,40,0.0
74.0,74,0.0
3578.0,3578,0.0
99.0,99,0.0
801.0,801,0.0
554.0,554,0.0
549.0,549,0.0
575.0,575,0.0
567.0,567,0.0
48.0,48,0.0
39.0,39,0.0
39.0,39,0.0
3578.0,3578,0.0
120.0,120,0.0
3578.0,3578,0.0
63.0,63,0.0
3578.0,3578,0.0
567.0,567,0.0
629.0,629,0.0
2398.0,2398,0.0
2384.0,2384,0.0
2453.0,2453,0.0
2418.0,2418,0.0
2071.0,2071,0.0
777.0,777,0.0
777.0,777,0.0
2049.0,2049,0.0
778.0,778,0.0
2419.0,2419,0.0
2419.0,2419,0.0
2422.0,2422,0.0
2422.0,2422,0.0
98.0,98,0.0
777.0,777,0.0
40.0,40,0.0
184.0,184,0.0
742.0,742,0.0
756.0,756,0.0
21.0,21,0.0
34.0,34,0.0
40.0,40,0.0
23.0,23,0.0
2071.0,2071,0.0
811.0,811,0.0
2384.0,2384,0.0
23.0,23,0.0
23.0,23,0.0
3400.0,3400,0.0
27.0,27,0.0
21.0,21,0.0
1319.0,1319,0.0
1294.5,1294,0.5
1294.5,1294,0.5
1975.0,1975,0.0
2393.0,2393,0.0
23.0,23,0.0
36.0,36,0.0
14.0,14,0.0
36.0,36,0.0
2049.0,2049,0.0
1982.0,1982,0.0
1968.0,1968,0.0
1996.5,1996,0.5
1224.0,1224,0.0
54.0,54,0.0
1996.0,1996,0.0
2049.0,2049,0.0
54.0,54,0.0
69.0,69,0.0
2452.0,2452,0.0
54.0,54,0.0
36.0,36,0.0
3400.0,3400,0.0
1224.0,1224,0.0
1335.5,1335,0.5
54.0,54,0.0
2071.0,2071,0.0
2049.0,2049,0.0
27.0,27,0.0
195.0,195,0.0
84.0,84,0.0
54.0,54,0.0
54.0,54,0.0
78.0,78,0.0
63.0,63,0.0
21.0,21,0.0
34.0,34,0.0
23.0,23,0.0
25.0,25,0.0
21.0,21,0.0
48.0,48,0.0
60.0,60,0.0
29.0,29,0.0
1250.0,1250,0.0
1307.0,1307,0.0
1289.0,1289,0.0
78.0,78,0.0
69.0,69,0.0
29.0,29,0.0
25.0,25,0.0
34.0,34,0.0
23.0,23,0.0
36.0,36,0.0
69.0,69,0.0
34.0,34,0.0
89.0,89,0.0
25.0,25,0.0
182.0,182,0.0
36.0,36,0.0
23.0,23,0.0
3400.0,3400,0.0
3400.0,3400,0.0
2049.0,2049,0.0
25.0,25,0.0
742.0,742,0.0
742.0,742,0.0
742.0,742,0.0
751.0,751,0.0
765.0,765,0.0
756.0,756,0.0
811.0,811,0.0
805.0,805,0.0
751.0,751,0.0
777.0,777,0.0
855.0,855,0.0
751.0,751,0.0
756.0,756,0.0
791.0,791,0.0
3375.0,3375,0.0
3375.0,3375,0.0
2428.0,2428,0.0
2393.0,2393,0.0
60.0,60,0.0
23.0,23,0.0
89.0,89,0.0
2419.0,2419,0.0
3375.0,3375,0.0
3400.0,3400,0.0
3400.0,3400,0.0
2428.0,2428,0.0
2398.0,2398,0.0
2049.0,2049,0.0
2442.0,2442,0.0
3375.0,3375,0.0
2049.0,2049,0.0
2049.0,2049,0.0
